tehsil_code,tehsil,district_code,district,province,mouzas,dd_id,dd_name,dd_district,match,dd_candidates
0071,FORT ABBAS (CHOLISTAN),999,CHOLISTAN,PUNJAB,46,9618217B32335001423443,Fort Abbas,BAHAWALNAGAR,contained,
0079,YAZMAN (CHOLISTAN),999,CHOLISTAN,PUNJAB,144,9618217B66821366213948,Yazman,BAHAWALPUR,contained,
0081,LIAQUATPUR (CHOLISTAN),999,CHOLISTAN,PUNJAB,133,9618217B37482241380967,Liaqat Pur,RAHIMYARKHAN,variant,
001,BANNU,001,BANNU DISTRICT,KHYBER PAKHTUNKHWA,176,9618217B86252139157568,Bannu,BANNU,exact_name,
002,DOMEL,001,BANNU DISTRICT,KHYBER PAKHTUNKHWA,17,9618217B66102957616794,Domel,BANNU,exact_name,
603,SUB-DIVISION WAZIR BANNU,001,BANNU DISTRICT,KHYBER PAKHTUNKHWA,158,9618217B86252139157568,Bannu,BANNU,contained,
637,BAKA KHEL,001,BANNU DISTRICT,KHYBER PAKHTUNKHWA,11,9618217B87633366072343,Fr Bannu,BANNU,parent,
638,MIRYAN,001,BANNU DISTRICT,KHYBER PAKHTUNKHWA,37,9618217B86252139157568,Bannu,BANNU,parent,
003,LAKKI MARWAT,002,LAKKI MARWAT DISTRICT,KHYBER PAKHTUNKHWA,103,9618217B28791527725555,Lakki Marwat,LAKKIMARWAT,exact_name,
004,SARAI NAURANG,002,LAKKI MARWAT DISTRICT,KHYBER PAKHTUNKHWA,66,9618217B19630672602920,Naurang,LAKKIMARWAT,contained,
604,SUB-DIVISION  BHETTANI LAKKI MARWAT,002,LAKKI MARWAT DISTRICT,KHYBER PAKHTUNKHWA,44,9618217B28791527725555,Lakki Marwat,LAKKIMARWAT,contained,
005,D.I.KHAN TEHSIL,003,DERA ISMAIL KHAN DISTRICT,KHYBER PAKHTUNKHWA,120,9618217B8526825785603,D.I.Khan,DERAISMAILKHAN,exact_name,
006,DARABAN TEHSIL,003,DERA ISMAIL KHAN DISTRICT,KHYBER PAKHTUNKHWA,41,9618217B74425880095030,Daraban,DERAISMAILKHAN,exact_name,
007,KULACHI TEHSIL,003,DERA ISMAIL KHAN DISTRICT,KHYBER PAKHTUNKHWA,26,9618217B58016841629421,Kulachi,DERAISMAILKHAN,exact_name,
008,PAHAR PUR TEHSIL,003,DERA ISMAIL KHAN DISTRICT,KHYBER PAKHTUNKHWA,88,9618217B57090337990309,Paharpur,DERAISMAILKHAN,exact_name,
009,PAROA,003,DERA ISMAIL KHAN DISTRICT,KHYBER PAKHTUNKHWA,112,9618217B16017881368538,Paroa,DERAISMAILKHAN,exact_name,
605,DRAZANDA SUB-DIVISION,003,DERA ISMAIL KHAN DISTRICT,KHYBER PAKHTUNKHWA,39,9618217B12477470393515,Fr D.I.Khan,DERAISMAILKHAN,parent,
010,TANK,004,TANK DISTRICT,KHYBER PAKHTUNKHWA,87,9618217B89518197918808,Tank,TANK,exact_name,
606,JANDOLA SUB-DIVISION,004,TANK DISTRICT,KHYBER PAKHTUNKHWA,13,9618217B51909263256707,Fr Tank,TANK,parent,
011,ABBOTTABAD TEHSIL,005,ABBOTTABAD DISTRICT,KHYBER PAKHTUNKHWA,176,9618217B58090762247590,Abbottabad,ABBOTTABAD,exact_name,
012,HAVELIAN,005,ABBOTTABAD DISTRICT,KHYBER PAKHTUNKHWA,72,9618217B10477128024963,Havelian,ABBOTTABAD,exact_name,
617,LORA,005,ABBOTTABAD DISTRICT,KHYBER PAKHTUNKHWA,37,9618217B58090762247590,Abbottabad,ABBOTTABAD,approx,
618,LOWER TANAWAL,005,ABBOTTABAD DISTRICT,KHYBER PAKHTUNKHWA,64,9618217B58090762247590,Abbottabad,ABBOTTABAD,approx,
013,ALLAI,006,BATAGRAM DISTRICT,KHYBER PAKHTUNKHWA,44,9618217B82118214800407,Alai,BATAGRAM,fuzzy_squashed,
014,BATAGRAM,006,BATAGRAM DISTRICT,KHYBER PAKHTUNKHWA,60,9618217B42013741972359,Batagram,BATAGRAM,exact_name,
015,GHAZI,007,HARIPUR DISTRICT,KHYBER PAKHTUNKHWA,67,9618217B18056507833425,Ghazi,HARIPUR,exact_name,
016,HARIPUR,007,HARIPUR DISTRICT,KHYBER PAKHTUNKHWA,203,9618217B53516127317768,Haripur,HARIPUR,exact_name,
619,KHANPUR,007,HARIPUR DISTRICT,KHYBER PAKHTUNKHWA,92,9618217B53516127317768,Haripur,HARIPUR,parent,
017,DASSU,008,KOHISTAN DISTRICT,KHYBER PAKHTUNKHWA,172,9618217B96945867102806,Dassu,KOHISTAN,exact_name,
018,KANDIA,008,KOHISTAN DISTRICT,KHYBER PAKHTUNKHWA,191,9618217B42691934354201,Kandia,KOHISTAN,exact_name,
654,HARBAN BHASHA,008,KOHISTAN DISTRICT,KHYBER PAKHTUNKHWA,40,9618217B96945867102806,Dassu,KOHISTAN,parent,
655,SEO,008,KOHISTAN DISTRICT,KHYBER PAKHTUNKHWA,102,9618217B96945867102806,Dassu,KOHISTAN,parent,
021,BALA KOT,009,MANSEHRA DISTRICT,KHYBER PAKHTUNKHWA,65,9618217B1796422743035,Balakot,MANSEHRA,exact_name,
022,MANSEHRA,009,MANSEHRA DISTRICT,KHYBER PAKHTUNKHWA,174,9618217B1764376648259,Mansehra,MANSEHRA,exact_name,
023,OGHI,009,MANSEHRA DISTRICT,KHYBER PAKHTUNKHWA,44,9618217B99515953512230,Oghi,MANSEHRA,exact_name,
615,DARBAND,009,MANSEHRA DISTRICT,KHYBER PAKHTUNKHWA,27,9618217B99515953512230,Oghi,MANSEHRA,approx,
616,BAFFA PAKHAL,009,MANSEHRA DISTRICT,KHYBER PAKHTUNKHWA,87,9618217B1764376648259,Mansehra,MANSEHRA,parent,
024,JUDBA TEHSIL,010,TORGHAR DISTRICT,KHYBER PAKHTUNKHWA,43,9618217B27486600301498,Torgher,TORGHAR,only_tehsil_in_district,
600,KANDER TEHSIL,010,TORGHAR DISTRICT,KHYBER PAKHTUNKHWA,54,9618217B27486600301498,Torgher,TORGHAR,only_tehsil_in_district,
025,HANGU,011,HANGU DISTRICT,KHYBER PAKHTUNKHWA,35,9618217B72358395847423,Hangu,HANGU,exact_name,
026,TAL,011,HANGU DISTRICT,KHYBER PAKHTUNKHWA,14,9618217B83339690098586,Tall,HANGU,contained,
027,BANDA DAUD SHAH,012,KARAK DISTRICT,KHYBER PAKHTUNKHWA,52,9618217B86538766181056,Banda Daud Shah,KARAK,exact_name,
028,KARAK,012,KARAK DISTRICT,KHYBER PAKHTUNKHWA,52,9618217B36434785765551,Karak,KARAK,exact_name,
029,TAKHT-E-NASRATI,012,KARAK DISTRICT,KHYBER PAKHTUNKHWA,15,9618217B28657250175694,Takht E Nasrati,KARAK,exact_name,
030,KOHAT TEHSIL,013,KOHAT DISTRICT,KHYBER PAKHTUNKHWA,97,9618217B37478017823501,Kohat,KOHAT,exact_name,
031,LACHI,013,KOHAT DISTRICT,KHYBER PAKHTUNKHWA,51,9618217B45474288177233,Lachi,KOHAT,exact_name,
607,TRIBAL AREA ADJ. KOHAT DISTRICT,013,KOHAT DISTRICT,KHYBER PAKHTUNKHWA,27,9618217B37478017823501,Kohat,KOHAT,contained,
032,DAGGAR (BUNER),014,BUNER DISTRICT,KHYBER PAKHTUNKHWA,50,9618217B69506225279330,Daggar,BUNER,contained,
033,GAGRA,014,BUNER DISTRICT,KHYBER PAKHTUNKHWA,55,9618217B56430132914599,Gagra,BUNER,exact_name,
034,KHADO KHEL,014,BUNER DISTRICT,KHYBER PAKHTUNKHWA,28,9618217B53498554126513,Khado Khel,BUNER,exact_name,
035,MANDANR,014,BUNER DISTRICT,KHYBER PAKHTUNKHWA,33,9618217B69506225279330,Daggar,BUNER,approx,
037,MASTUJ TEHSIL,015,CHITRAL UPPER,KHYBER PAKHTUNKHWA,88,9618217B15142704211186,Mastuj,CHITRAL,exact_name,
630,TORKHOW/MULKHOW TEHSIL,015,CHITRAL UPPER,KHYBER PAKHTUNKHWA,74,9618217B15142704211186,Mastuj,CHITRAL,parent,
038,ADENZAI SUB-DIVISION,016,LOWER DIR DISTRICT,KHYBER PAKHTUNKHWA,219,9618217B4451792369461,Adenzai,LOWERDIR,exact_name,
039,LAL QILA SUB-DIVISION,016,LOWER DIR DISTRICT,KHYBER PAKHTUNKHWA,162,9618217B49164558096656,Lalqilla,LOWERDIR,variant,
040,SAMARBAGH SUB-DIVISION,016,LOWER DIR DISTRICT,KHYBER PAKHTUNKHWA,338,9618217B88301409575294,Samarbagh(Barwa),LOWERDIR,contained,
041,TEMERGARA SUB-DIVISION,016,LOWER DIR DISTRICT,KHYBER PAKHTUNKHWA,388,9618217B87730202746425,Temergara,LOWERDIR,exact_name,
625,BATKHELA,017,MALAKAND PROTECTED AREA,KHYBER PAKHTUNKHWA,11,9618217B91992316601631,Swat Ranizai,MALAKAND,parent,
626,DARGAI,017,MALAKAND PROTECTED AREA,KHYBER PAKHTUNKHWA,17,9618217B54248563822765,Sam Ranizai,MALAKAND,parent,
627,THANA BAIZAI,017,MALAKAND PROTECTED AREA,KHYBER PAKHTUNKHWA,6,9618217B91992316601631,Swat Ranizai,MALAKAND,approx,
044,ALPURI,018,SHANGLA DISTRICT,KHYBER PAKHTUNKHWA,79,9618217B67800644266725,Alpuri,SHANGLA,exact_name,
045,PURAN,018,SHANGLA DISTRICT,KHYBER PAKHTUNKHWA,21,9618217B85285460066544,Puran,SHANGLA,exact_name,
596,BISHAM,018,SHANGLA DISTRICT,KHYBER PAKHTUNKHWA,11,9618217B47007823281887,Bisham,SHANGLA,exact_name,
046,BABUZAI,019,SWAT DISTRICT,KHYBER PAKHTUNKHWA,29,9618217B96227356091196,Babuzai,SWAT,exact_name,
047,BEHRAIN,019,SWAT DISTRICT,KHYBER PAKHTUNKHWA,35,9618217B66331326355874,Bahrain,SWAT,fuzzy_squashed,
048,BARIKOT,019,SWAT DISTRICT,KHYBER PAKHTUNKHWA,13,9618217B68002200879702,Barikot,SWAT,exact_name,
049,CHARBAGH,019,SWAT DISTRICT,KHYBER PAKHTUNKHWA,16,9618217B24557098667068,Charbagh,SWAT,exact_name,
050,KABAL,019,SWAT DISTRICT,KHYBER PAKHTUNKHWA,35,9618217B36757297695869,Kabal,SWAT,exact_name,
051,KHAWAZAKHELA,019,SWAT DISTRICT,KHYBER PAKHTUNKHWA,29,9618217B23020330942802,Khawaza Khela,SWAT,exact_name,
052,MATTA,019,SWAT DISTRICT,KHYBER PAKHTUNKHWA,39,9618217B40124352215218,Matta,SWAT,exact_name,
656,SWAT,019,SWAT DISTRICT,KHYBER PAKHTUNKHWA,16,9618217B96227356091196,Babuzai,SWAT,approx,
053,DIR SUB-DIVISION,020,UPPER DIR DISTRICT,KHYBER PAKHTUNKHWA,260,9618217B75611380767926,Dir,UPPERDIR,exact_name,
054,SHARINGAL SUB-DIVISION,020,UPPER DIR DISTRICT,KHYBER PAKHTUNKHWA,175,9618217B41054895723693,Sharingal,UPPERDIR,exact_name,
055,WARI SUB-DIVISION,020,UPPER DIR DISTRICT,KHYBER PAKHTUNKHWA,222,9618217B67850657595713,Wari,UPPERDIR,exact_name,
056,KATLANG,021,MARDAN DISTRICT,KHYBER PAKHTUNKHWA,29,9618217B26511611890245,Katlang,MARDAN,exact_name,
057,MARDAN,021,MARDAN DISTRICT,KHYBER PAKHTUNKHWA,51,9618217B99815948205781,Mardan,MARDAN,exact_name,
058,TAKHT BHAI,021,MARDAN DISTRICT,KHYBER PAKHTUNKHWA,38,9618217B56941601966296,Takht Bhai,MARDAN,exact_name,
623,RUSTAM SUDHAM,021,MARDAN DISTRICT,KHYBER PAKHTUNKHWA,36,9618217B26511611890245,Katlang,MARDAN,approx,
635,GARHI KAPURA,021,MARDAN DISTRICT,KHYBER PAKHTUNKHWA,18,9618217B56941601966296,Takht Bhai,MARDAN,parent,
059,LAHORE (CHOUTA),022,SWABI DISTRICT,KHYBER PAKHTUNKHWA,34,9618217B21660428778225,Lahor,SWABI,contained,
060,RAZAR,022,SWABI DISTRICT,KHYBER PAKHTUNKHWA,35,9618217B51199303566894,Razar,SWABI,exact_name,
061,SWABI,022,SWABI DISTRICT,KHYBER PAKHTUNKHWA,27,9618217B86482218713484,Swabi,SWABI,exact_name,
062,TOPI,022,SWABI DISTRICT,KHYBER PAKHTUNKHWA,61,9618217B62060167615722,Topi,SWABI,exact_name,
063,CHARSADDA,023,CHARSADDA DISTRICT,KHYBER PAKHTUNKHWA,103,9618217B75469142361220,Charsadda,CHARSADDA,exact_name,
064,SHABQADAR,023,CHARSADDA DISTRICT,KHYBER PAKHTUNKHWA,48,9618217B19186468029110,Shabqadar,CHARSADDA,exact_name,
065,TANGI,023,CHARSADDA DISTRICT,KHYBER PAKHTUNKHWA,54,9618217B49069937374752,Tangi,CHARSADDA,exact_name,
066,NOWSHERA TEHSIL,024,NOWSHERA DISTRICT,KHYBER PAKHTUNKHWA,60,9618217B14540535558764,Nowshera,NOWSHERA,exact_name,
067,PABBI,024,NOWSHERA DISTRICT,KHYBER PAKHTUNKHWA,54,9618217B85805369832497,Pabbi,NOWSHERA,exact_name,
546,JEHANGIRA,024,NOWSHERA DISTRICT,KHYBER PAKHTUNKHWA,45,9618217B14540535558764,Nowshera,NOWSHERA,approx,
608,HASSAN KHEL SUB-DIVISION,025,PESHAWAR DISTRICT,KHYBER PAKHTUNKHWA,39,9618217B72269656705038,Fr Peshawar,PESHAWAR,parent,
639,MATTANI,025,PESHAWAR DISTRICT,KHYBER PAKHTUNKHWA,30,9618217B72269656705038,Fr Peshawar,PESHAWAR,approx,
640,PESHAWAR CANTT,025,PESHAWAR DISTRICT,KHYBER PAKHTUNKHWA,33,9618217B11440538053000,Peshawar Cantonment,PESHAWAR,fuzzy,
641,PESHAWAR CITY,025,PESHAWAR DISTRICT,KHYBER PAKHTUNKHWA,50,9618217B32153440891541,Peshawar I,PESHAWAR,fuzzy_squashed,
642,SHAH ALAM,025,PESHAWAR DISTRICT,KHYBER PAKHTUNKHWA,166,9618217B71604704168129,Peshawar Iv,PESHAWAR,approx,
448,BAR CHAMER KAND TEHSIL,115,BAJAUR DISTRICT,KHYBER PAKHTUNKHWA,7,9618217B38361138378149,Bar Chamarkand,BAJAURAGENCY,variant,
449,BARANG TEHSIL,115,BAJAUR DISTRICT,KHYBER PAKHTUNKHWA,54,9618217B27103402875346,Barang,BAJAURAGENCY,exact_name,
450,KHAR BAJAUR TEHSIL,115,BAJAUR DISTRICT,KHYBER PAKHTUNKHWA,86,9618217B31254576320005,Khar,BAJAURAGENCY,contained,
451,MAMUND TEHSIL,115,BAJAUR DISTRICT,KHYBER PAKHTUNKHWA,117,9618217B90172425710539,Mamund,BAJAURAGENCY,exact_name,
452,NAWAGAI TEHSIL,115,BAJAUR DISTRICT,KHYBER PAKHTUNKHWA,49,9618217B6749340310851,Nawagai,BAJAURAGENCY,exact_name,
453,SALARZAI TEHSIL,115,BAJAUR DISTRICT,KHYBER PAKHTUNKHWA,224,9618217B53890861075426,Salarzai,BAJAURAGENCY,exact_name,
454,UTMAN KHEL TEHSIL,115,BAJAUR DISTRICT,KHYBER PAKHTUNKHWA,60,9618217B58376820156413,Utman Khel,BAJAURAGENCY,exact_name,
455,BARA TEHSIL,116,KHYBER DISTRICT,KHYBER PAKHTUNKHWA,64,9618217B27388776429495,Bara,KHYBERAGENCY,exact_name,
456,JAMRUD TEHSIL,116,KHYBER DISTRICT,KHYBER PAKHTUNKHWA,17,9618217B97741945610446,Jamrud,KHYBERAGENCY,exact_name,
457,LANDI KOTAL TEHSIL,116,KHYBER DISTRICT,KHYBER PAKHTUNKHWA,21,9618217B35987854225863,Landi Kotal,KHYBERAGENCY,exact_name,
458,MULLA GORI TEHSIL,116,KHYBER DISTRICT,KHYBER PAKHTUNKHWA,12,9618217B97741945610446,Jamrud,KHYBERAGENCY,approx,
459,CENTRAL KURRAM F.R,117,KURRAM DISTRICT,KHYBER PAKHTUNKHWA,143,9618217B69891825710142,Central Kurram,KURRAMAGENCY,contained,
460,LOWER KURRAM TEHSIL,117,KURRAM DISTRICT,KHYBER PAKHTUNKHWA,51,9618217B46030390609191,Lower Kurram,KURRAMAGENCY,exact_name,
461,UPPER KURRAM TEHSIL,117,KURRAM DISTRICT,KHYBER PAKHTUNKHWA,113,9618217B79241141393082,Upper Kurram,KURRAMAGENCY,exact_name,
462,AMBAR UTMAN KHEL TEHSIL,118,MOHMAND DISTRICT,KHYBER PAKHTUNKHWA,12,9618217B21414584218612,Ambar Utman Khel,MOHMANDAGENCY,exact_name,
463,HALIM ZAI TEHSIL,118,MOHMAND DISTRICT,KHYBER PAKHTUNKHWA,12,9618217B16065617100671,Halimzai,MOHMANDAGENCY,exact_name,
464,PINDIALI TEHSIL,118,MOHMAND DISTRICT,KHYBER PAKHTUNKHWA,19,9618217B45853598456335,Pindiali,MOHMANDAGENCY,exact_name,
465,PRANG GHAR TEHSIL,118,MOHMAND DISTRICT,KHYBER PAKHTUNKHWA,6,9618217B7430750340481,Prang Ghar,MOHMANDAGENCY,exact_name,
466,SAFI TEHSIL,118,MOHMAND DISTRICT,KHYBER PAKHTUNKHWA,4,9618217B32259055898287,Safi,MOHMANDAGENCY,exact_name,
467,UPPER MOHMAND TEHSIL,118,MOHMAND DISTRICT,KHYBER PAKHTUNKHWA,6,9618217B63558675564153,Upper Momand,MOHMANDAGENCY,variant,
468,YAKE GHUND TEHSIL,118,MOHMAND DISTRICT,KHYBER PAKHTUNKHWA,13,9618217B82493190371101,Yaka Ghund,MOHMANDAGENCY,variant,
613,MOHMAND AGENCY,118,MOHMAND DISTRICT,KHYBER PAKHTUNKHWA,1,9618217B16065617100671,Halimzai,MOHMANDAGENCY,approx,
469,DATTA KHEL TEHSIL,119,NORTH WAZIRISTAN DISTRICT,KHYBER PAKHTUNKHWA,70,9618217B11986805554587,Data Khel,NORTHWAZIRISTANAGENCY,variant,
470,DOSSALI TEHSIL,119,NORTH WAZIRISTAN DISTRICT,KHYBER PAKHTUNKHWA,8,9618217B46789655633865,Dossali,NORTHWAZIRISTANAGENCY,exact_name,
471,GHARYUM TEHSIL,119,NORTH WAZIRISTAN DISTRICT,KHYBER PAKHTUNKHWA,6,9618217B50320195799158,Garyum,NORTHWAZIRISTANAGENCY,variant,
472,GHULAM KHAN TEHSIL,119,NORTH WAZIRISTAN DISTRICT,KHYBER PAKHTUNKHWA,9,9618217B55129572621582,Ghulam Khan,NORTHWAZIRISTANAGENCY,exact_name,
473,MIR ALI TEHSIL,119,NORTH WAZIRISTAN DISTRICT,KHYBER PAKHTUNKHWA,23,9618217B16260546865970,Mir Ali,NORTHWAZIRISTANAGENCY,exact_name,
474,MIRAN SHAH TEHSIL,119,NORTH WAZIRISTAN DISTRICT,KHYBER PAKHTUNKHWA,21,9618217B14052675855393,Miran Shah,NORTHWAZIRISTANAGENCY,exact_name,
475,RAZMAK TEHSIL,119,NORTH WAZIRISTAN DISTRICT,KHYBER PAKHTUNKHWA,20,9618217B43456602867297,Razmak,NORTHWAZIRISTANAGENCY,exact_name,
476,SHEWA TEHSIL,119,NORTH WAZIRISTAN DISTRICT,KHYBER PAKHTUNKHWA,4,9618217B60416920570962,Shewa,NORTHWAZIRISTANAGENCY,exact_name,
477,SPINWAM TEHSIL,119,NORTH WAZIRISTAN DISTRICT,KHYBER PAKHTUNKHWA,8,9618217B25033373041510,Spinwam,NORTHWAZIRISTANAGENCY,exact_name,
478,CENTRAL TEHSIL,120,ORAKZAI DISTRICT,KHYBER PAKHTUNKHWA,7,9618217B82128272858403,Central Orakzai,ORAKZAIAGENCY,contained,
479,ISMAIL ZAI TEHSIL,120,ORAKZAI DISTRICT,KHYBER PAKHTUNKHWA,18,9618217B45377904205919,Ismailzai,ORAKZAIAGENCY,exact_name,
480,LOWER TEHSIL,120,ORAKZAI DISTRICT,KHYBER PAKHTUNKHWA,33,9618217B73791785557213,Lower Orakzai,ORAKZAIAGENCY,contained,
481,UPPER TEHSIL,120,ORAKZAI DISTRICT,KHYBER PAKHTUNKHWA,15,9618217B17002531383252,Upper Orakzai,ORAKZAIAGENCY,contained,
482,BIRMIL TEHSIL,121,SOUTH WAZIRISTAN DISTRICT,KHYBER PAKHTUNKHWA,52,9618217B26139173506241,Birmal,SOUTHWAZIRISTANAGENCY,variant,
483,LADHA TEHSIL,121,SOUTH WAZIRISTAN DISTRICT,KHYBER PAKHTUNKHWA,82,9618217B16932570993763,Ladha,SOUTHWAZIRISTANAGENCY,exact_name,
484,MAKIN TEHSIL,121,SOUTH WAZIRISTAN DISTRICT,KHYBER PAKHTUNKHWA,31,9618217B3793228482505,Makin,SOUTHWAZIRISTANAGENCY,exact_name,
485,SARAROGHA TEHSIL,121,SOUTH WAZIRISTAN DISTRICT,KHYBER PAKHTUNKHWA,88,9618217B61234163758742,Saraogha,SOUTHWAZIRISTANAGENCY,variant,
486,SERWEKAI TEHSIL,121,SOUTH WAZIRISTAN DISTRICT,KHYBER PAKHTUNKHWA,25,9618217B82679427642430,Serwekai,SOUTHWAZIRISTANAGENCY,exact_name,
487,TIARZA TEHSIL,121,SOUTH WAZIRISTAN DISTRICT,KHYBER PAKHTUNKHWA,19,9618217B34807773497614,Tiarza,SOUTHWAZIRISTANAGENCY,exact_name,
488,TOI KHULLA TEHSIL,121,SOUTH WAZIRISTAN DISTRICT,KHYBER PAKHTUNKHWA,9,9618217B6011346458997,Toi Khulla,SOUTHWAZIRISTANAGENCY,exact_name,
489,WANA TEHSIL,121,SOUTH WAZIRISTAN DISTRICT,KHYBER PAKHTUNKHWA,72,9618217B60532697515425,Wana,SOUTHWAZIRISTANAGENCY,exact_name,
036,CHITRAL TEHSIL,166,CHITRAL LOWER,KHYBER PAKHTUNKHWA,200,9618217B14913426707390,Chitral,CHITRAL,exact_name,
629,DROSH TEHSIL,166,CHITRAL LOWER,KHYBER PAKHTUNKHWA,134,9618217B14913426707390,Chitral,CHITRAL,parent,
020,PATTAN,167,LOWER KOHISTAN,KHYBER PAKHTUNKHWA,230,9618217B74983796043949,Pattan,KOHISTAN,exact_name,
660,BANKAD,167,LOWER KOHISTAN,KHYBER PAKHTUNKHWA,195,9618217B74983796043949,Pattan,KOHISTAN,parent,
019,PALAS,168,KOLAI PALAS KOHISTAN,KHYBER PAKHTUNKHWA,363,9618217B98955281089867,Palas,KOHISTAN,exact_name,
661,BATERA,168,KOLAI PALAS KOHISTAN,KHYBER PAKHTUNKHWA,185,9618217B98955281089867,Palas,KOHISTAN,parent,
069,BAHAWALNAGAR,026,BAHAWALNAGAR DISTRICT,PUNJAB,245,9618217B66715726514164,Bahawalnagar,BAHAWALNAGAR,exact_name,
070,CHISHTIAN,026,BAHAWALNAGAR DISTRICT,PUNJAB,221,9618217B28318758204703,Chishtian,BAHAWALNAGAR,exact_name,
071,FORT ABBAS,026,BAHAWALNAGAR DISTRICT,PUNJAB,169,9618217B32335001423443,Fort Abbas,BAHAWALNAGAR,exact_name,
072,HAROONABAD,026,BAHAWALNAGAR DISTRICT,PUNJAB,187,9618217B64963445448677,Haroonabad,BAHAWALNAGAR,exact_name,
073,MINCHINABAD,026,BAHAWALNAGAR DISTRICT,PUNJAB,272,9618217B99235874147506,Minchinabad,BAHAWALNAGAR,exact_name,
074,AHMADPUR EAST,027,BAHAWALPUR DISTRICT,PUNJAB,187,9618217B72387286824542,Ahmadpur East,BAHAWALPUR,exact_name,
075,BAHAWALPUR CITY,027,BAHAWALPUR DISTRICT,PUNJAB,43,9618217B62144943216166,Bahawalpur,BAHAWALPUR,exact_name,
077,HASILPUR,027,BAHAWALPUR DISTRICT,PUNJAB,115,9618217B38710441468568,Hasilpur,BAHAWALPUR,exact_name,
078,KHAIRPUR TAMEWALI,027,BAHAWALPUR DISTRICT,PUNJAB,107,9618217B97721699112019,Khairpur Tamewali,BAHAWALPUR,exact_name,
079,YAZMAN,027,BAHAWALPUR DISTRICT,PUNJAB,140,9618217B66821366213948,Yazman,BAHAWALPUR,exact_name,
602,BAHAWALPUR SADDAR,027,BAHAWALPUR DISTRICT,PUNJAB,115,9618217B62144943216166,Bahawalpur,BAHAWALPUR,parent,
080,KHANPUR,028,RAHIM YAR KHAN DISTRICT,PUNJAB,261,9618217B15784467436654,Khan Pur,RAHIMYARKHAN,exact_name,
081,LIAQUATPUR,028,RAHIM YAR KHAN DISTRICT,PUNJAB,210,9618217B37482241380967,Liaqat Pur,RAHIMYARKHAN,variant,
082,RAHIM YAR KHAN,028,RAHIM YAR KHAN DISTRICT,PUNJAB,322,9618217B89186195387307,Rahim Yar Khan,RAHIMYARKHAN,exact_name,
083,SADIQABAD,028,RAHIM YAR KHAN DISTRICT,PUNJAB,319,9618217B8498662451827,Sadiqabad,RAHIMYARKHAN,exact_name,
084,DE-EXCLUDED AREA D.G KHAN,029,DERA GHAZI KHAN DISTRICT,PUNJAB,335,9618217B85950255786241,De-Excluded Area D.G.Khan,DERAGHAZIKHAN,exact_name,
085,DERA GHAZI KHAN,029,DERA GHAZI KHAN DISTRICT,PUNJAB,178,9618217B12999720718980,Dera Ghazi Khan,DERAGHAZIKHAN,exact_name,
086,KOT CHHUTTA,029,DERA GHAZI KHAN DISTRICT,PUNJAB,119,9618217B12999720718980,Dera Ghazi Khan,DERAGHAZIKHAN,parent,
087,TAUNSA,029,DERA GHAZI KHAN DISTRICT,PUNJAB,197,9618217B56078178956611,Taunsa,DERAGHAZIKHAN,exact_name,
088,CHOUBARA,030,LAYYAH DISTRICT,PUNJAB,164,9618217B97282778757668,Chaubara,LAYYAH,fuzzy_squashed,
089,KAROR LAL ESAN,030,LAYYAH DISTRICT,PUNJAB,237,9618217B25737601938543,Karor Lal Esan,LAYYAH,exact_name,
090,LAYYAH,030,LAYYAH DISTRICT,PUNJAB,325,9618217B94010131906460,Layyah,LAYYAH,exact_name,
091,ALIPUR,031,MUZAFFARGARH DISTRICT,PUNJAB,124,9618217B236770974659,Alipur,MUZAFFARGARH,exact_name,
092,JATOI,031,MUZAFFARGARH DISTRICT,PUNJAB,93,9618217B43446493864836,Jatoi,MUZAFFARGARH,exact_name,
093,KOT ADDU,031,MUZAFFARGARH DISTRICT,PUNJAB,340,9618217B46714791587847,Kot Addu,MUZAFFARGARH,exact_name,
094,MUZAFFARGARH,031,MUZAFFARGARH DISTRICT,PUNJAB,426,9618217B91139491095405,Muzaffargarh,MUZAFFARGARH,exact_name,
095,DE-EXCLUDED AREA RAJANPUR,032,RAJANPUR DISTRICT,PUNJAB,43,9618217B9124043146420,De-Excluded Area Rajanpur,RAJANPUR,exact_name,
096,JAMPUR,032,RAJANPUR DISTRICT,PUNJAB,183,9618217B75708704472060,Jampur,RAJANPUR,exact_name,
097,RAJANPUR,032,RAJANPUR DISTRICT,PUNJAB,219,9618217B96724689949262,Rajanpur,RAJANPUR,exact_name,
098,ROJHAN,032,RAJANPUR DISTRICT,PUNJAB,89,9618217B59000817640305,Rojhan,RAJANPUR,exact_name,
099,BHAWANA,033,CHINIOT DISTRICT,PUNJAB,109,9618217B38138021064938,Bhawana,CHINIOT,exact_name,
100,CHINIOT,033,CHINIOT DISTRICT,PUNJAB,115,9618217B24634136652115,Chiniot,CHINIOT,exact_name,
101,LALIAN,033,CHINIOT DISTRICT,PUNJAB,138,9618217B62286570878948,Lalian,CHINIOT,exact_name,
102,CHAK JHUMRA,034,FAISALABAD DISTRICT,PUNJAB,68,9618217B96433352493749,Chak Jhumra,FAISALABAD,exact_name,
103,FAISALABAD CITY,034,FAISALABAD DISTRICT,PUNJAB,26,9618217B49237159452791,Faisalabad City,FAISALABAD,exact_name,
104,FAISALABAD SADAR,034,FAISALABAD DISTRICT,PUNJAB,174,9618217B49237159452791,Faisalabad City,FAISALABAD,contained,
105,JARANWALA,034,FAISALABAD DISTRICT,PUNJAB,263,9618217B34983463675633,Jaranwala,FAISALABAD,exact_name,
106,SAMMUNDRI,034,FAISALABAD DISTRICT,PUNJAB,130,9618217B59102898761017,Samundari,FAISALABAD,fuzzy_squashed,
107,TANDLIAN WALA,034,FAISALABAD DISTRICT,PUNJAB,181,9618217B47443696449960,Tandlianwala,FAISALABAD,exact_name,
108,18-HAZARI,035,JHANG DISTRICT,PUNJAB,118,9618217B97650349828759,18-Hazari,JHANG,exact_name,
109,AHMADPUR SIAL,035,JHANG DISTRICT,PUNJAB,106,9618217B8917693813131,Ahmedpur Sial,JHANG,fuzzy_squashed,
110,JHANG,035,JHANG DISTRICT,PUNJAB,373,9618217B12490857325853,Jhang,JHANG,exact_name,
111,SHORKOT,035,JHANG DISTRICT,PUNJAB,127,9618217B73902443176892,Shorkot,JHANG,exact_name,
112,GOJRA,036,TOBA TEK SINGH DISTRICT,PUNJAB,132,9618217B50459917366598,Gojra,TOBATEKSINGH,exact_name,
113,KAMALIA,036,TOBA TEK SINGH DISTRICT,PUNJAB,111,9618217B66803850841385,Kamalia,TOBATEKSINGH,exact_name,
115,PIRMAHAL,036,TOBA TEK SINGH DISTRICT,PUNJAB,133,9618217B66803850841385,Kamalia,TOBATEKSINGH,parent,
116,TOBA TEK SINGH,036,TOBA TEK SINGH DISTRICT,PUNJAB,168,9618217B75645786673360,Toba Tek Singh,TOBATEKSINGH,exact_name,
117,GUJRANWALA CITY,037,GUJRANWALA DISTRICT,PUNJAB,26,9618217B3934260130404,Gujranwala,GUJRANWALA,exact_name,
118,GUJRANWALA SADDAR,037,GUJRANWALA DISTRICT,PUNJAB,195,9618217B3934260130404,Gujranwala,GUJRANWALA,parent,
119,KAMOKE,037,GUJRANWALA DISTRICT,PUNJAB,170,9618217B79627750692708,Kamoke,GUJRANWALA,exact_name,
120,NOWSHERA VIRKAN,037,GUJRANWALA DISTRICT,PUNJAB,183,9618217B8960364895621,Nowshera Virkhan,GUJRANWALA,fuzzy_squashed,
121,WAZIRABAD,037,GUJRANWALA DISTRICT,PUNJAB,262,9618217B81659950936026,Wazirabad,GUJRANWALA,exact_name,
122,GUJRAT,038,GUJRAT DISTRICT,PUNJAB,540,9618217B61923659220021,Gujrat,GUJRAT,exact_name,
123,KHARIAN,038,GUJRAT DISTRICT,PUNJAB,433,9618217B29572971440693,Kharian,GUJRAT,exact_name,
124,SARAI ALAMGIR,038,GUJRAT DISTRICT,PUNJAB,111,9618217B44942663525229,Sarai Alamgir,GUJRAT,exact_name,
125,HAFIZABAD,039,HAFIZABAD DISTRICT,PUNJAB,218,9618217B14601730863516,Hafizabad,HAFIZABAD,exact_name,
126,PINDI BHATTIAN,039,HAFIZABAD DISTRICT,PUNJAB,204,9618217B88762426965199,Pindi Bhattian,HAFIZABAD,exact_name,
127,MALAKWAL,040,MANDI BAHAUDDIN DISTRICT,PUNJAB,84,9618217B9300245059383,Malakwal,MANDIBAHAUDDIN,exact_name,
128,MANDI BAHAUDDIN,040,MANDI BAHAUDDIN DISTRICT,PUNJAB,116,9618217B95869385333709,Mandi Bahauddin,MANDIBAHAUDDIN,exact_name,
129,PHALIA,040,MANDI BAHAUDDIN DISTRICT,PUNJAB,233,9618217B39885459266624,Phalia,MANDIBAHAUDDIN,exact_name,
130,NAROWAL,041,NAROWAL DISTRICT,PUNJAB,380,9618217B85928513118667,Narowal,NAROWAL,exact_name,
131,SHAKARGARH,041,NAROWAL DISTRICT,PUNJAB,615,9618217B39920522607459,Shakargarh,NAROWAL,exact_name,
132,ZAFARWAL,041,NAROWAL DISTRICT,PUNJAB,321,9618217B81306509319870,Zafarwal,NAROWAL,exact_name,
133,DASKA TEHSIL,042,SIALKOT DISTRICT,PUNJAB,250,9618217B49647722436552,Daska,SIALKOT,exact_name,
134,PASROOR TEHSIL,042,SIALKOT DISTRICT,PUNJAB,597,9618217B59820493505708,Pasrur,SIALKOT,variant,
135,SAMBRIAL TEHSIL,042,SIALKOT DISTRICT,PUNJAB,155,9618217B70438886719057,Sambrial,SIALKOT,exact_name,
136,SIALKOT TEHSIL,042,SIALKOT DISTRICT,PUNJAB,576,9618217B70755531760277,Sialkot,SIALKOT,exact_name,
137,CHUNIAN,043,KASUR DISTRICT,PUNJAB,186,9618217B67240081969707,Chunian,KASUR,exact_name,
138,KASUR,043,KASUR DISTRICT,PUNJAB,242,9618217B57329099303802,Kasur,KASUR,exact_name,
139,KOT RADHA KISHON,043,KASUR DISTRICT,PUNJAB,72,9618217B52082409863754,Kot Radha Kishan,KASUR,fuzzy_squashed,
140,PATTOKI,043,KASUR DISTRICT,PUNJAB,141,9618217B53639078484691,Pattoki,KASUR,exact_name,
141,LAHORE CANTT,044,LAHORE DISTRICT,PUNJAB,97,9618217B49075471599752,Lahore Cantt,LAHORE,exact_name,
142,LAHORE CITY,044,LAHORE DISTRICT,PUNJAB,58,9618217B65699035418342,Lahore City,LAHORE,exact_name,
547,MODEL TOWN,044,LAHORE DISTRICT,PUNJAB,63,9618217B65699035418342,Lahore City,LAHORE,approx,
548,RAIWIND,044,LAHORE DISTRICT,PUNJAB,61,9618217B65699035418342,Lahore City,LAHORE,approx,
549,SHALIMAR,044,LAHORE DISTRICT,PUNJAB,84,9618217B65699035418342,Lahore City,LAHORE,approx,
143,NANKANA SAHIB,045,NANKANA SAHIB DISTRICT,PUNJAB,343,9618217B3385172362302,Nankana Sahab,NANKANASAHIB,fuzzy_squashed,
144,SANGLA HILL,045,NANKANA SAHIB DISTRICT,PUNJAB,40,9618217B78084704916934,Shangla Hill,NANKANASAHIB,fuzzy_squashed,
145,SHAH KOT,045,NANKANA SAHIB DISTRICT,PUNJAB,36,9618217B41899806031215,Shah Kot,NANKANASAHIB,exact_name,
146,FEROZE WALA,046,SHEIKHUPURA DISTRICT,PUNJAB,112,9618217B78613038993344,Ferozewala,SHEIKHUPURA,exact_name,
147,MURIDKE,046,SHEIKHUPURA DISTRICT,PUNJAB,218,9618217B25351305355541,Muridke,SHEIKHUPURA,exact_name,
148,SAFDARABAD,046,SHEIKHUPURA DISTRICT,PUNJAB,52,9618217B66038883173745,Safdarabad,SHEIKHUPURA,exact_name,
149,SHARAK PUR,046,SHEIKHUPURA DISTRICT,PUNJAB,127,9618217B71742610929001,Sharak Pur,SHEIKHUPURA,exact_name,
150,SHEIKHUPRA,046,SHEIKHUPURA DISTRICT,PUNJAB,162,9618217B80377872224855,Sheikhupura,SHEIKHUPURA,fuzzy_squashed,
151,JAHANIAN,047,KHANEWAL DISTRICT,PUNJAB,89,9618217B47428091720855,Jahanian,KHANEWAL,exact_name,
152,KABIRWALA,047,KHANEWAL DISTRICT,PUNJAB,260,9618217B44181858694402,Kabirwala,KHANEWAL,exact_name,
153,KHANEWAL,047,KHANEWAL DISTRICT,PUNJAB,155,9618217B13227622316788,Khanewal,KHANEWAL,exact_name,
154,MIAN CHANNU,047,KHANEWAL DISTRICT,PUNJAB,175,9618217B9822491870028,Mian Channu,KHANEWAL,exact_name,
155,DUNYAPUR,048,LODHRAN DISTRICT,PUNJAB,191,9618217B46434483477845,Dunya Pur,LODHRAN,exact_name,
156,KAHROR PACCA,048,LODHRAN DISTRICT,PUNJAB,102,9618217B76392119464219,Karorpacca,LODHRAN,variant,
157,LODHRAN,048,LODHRAN DISTRICT,PUNJAB,146,9618217B75337823866281,Lodhran,LODHRAN,exact_name,
158,JALALPUR PIRWALA,049,MULTAN DISTRICT,PUNJAB,114,9618217B31922989657242,Jalalpur Pirwala,MULTAN,exact_name,
159,MULTAN CITY,049,MULTAN DISTRICT,PUNJAB,65,9618217B19745651984550,Multan City,MULTAN,exact_name,
160,MULTAN SADDAR,049,MULTAN DISTRICT,PUNJAB,278,9618217B64443475206823,Multan Saddar,MULTAN,exact_name,
161,SHUJABAD,049,MULTAN DISTRICT,PUNJAB,85,9618217B57733979700194,Shujabad,MULTAN,exact_name,
162,BUREWALA,050,VEHARI DISTRICT,PUNJAB,233,9618217B87041756430963,Burewala,VEHARI,exact_name,
163,MAILSI,050,VEHARI DISTRICT,PUNJAB,309,9618217B95257720392722,Mailsi,VEHARI,exact_name,
164,VEHARI,050,VEHARI DISTRICT,PUNJAB,237,9618217B94265180885968,Vehari,VEHARI,exact_name,
165,ATTOCK,051,ATTOCK DISTRICT,PUNJAB,52,9618217B50149376018014,Attock,ATTOCK,exact_name,
166,FATEH JANG,051,ATTOCK DISTRICT,PUNJAB,114,9618217B26191403236071,Fateh Jang,ATTOCK,exact_name,
167,HASAN ABDAL,051,ATTOCK DISTRICT,PUNJAB,50,9618217B7124878941911,Hassanabdal,ATTOCK,variant,
168,HAZRO,051,ATTOCK DISTRICT,PUNJAB,82,9618217B87894448087129,Hazro,ATTOCK,exact_name,
169,JAND,051,ATTOCK DISTRICT,PUNJAB,80,9618217B26860553208965,Jand,ATTOCK,exact_name,
170,PINDI GHEB,051,ATTOCK DISTRICT,PUNJAB,80,9618217B75704590266710,Pindi Gheb,ATTOCK,exact_name,
171,CHAKWAL,052,CHAKWAL DISTRICT,PUNJAB,235,9618217B61688476906431,Chakwal,CHAKWAL,exact_name,
172,CHOA SAIDAN SHAH,052,CHAKWAL DISTRICT,PUNJAB,51,9618217B34165652086565,Choa Saidan Shah,CHAKWAL,exact_name,
173,KALLAR KAHAR,052,CHAKWAL DISTRICT,PUNJAB,74,9618217B86534483810344,Kallar Kahar,CHAKWAL,exact_name,
174,LAWA,052,CHAKWAL DISTRICT,PUNJAB,19,9618217B62547254689686,Tala Gang,CHAKWAL,parent,
175,TALA GANG,052,CHAKWAL DISTRICT,PUNJAB,76,9618217B62547254689686,Tala Gang,CHAKWAL,exact_name,
176,DINA,053,JHELUM DISTRICT,PUNJAB,134,9618217B61242270997195,Dina,JHELUM,exact_name,
177,JHELUM,053,JHELUM DISTRICT,PUNJAB,169,9618217B22857768344293,Jhelum,JHELUM,exact_name,
178,PIND DADAN KHAN,053,JHELUM DISTRICT,PUNJAB,134,9618217B13521614852985,Pind Dadan Khan,JHELUM,exact_name,
179,SOHAWA,053,JHELUM DISTRICT,PUNJAB,160,9618217B97272924784682,Sohawa,JHELUM,exact_name,
180,GUJAR KHAN,054,RAWALPINDI DISTRICT,PUNJAB,384,9618217B58788233354660,Gujar Khan,RAWALPINDI,exact_name,
181,KAHUTA,054,RAWALPINDI DISTRICT,PUNJAB,158,9618217B27271024996955,Kahuta,RAWALPINDI,exact_name,
182,KALLAR SAYADDAN,054,RAWALPINDI DISTRICT,PUNJAB,106,9618217B54589023039311,Kallar Sayyedan,RAWALPINDI,fuzzy_squashed,
183,KOTLI SATTIAN,054,RAWALPINDI DISTRICT,PUNJAB,62,9618217B3680329268285,Kotli Sattian,RAWALPINDI,exact_name,
184,MURREE,054,RAWALPINDI DISTRICT,PUNJAB,119,9618217B83104421984489,Murree,RAWALPINDI,exact_name,
185,RAWALPINDI,054,RAWALPINDI DISTRICT,PUNJAB,352,9618217B34841225665801,Rawalpindi,RAWALPINDI,exact_name,
186,TAXILA,054,RAWALPINDI DISTRICT,PUNJAB,55,9618217B28592687647846,Taxila,RAWALPINDI,exact_name,
187,DEPALPUR,055,OKARA DISTRICT,PUNJAB,549,9618217B85402434096341,Depalpur,OKARA,exact_name,
188,OKARA,055,OKARA DISTRICT,PUNJAB,256,9618217B98814917393050,Okara,OKARA,exact_name,
189,RENALA KHURD,055,OKARA DISTRICT,PUNJAB,128,9618217B92677290558981,Renala Khurd,OKARA,exact_name,
190,ARIF WALA,056,PAKPATTAN DISTRICT,PUNJAB,255,9618217B11984200016747,Arifwala,PAKPATTAN,exact_name,
191,PAKPATTAN,056,PAKPATTAN DISTRICT,PUNJAB,326,9618217B61411084403748,Pak Pattan,PAKPATTAN,exact_name,
192,CHICHAWATNI,057,SAHIWAL DISTRICT,PUNJAB,241,9618217B28010935462292,Chichawatni,SAHIWAL,exact_name,
193,SAHIWAL,057,SAHIWAL DISTRICT,PUNJAB,290,9618217B88637585074135,Sahiwal,SAHIWAL,exact_name,
194,BHAKKAR TEHSIL,058,BHAKKAR DISTRICT,PUNJAB,231,9618217B37121610639704,Bhakkar,BHAKKAR,exact_name,
195,DARYA KHAN TEHSIL,058,BHAKKAR DISTRICT,PUNJAB,104,9618217B62767421306838,Darya Khan,BHAKKAR,exact_name,
196,KALUR KOT TEHSIL,058,BHAKKAR DISTRICT,PUNJAB,99,9618217B20876188191816,Kalur Kot,BHAKKAR,exact_name,
197,MANKERA TEHSIL,058,BHAKKAR DISTRICT,PUNJAB,107,9618217B35028785472961,Mankera,BHAKKAR,exact_name,
198,KHUSHAB,059,KHUSHAB DISTRICT,PUNJAB,123,9618217B34004324628587,Khushab,KHUSHAB,exact_name,
199,NOORPUR,059,KHUSHAB DISTRICT,PUNJAB,87,9618217B85617072134869,Noorpur,KHUSHAB,exact_name,
200,QUAIDABAD,059,KHUSHAB DISTRICT,PUNJAB,59,9618217B29615375410228,Qaidabad,KHUSHAB,fuzzy_squashed,
597,NOWSHERA,059,KHUSHAB DISTRICT,PUNJAB,49,9618217B85617072134869,Noorpur,KHUSHAB,approx,
201,ISA KHEL,060,MIANWALI DISTRICT,PUNJAB,68,9618217B2809625814941,Isakhel,MIANWALI,exact_name,
202,MAINWALI,060,MIANWALI DISTRICT,PUNJAB,108,9618217B65266278076043,Mianwali,MIANWALI,fuzzy_squashed,
203,PIPLAN,060,MIANWALI DISTRICT,PUNJAB,80,9618217B68184335330032,Piplan,MIANWALI,exact_name,
204,BHALWAL,061,SARGODHA DISTRICT,PUNJAB,57,9618217B60331399748679,Bhalwal,SARGODHA,exact_name,
205,BHERA,061,SARGODHA DISTRICT,PUNJAB,110,9618217B60331399748679,Bhalwal,SARGODHA,approx,
206,KOT MOMIN,061,SARGODHA DISTRICT,PUNJAB,118,9618217B54913600718425,Kot Momin,SARGODHA,exact_name,
207,SAHIWAL,061,SARGODHA DISTRICT,PUNJAB,143,9618217B37395969304858,Sahiwal,SARGODHA,exact_name,
208,SARGODHA,061,SARGODHA DISTRICT,PUNJAB,206,9618217B25240134101987,Sargodha,SARGODHA,exact_name,
209,SHAHPUR,061,SARGODHA DISTRICT,PUNJAB,124,9618217B47532492281594,Shahpur,SARGODHA,exact_name,
210,SILLANWALI,061,SARGODHA DISTRICT,PUNJAB,91,9618217B39999757497454,Sillanwali,SARGODHA,exact_name,
211,BADIN TALUKA,062,BADIN DISTRICT,SINDH,140,9618217B42438762041425,Badin,BADIN,exact_name,
212,GOLARCHI (S.F.RAHU) TALUKA,062,BADIN DISTRICT,SINDH,95,9618217B25857994222098,Shaheed Fazal Rahu,BADIN,variant,
213,MATLI TALUKA,062,BADIN DISTRICT,SINDH,98,9618217B51119306822374,Matli,BADIN,exact_name,
214,TALHAR TALUKA,062,BADIN DISTRICT,SINDH,55,9618217B40875149607138,Talhar,BADIN,exact_name,
215,TANDO BAGO TALUKA,062,BADIN DISTRICT,SINDH,110,9618217B60721372567355,Tando Bago,BADIN,exact_name,
216,DADU TALUKA,063,DADU DISTRICT,SINDH,67,9618217B7115873754530,Dadu,DADU,exact_name,
217,JOHI TALUKA,063,DADU DISTRICT,SINDH,110,9618217B70790113171892,Johi,DADU,exact_name,
218,KHAIRPUR NATHAN SHAH TALUKA,063,DADU DISTRICT,SINDH,94,9618217B45890743743061,Khairpur Nathan Shah,DADU,exact_name,
219,MEHAR TALUKA,063,DADU DISTRICT,SINDH,82,9618217B39967878013350,Mehar,DADU,exact_name,
220,HYDERABAD CITY TALUKA,064,HYDERABAD DISTRICT,SINDH,4,9618217B53021961386210,Hyderabad,HYDERABAD,exact_name,
221,HYDERABAD TALUKA,064,HYDERABAD DISTRICT,SINDH,63,9618217B53021961386210,Hyderabad,HYDERABAD,exact_name,
222,LATIFABAD TALUKA,064,HYDERABAD DISTRICT,SINDH,12,9618217B85288636963898,Latifabad,HYDERABAD,exact_name,
223,QASIM ABAD TALUKA,064,HYDERABAD DISTRICT,SINDH,4,9618217B89933783783343,Qasimabad,HYDERABAD,exact_name,
224,KOTRI TALUKA,065,JAMSHORO DISTRICT,SINDH,26,9618217B87538747541891,Kotri,JAMSHORO,exact_name,
225,MANJHAND TALUKA,065,JAMSHORO DISTRICT,SINDH,50,9618217B57194515605983,Manjand,JAMSHORO,variant,
226,SEHWAN TALUKA,065,JAMSHORO DISTRICT,SINDH,71,9618217B91266058223820,Sehwan,JAMSHORO,exact_name,
227,THANO BULA KHAN TALUKA,065,JAMSHORO DISTRICT,SINDH,28,9618217B45415360281153,Thano Bula Khan,JAMSHORO,exact_name,
228,HALA TALUKA,066,MATIARI DISTRICT,SINDH,38,9618217B17233619866679,Hala,MATIARI,exact_name,
229,MATIARI TALUKA,066,MATIARI DISTRICT,SINDH,46,9618217B46709671156622,Matiari,MATIARI,exact_name,
230,SAEEDABAD TALUKA,066,MATIARI DISTRICT,SINDH,29,9618217B1054056292153,Saeedabad,MATIARI,exact_name,
231,CHAMBER TALUKA,067,TANDO ALLAHYAR DISTRICT,SINDH,29,9618217B78978409820002,Chamber,TANDOALLAHYAR,exact_name,
232,JHANDO MARI TALUKA,067,TANDO ALLAHYAR DISTRICT,SINDH,38,9618217B49137359500551,Jhando Mari,TANDOALLAHYAR,exact_name,
233,TANDO ALLAHYAR TALUKA,067,TANDO ALLAHYAR DISTRICT,SINDH,24,9618217B32422016451775,Tando Allah Yar,TANDOALLAHYAR,exact_name,
234,BULRI SHAH KARIM TALUKA,068,TANDO MUHAMMAD KHAN DISTRICT,SINDH,77,9618217B55492999245243,Bulri Shah Karim,TANDOMUHAMMADKHAN,exact_name,
235,TANDO GHULAM HYDER TALUKA,068,TANDO MUHAMMAD KHAN DISTRICT,SINDH,54,9618217B32325848684143,Tando Gulam Hyder,TANDOMUHAMMADKHAN,variant,
236,TANDO MUHAMMAD KHAN TALUKA,068,TANDO MUHAMMAD KHAN DISTRICT,SINDH,29,9618217B84304552690327,Tando Muhammad Khan,TANDOMUHAMMADKHAN,exact_name,
237,GHORABARI TALUKA,069,THATTA DISTRICT,SINDH,61,9618217B59607324578491,Ghorabari,THATTA,exact_name,
239,KETI BUNDER TALUKA,069,THATTA DISTRICT,SINDH,52,9618217B45821827970586,Keti Bunder,THATTA,exact_name,
242,MIRPUR SAKRO TALUKA,069,THATTA DISTRICT,SINDH,90,9618217B56949362000104,Mirpur Sakro,THATTA,exact_name,
245,THATTA TALUKA,069,THATTA DISTRICT,SINDH,61,9618217B1372842276225,Thatta,THATTA,exact_name,
246,GARHI KHAIRO TALUKA,071,JACOBABAD DISTRICT,SINDH,60,9618217B19185229055328,Garhi Khairo,JACOBABAD,exact_name,
247,JACOBABAD TALUKA,071,JACOBABAD DISTRICT,SINDH,58,9618217B94384438441971,Jacobabad,JACOBABAD,exact_name,
248,THUL TALUKA,071,JACOBABAD DISTRICT,SINDH,93,9618217B45730721811496,Thul,JACOBABAD,exact_name,
249,KANDHKOT TALUKA,072,KASHMORE DISTRICT,SINDH,49,9618217B15678878518625,Kandhkot,KASHMORE,exact_name,
250,KASHMOR TALUKA,072,KASHMORE DISTRICT,SINDH,57,9618217B20201553846238,Kashmore,KASHMORE,contained,
251,TANGWANI TALUKA,072,KASHMORE DISTRICT,SINDH,42,9618217B6098151019348,Tangwani,KASHMORE,exact_name,
252,BAKRANI TALUKA,073,LARKANA DISTRICT,SINDH,43,9618217B93929930107410,Bakrani Taluks,LARKANA,contained,
253,DOKRI TALUKA,073,LARKANA DISTRICT,SINDH,30,9618217B45151576893474,Dokri,LARKANA,exact_name,
254,LARKANA TALUKA,073,LARKANA DISTRICT,SINDH,54,9618217B49297858238659,Larkana,LARKANA,exact_name,
255,RATODERO TALUKA,073,LARKANA DISTRICT,SINDH,58,9618217B19893044532303,Ratodero,LARKANA,exact_name,
256,KAMBAR ALI KHAN TALUKA,074,KAMBAR SHAHDAD KOT DISTRICT,SINDH,69,9618217B51536377015215,Kambar Ali Khan,KAMBARSHAHDADKOT,exact_name,
257,MIRO KHAN TALUKA,074,KAMBAR SHAHDAD KOT DISTRICT,SINDH,38,9618217B27710866346662,Miro Khan,KAMBARSHAHDADKOT,exact_name,
258,NASIRABAD TALUKA,074,KAMBAR SHAHDAD KOT DISTRICT,SINDH,23,9618217B23821866860121,Nasirabad,KAMBARSHAHDADKOT,exact_name,
259,QUBO SAEED KHAN TALUKA,074,KAMBAR SHAHDAD KOT DISTRICT,SINDH,38,9618217B39832154978161,Qubo Saeed Khan,KAMBARSHAHDADKOT,exact_name,
260,SHAHDAD KOT TALUKA,074,KAMBAR SHAHDAD KOT DISTRICT,SINDH,39,9618217B53525514114395,Shahdad Kot,KAMBARSHAHDADKOT,exact_name,
261,SUJAWAL JUNEJO TALUKA,074,KAMBAR SHAHDAD KOT DISTRICT,SINDH,32,9618217B35051011521012,Sijawal Junejo,KAMBARSHAHDADKOT,variant,
262,WARAH TALUKA,074,KAMBAR SHAHDAD KOT DISTRICT,SINDH,42,9618217B29537584943692,Warah,KAMBARSHAHDADKOT,exact_name,
263,GARHI YASIN TALUKA,075,SHIKARPUR DISTRICT,SINDH,88,9618217B98376452500740,Garhi Yasin,SHIKARPUR,exact_name,
264,KHANPUR TALUKA,075,SHIKARPUR DISTRICT,SINDH,52,9618217B94411658070571,Khanpur,SHIKARPUR,exact_name,
265,LAKHI TALUKA,075,SHIKARPUR DISTRICT,SINDH,52,9618217B46900508177300,Lakhi,SHIKARPUR,exact_name,
266,SHIKARPUR TALUKA,075,SHIKARPUR DISTRICT,SINDH,47,9618217B27757142897460,Shikarpur,SHIKARPUR,exact_name,
267,DIGRI TALUKA,076,MIRPUR KHAS DISTRICT,SINDH,71,9618217B41760593982752,Digri,MIRPURKHAS,exact_name,
268,HUSSAIN BUX MARI TALUKA,076,MIRPUR KHAS DISTRICT,SINDH,47,9618217B93086233155793,Hussain Bux Mari,MIRPURKHAS,exact_name,
269,JHUDO TALUKA,076,MIRPUR KHAS DISTRICT,SINDH,63,9618217B31440526169514,Jhudo,MIRPURKHAS,exact_name,
270,KOT GHULAM MUHAMMAD TALUKA,076,MIRPUR KHAS DISTRICT,SINDH,113,9618217B35389385843798,Kot Ghulam Muhammad,MIRPURKHAS,exact_name,
271,MIRPUR KHAS TALUKA,076,MIRPUR KHAS DISTRICT,SINDH,2,9618217B77511770733400,Mirpurkhas,MIRPURKHAS,exact_name,
272,SINDHRI TALUKA,076,MIRPUR KHAS DISTRICT,SINDH,76,9618217B29212550094263,Sindhri,MIRPURKHAS,exact_name,
550,SHUJAABAD TALUKA,076,MIRPUR KHAS DISTRICT,SINDH,44,9618217B77511770733400,Mirpurkhas,MIRPURKHAS,approx,
273,JAM NAWAZ ALI,077,SANGHAR DISTRICT,SINDH,51,9618217B28490473893674,Jam Nawaz Ali,SANGHAR,exact_name,
274,KHIPRO,077,SANGHAR DISTRICT,SINDH,78,9618217B44887302893578,Khipro,SANGHAR,exact_name,
275,SANGHAR,077,SANGHAR DISTRICT,SINDH,69,9618217B60302584409093,Sanghar,SANGHAR,exact_name,
276,SHAHDADPUR,077,SANGHAR DISTRICT,SINDH,47,9618217B55526375185371,Shahdadpur,SANGHAR,exact_name,
277,SINJHORO,077,SANGHAR DISTRICT,SINDH,88,9618217B1648155290969,Sinjhoro,SANGHAR,exact_name,
278,TANDO ADAM,077,SANGHAR DISTRICT,SINDH,28,9618217B2465642186397,Tando Adam,SANGHAR,exact_name,
279,CHACHRO TALUKA,078,THARPARKAR DISTRICT,SINDH,19,9618217B62475271488005,Chachro,THARPARKAR,exact_name,
280,DIPLO TALUKA,078,THARPARKAR DISTRICT,SINDH,26,9618217B1653844923858,Diplo,THARPARKAR,exact_name,
281,MITHI TALUKA,078,THARPARKAR DISTRICT,SINDH,27,9618217B71775069847333,Mithi,THARPARKAR,exact_name,
282,NAGAR PARKAR TALUKA,078,THARPARKAR DISTRICT,SINDH,38,9618217B33625885361704,Nagar Parkar,THARPARKAR,exact_name,
552,DAHLI TALUKA,078,THARPARKAR DISTRICT,SINDH,23,9618217B33625885361704,Nagar Parkar,THARPARKAR,approx,
553,ISLAMKOT TALUKA,078,THARPARKAR DISTRICT,SINDH,21,9618217B71775069847333,Mithi,THARPARKAR,parent,
601,KALOI TALUKA,078,THARPARKAR DISTRICT,SINDH,18,9618217B1653844923858,Diplo,THARPARKAR,parent,
283,KUNRI TALUKA,079,UMER KOT DISTRICT,SINDH,38,9618217B8905165567728,Kunri,UMERKOT,exact_name,
284,PITHORO TALUKA,079,UMER KOT DISTRICT,SINDH,48,9618217B67314083220757,Pithoro,UMERKOT,exact_name,
285,SAMARO TALUKA,079,UMER KOT DISTRICT,SINDH,59,9618217B7598168398580,Samaro,UMERKOT,exact_name,
286,UMER KOT TALUKA,079,UMER KOT DISTRICT,SINDH,90,9618217B80289626540526,Umer Kot,UMERKOT,exact_name,
287,DAHARKI,080,GHOTKI DISTRICT,SINDH,48,9618217B21460846200179,Daharki,GHOTKI,exact_name,
288,GHOTKI,080,GHOTKI DISTRICT,SINDH,77,9618217B1460109099825,Ghotki,GHOTKI,exact_name,
289,KHANGARH,080,GHOTKI DISTRICT,SINDH,37,9618217B63149022343759,Khangarh,GHOTKI,exact_name,
290,MIRPUR MATHELO,080,GHOTKI DISTRICT,SINDH,60,9618217B36535563293418,Mirpur Mathelo,GHOTKI,exact_name,
291,UBAURO,080,GHOTKI DISTRICT,SINDH,65,9618217B13430994189110,Ubauro,GHOTKI,exact_name,
292,FAIZ GANJ,081,KHAIRPUR DISTRICT,SINDH,59,9618217B41613201463126,Faiz Ganj,KHAIRPUR,exact_name,
293,GAMBAT,081,KHAIRPUR DISTRICT,SINDH,50,9618217B55753153064418,Gambat,KHAIRPUR,exact_name,
294,KHAIRPUR,081,KHAIRPUR DISTRICT,SINDH,43,9618217B61566753463089,Khairpur,KHAIRPUR,exact_name,
295,KINGRI,081,KHAIRPUR DISTRICT,SINDH,50,9618217B63818850525327,Kingri,KHAIRPUR,exact_name,
296,KOTDIJI,081,KHAIRPUR DISTRICT,SINDH,53,9618217B94972393484147,Kot Diji,KHAIRPUR,exact_name,
297,MIRWAH TALUKA,081,KHAIRPUR DISTRICT,SINDH,55,9618217B14625320962806,Mirwah,KHAIRPUR,exact_name,
298,NARA,081,KHAIRPUR DISTRICT,SINDH,58,9618217B45979968015680,Nara,KHAIRPUR,exact_name,
299,SOBHODERO,081,KHAIRPUR DISTRICT,SINDH,46,9618217B20409854578986,Sobho Dero,KHAIRPUR,exact_name,
300,BHIRIA,082,NAUSHAHRO FEROZE DISTRICT,SINDH,32,9618217B62868670592132,Bhiria,NAUSHEHROFEROZE,exact_name,
301,KANDIARO,082,NAUSHAHRO FEROZE DISTRICT,SINDH,52,9618217B6102619181419,Kandiaro,NAUSHEHROFEROZE,exact_name,
302,MEHRABPUR,082,NAUSHAHRO FEROZE DISTRICT,SINDH,34,9618217B49652450587085,Mehrabpur,NAUSHEHROFEROZE,exact_name,
303,MORO,082,NAUSHAHRO FEROZE DISTRICT,SINDH,53,9618217B49576506361166,Moro,NAUSHEHROFEROZE,exact_name,
304,NAUSHAHRO FEROZE,082,NAUSHAHRO FEROZE DISTRICT,SINDH,60,9618217B86325725755711,Naushahro Feroze,NAUSHEHROFEROZE,exact_name,
305,DAUR,083,SHAHEED BENAZIRABAD DISTRICT,SINDH,149,9618217B68332779082048,Daur,SHAHEEDBENAZIRABAD,exact_name,
306,KAZI AHMED,083,SHAHEED BENAZIRABAD DISTRICT,SINDH,65,9618217B90267247326285,Kazi Ahmed,SHAHEEDBENAZIRABAD,exact_name,
307,NAWABSHAH,083,SHAHEED BENAZIRABAD DISTRICT,SINDH,51,9618217B40348494401559,Nawabshah,SHAHEEDBENAZIRABAD,exact_name,
308,SAKRAND,083,SHAHEED BENAZIRABAD DISTRICT,SINDH,65,9618217B26544840461255,Sakrand,SHAHEEDBENAZIRABAD,exact_name,
309,NEW SUKKUR,084,SUKKUR DISTRICT,SINDH,21,9618217B94319031866634,New Sukkur,SUKKUR,exact_name,
310,PANO AKIL,084,SUKKUR DISTRICT,SINDH,97,9618217B49534384212530,Pano Aqil,SUKKUR,fuzzy_squashed,
311,ROHRI,084,SUKKUR DISTRICT,SINDH,67,9618217B29131954662033,Rohri,SUKKUR,exact_name,
312,SALEHPAT,084,SUKKUR DISTRICT,SINDH,87,9618217B63859663087686,Salehpat,SUKKUR,exact_name,
645,SUKKUR CITY,084,SUKKUR DISTRICT,SINDH,1,9618217B94319031866634,New Sukkur,SUKKUR,contained,
580,MANGHOPIR,147,KARACHI WEST DISTRICT,SINDH,6,9618217B74562422953001,Gadap Town,KARACHI,approx,
582,MAURIPUR,147,KARACHI WEST DISTRICT,SINDH,7,9618217B71654380557394,Baldia Town,KARACHI,approx,
557,BIN QASIM SUB-DIVISION,148,MALIR DISTRICT,SINDH,8,9618217B81288119698045,Bin Qasim Town,KARACHI,exact_name,
563,GADAP SUB-DIVISION,148,MALIR DISTRICT,SINDH,25,9618217B74562422953001,Gadap Town,KARACHI,exact_name,
570,IBRAHIM HYDRI,148,MALIR DISTRICT,SINDH,5,9618217B81288119698045,Bin Qasim Town,KARACHI,parent,
586,MURAD MEMON,148,MALIR DISTRICT,SINDH,8,9618217B74562422953001,Gadap Town,KARACHI,parent,
593,SHAH MUREED,148,MALIR DISTRICT,SINDH,7,9618217B81288119698045,Bin Qasim Town,KARACHI,approx,
238,JATI TALUKA,152,SUJAWAL DISTRICT,SINDH,131,9618217B32691002366666,Jati,SAJAWAL,exact_name,
240,KHARO CHAN TALUKA,152,SUJAWAL DISTRICT,SINDH,31,9618217B62953404341439,Kharo Chan,SAJAWAL,exact_name,
241,MIRPUR BATHORO TALUKA,152,SUJAWAL DISTRICT,SINDH,63,9618217B32309047499961,Mirpur Bathoro,SAJAWAL,exact_name,
243,SHAH BUNDER TALUKA,152,SUJAWAL DISTRICT,SINDH,92,9618217B34108592330182,Shah Bunder,SAJAWAL,exact_name,
244,SUJAWAL TALUKA,152,SUJAWAL DISTRICT,SINDH,73,9618217B63801206412538,Sujawal,SAJAWAL,exact_name,
314,AWARAN,085,AWARAN DISTRICT,BALOCHISTAN,28,9618217B88045410049707,Awaran,AWARAN,exact_name,
315,GISHKORE SUB-,085,AWARAN DISTRICT,BALOCHISTAN,50,9618217B50287416070494,Gishkore Sub,AWARAN,exact_name,
316,JHAL JAO SUB-,085,AWARAN DISTRICT,BALOCHISTAN,78,9618217B69007943455910,Jhal Jhao Sub,AWARAN,fuzzy_squashed,
317,MASHKAI,085,AWARAN DISTRICT,BALOCHISTAN,60,9618217B85729493897021,Mashkai,AWARAN,exact_name,
634,KORAK JHAO,085,AWARAN DISTRICT,BALOCHISTAN,27,9618217B51211868721813,Jhal Jhao,AWARAN,parent,
318,GAZG SUB-,086,KALAT DISTRICT,BALOCHISTAN,39,9618217B17885121566588,Gazg,KALAT,contained,
319,JOHAN SUB-,086,KALAT DISTRICT,BALOCHISTAN,63,9618217B91467173275468,Johan,KALAT,contained,
320,KALAT,086,KALAT DISTRICT,BALOCHISTAN,203,9618217B40739671025115,Kalat,KALAT,exact_name,
321,MANGOCHAR,086,KALAT DISTRICT,BALOCHISTAN,60,9618217B5840923689995,Mango Char,KALAT,exact_name,
323,KHARAN,087,KHARAN DISTRICT,BALOCHISTAN,38,9618217B32253439361062,Kharan,KHARAN,only_tehsil_in_district,
324,SAR KHARAN,087,KHARAN DISTRICT,BALOCHISTAN,63,9618217B32253439361062,Kharan,KHARAN,only_tehsil_in_district,
325,TOHMULK,087,KHARAN DISTRICT,BALOCHISTAN,53,9618217B32253439361062,Kharan,KHARAN,only_tehsil_in_district,
643,PATKIN,087,KHARAN DISTRICT,BALOCHISTAN,28,9618217B32253439361062,Kharan,KHARAN,only_tehsil_in_district,
326,ARANJI SUB-TEHSIL,088,KHUZDAR DISTRICT,BALOCHISTAN,95,9618217B11648805809549,Aranji Sub,KHUZDAR,contained,
327,KARAKH SUB-TEHSIL,088,KHUZDAR DISTRICT,BALOCHISTAN,125,9618217B33490679855375,Karkah Sub,KHUZDAR,variant,
328,KHUZDAR TEHSIL,088,KHUZDAR DISTRICT,BALOCHISTAN,396,9618217B50718655065252,Khuzdar,KHUZDAR,exact_name,
329,MOOLA SUB-TEHSIL,088,KHUZDAR DISTRICT,BALOCHISTAN,78,9618217B96635304342084,Moola Sub,KHUZDAR,contained,
330,NAL SUB-TEHSIL,088,KHUZDAR DISTRICT,BALOCHISTAN,141,9618217B18272036828673,Nal Sub,KHUZDAR,contained,
331,ORNACH SUB-TEHSIL,088,KHUZDAR DISTRICT,BALOCHISTAN,67,9618217B12126547852790,Ornach Sub,KHUZDAR,contained,
332,SAROONA SUB-TEHSIL,088,KHUZDAR DISTRICT,BALOCHISTAN,264,9618217B91485765143989,Saroona Sub,KHUZDAR,contained,
333,WADH TEHSIL,088,KHUZDAR DISTRICT,BALOCHISTAN,76,9618217B64812990154889,Wadh Sub,KHUZDAR,contained,
334,ZEHRI TEHSIL,088,KHUZDAR DISTRICT,BALOCHISTAN,51,9618217B67299381221995,Zehri,KHUZDAR,exact_name,
335,BELA TEHSIL,089,LASBELA DISTRICT,BALOCHISTAN,68,9618217B38765345980934,Bela,LASBELA,exact_name,
336,DUREJI TEHSIL,089,LASBELA DISTRICT,BALOCHISTAN,35,9618217B95179806844148,Durji,LASBELA,fuzzy_squashed,
337,GADDANI TEHSIL,089,LASBELA DISTRICT,BALOCHISTAN,4,9618217B86858446563765,Gaddani,LASBELA,exact_name,
338,HUB TEHSIL,089,LASBELA DISTRICT,BALOCHISTAN,10,9618217B12237594519463,Hub,LASBELA,exact_name,
339,KANRAJ TEHSIL,089,LASBELA DISTRICT,BALOCHISTAN,9,9618217B39521024943226,Kanraj,LASBELA,exact_name,
340,LAKHRA TEHSIL,089,LASBELA DISTRICT,BALOCHISTAN,54,9618217B70316302358035,Lakhra,LASBELA,exact_name,
341,LIARI TEHSIL,089,LASBELA DISTRICT,BALOCHISTAN,50,9618217B27175149081745,Liari,LASBELA,exact_name,
342,SONMIANI/WINDER TEHSIL,089,LASBELA DISTRICT,BALOCHISTAN,26,9618217B86665675475566,Sonmiani,LASBELA,contained,
343,UTHAL TEHSIL,089,LASBELA DISTRICT,BALOCHISTAN,51,9618217B76630628026692,Uthal,LASBELA,exact_name,
344,DASHT,090,MASTUNG DISTRICT,BALOCHISTAN,80,9618217B81095673790392,Dasht,MASTUNG,exact_name,
345,KHAD KOCHA SUB-,090,MASTUNG DISTRICT,BALOCHISTAN,35,9618217B21974978317228,Khad Kocha Sub-,MASTUNG,exact_name,
346,KIRDGAP SUB-,090,MASTUNG DISTRICT,BALOCHISTAN,47,9618217B9263701422890,Kirdgap Sub-,MASTUNG,exact_name,
347,MASTUNG,090,MASTUNG DISTRICT,BALOCHISTAN,124,9618217B61021693970064,Mastung,MASTUNG,exact_name,
348,BESMYA,091,WASHUK DISTRICT,BALOCHISTAN,34,9618217B31193042816030,Besima,WASHUK,fuzzy,
349,MASHKEEL,091,WASHUK DISTRICT,BALOCHISTAN,69,9618217B35884329739488,Mashkhel,WASHUK,fuzzy_squashed,
350,NAG,091,WASHUK DISTRICT,BALOCHISTAN,42,9618217B53771355824836,Nag,WASHUK,exact_name,
351,SHAHO GARDI,091,WASHUK DISTRICT,BALOCHISTAN,53,9618217B60673558266162,Shahdo Garhi Sub,WASHUK,variant,
352,WASHUK,091,WASHUK DISTRICT,BALOCHISTAN,35,9618217B15164271077712,Washuk,WASHUK,exact_name,
353,GAWADAR,092,GWADAR DISTRICT,BALOCHISTAN,36,9618217B73177395836711,Gwadar,GWADAR,fuzzy_squashed,
354,CHIWANI,092,GWADAR DISTRICT,BALOCHISTAN,7,9618217B19586931991950,Jiwani,GWADAR,variant,
355,ORMARA,092,GWADAR DISTRICT,BALOCHISTAN,18,9618217B66549368810061,Ormara,GWADAR,exact_name,
356,PASNI,092,GWADAR DISTRICT,BALOCHISTAN,62,9618217B43513523941512,Pasni,GWADAR,exact_name,
357,SUNTSER,092,GWADAR DISTRICT,BALOCHISTAN,22,9618217B87381485340477,Sunstar Sub,GWADAR,variant,
358,BALNIGORE SUB-TEHSIL,093,KECH DISTRICT,BALOCHISTAN,39,9618217B85681439003421,Balnigor,KECH,contained,
359,BULAIDA SUB-TEHSIL,093,KECH DISTRICT,BALOCHISTAN,32,9618217B70240658771261,Buleda,KECH,variant,
360,DASHT SUB-TEHSIL,093,KECH DISTRICT,BALOCHISTAN,43,9618217B3287750467900,Dasht,KECH,exact_name,
361,HOSHAB SUB-TEHSIL,093,KECH DISTRICT,BALOCHISTAN,28,9618217B56246486806775,Hoshab,KECH,exact_name,
362,KECH (TURBAT) TEHSIL,093,KECH DISTRICT,BALOCHISTAN,92,9618217B58909274091550,Kech,KECH,contained,
363,MAND SUB-TEHSIL,093,KECH DISTRICT,BALOCHISTAN,0,9618217B99249207678304,Mand,KECH,exact_name,
364,TUMP SUB-TEHSIL,093,KECH DISTRICT,BALOCHISTAN,0,9618217B61046651400607,Tump,KECH,exact_name,
365,ZAMORAN SUB-TEHSIL,093,KECH DISTRICT,BALOCHISTAN,56,9618217B31776958523982,Zamuran,KECH,fuzzy_squashed,
366,GICHK SUB-TEHSIL,094,PANJGUR DISTRICT,BALOCHISTAN,22,9618217B60261397495860,Gichk,PANJGUR,exact_name,
367,GOWARGO TEHSIL,094,PANJGUR DISTRICT,BALOCHISTAN,32,9618217B73703267725244,Gowargo,PANJGUR,exact_name,
368,PANJGUR TEHSIL,094,PANJGUR DISTRICT,BALOCHISTAN,126,9618217B16143636802811,Panjgur,PANJGUR,exact_name,
369,PAROME TEHSIL,094,PANJGUR DISTRICT,BALOCHISTAN,24,9618217B47925299960583,Parome,PANJGUR,exact_name,
663,KALLAG SUB-TEHSIL,094,PANJGUR DISTRICT,BALOCHISTAN,0,,,PANJGUR,UNRESOLVED,Gichk|Gowargo|Panjgur|Parome
370,GANDHAKA,095,JAFFARABAD DISTRICT,BALOCHISTAN,90,9618217B10228752646001,Ghandakha,JAFFARABAD,fuzzy,
371,JHAT PAT,095,JAFFARABAD DISTRICT,BALOCHISTAN,48,9618217B86464903653788,Jhat Pat,JAFFARABAD,exact_name,
373,USTA MUHAMMAD,095,JAFFARABAD DISTRICT,BALOCHISTAN,46,9618217B27708571372610,Usta Muhammad,JAFFARABAD,exact_name,
374,GANDAWA,096,JHAL MAGSI DISTRICT,BALOCHISTAN,48,9618217B37966221621202,Gandawa,JHALMAGSI,exact_name,
375,JHAL MAGSI,096,JHAL MAGSI DISTRICT,BALOCHISTAN,116,9618217B12027487695459,Jhal Magsi,JHALMAGSI,exact_name,
376,MIRPUR SUB-,096,JHAL MAGSI DISTRICT,BALOCHISTAN,36,9618217B97304875019952,Mirpur Sub,JHALMAGSI,exact_name,
377,BALANARI SUB-,097,KACHHI DISTRICT,BALOCHISTAN,70,9618217B98926737301322,Balanari Sub,KACHHI,exact_name,
378,BHAG,097,KACHHI DISTRICT,BALOCHISTAN,131,9618217B70834513221374,Bhag,KACHHI,variant,
379,DHADAR,097,KACHHI DISTRICT,BALOCHISTAN,32,9618217B75567275115944,Dhadar,KACHHI,exact_name,
380,KHATTAN SUB-,097,KACHHI DISTRICT,BALOCHISTAN,19,9618217B69236188960303,Khattan Sub,KACHHI,exact_name,
381,MACH SUB-,097,KACHHI DISTRICT,BALOCHISTAN,9,9618217B19608108595135,Mach Sub,KACHHI,exact_name,
383,SANNI SUB-,097,KACHHI DISTRICT,BALOCHISTAN,51,9618217B13634250656790,Sanni Sub,KACHHI,exact_name,
384,BABA KOT,098,NASIRABAD DISTRICT,BALOCHISTAN,32,9618217B38525162570146,Baba_Kot,NASIRABAD,exact_name,
385,CHATTAR SUB-,098,NASIRABAD DISTRICT,BALOCHISTAN,52,9618217B47994085217502,Chattar,NASIRABAD,contained,
386,DERA MURAD JAMALI,098,NASIRABAD DISTRICT,BALOCHISTAN,19,9618217B33653411601035,Dera_Murad_Jamali,NASIRABAD,exact_name,
387,TAMBOO,098,NASIRABAD DISTRICT,BALOCHISTAN,37,9618217B3811193083348,Tamboo,NASIRABAD,exact_name,
614,LANDHI,098,NASIRABAD DISTRICT,BALOCHISTAN,27,9618217B33653411601035,Dera_Murad_Jamali,NASIRABAD,approx,
388,CHAGAI SUB-,099,CHAGAI DISTRICT,BALOCHISTAN,10,9618217B19880164202310,Chagai Sub,CHAGHI,exact_name,
389,DALBANDIN,099,CHAGAI DISTRICT,BALOCHISTAN,30,9618217B63356701438573,Dalbadin,CHAGHI,fuzzy_squashed,
390,NOKUNDI SUB-,099,CHAGAI DISTRICT,BALOCHISTAN,6,9618217B66554790075537,Naukandi,CHAGHI,variant,
391,TAFTAN SUB-,099,CHAGAI DISTRICT,BALOCHISTAN,2,9618217B2962159940384,Taftan,CHAGHI,contained,
392,CHAMAN,100,KILLA ABDULLAH DISTRICT,BALOCHISTAN,31,9618217B20502778495945,Chaman,KILLAABDULLAH,exact_name,
394,GULISTAN,100,KILLA ABDULLAH DISTRICT,BALOCHISTAN,10,9618217B91592942596902,Gulistan,KILLAABDULLAH,variant,
395,KILLA ABDULLAH,100,KILLA ABDULLAH DISTRICT,BALOCHISTAN,13,9618217B95880920638679,Killa Abdullah,KILLAABDULLAH,exact_name,
644,DOBANDI SUB-,100,KILLA ABDULLAH DISTRICT,BALOCHISTAN,48,9618217B72411579101573,Dobandi Sub-,KILLAABDULLAH,exact_name,
396,NUSHKI,101,NUSHKI DISTRICT,BALOCHISTAN,26,9618217B76899423597402,Nushki_,NUSHKI,exact_name,
628,DAK SUB-,101,NUSHKI DISTRICT,BALOCHISTAN,19,9618217B67348092180466,Dak_,NUSHKI,contained,
397,BARSHORE SUB-,102,PISHIN DISTRICT,BALOCHISTAN,288,9618217B2205255569081,Barshore,PISHIN,contained,
398,HARAM ZAI SUB-,102,PISHIN DISTRICT,BALOCHISTAN,16,9618217B42200782607352,Huramzai,PISHIN,variant,
399,KAREZAT SUB-,102,PISHIN DISTRICT,BALOCHISTAN,33,9618217B76048857518190,Karezat,PISHIN,contained,
400,PISHIN,102,PISHIN DISTRICT,BALOCHISTAN,40,9618217B19963285871914,Pishin,PISHIN,exact_name,
401,SARANAN,102,PISHIN DISTRICT,BALOCHISTAN,7,9618217B26394123733067,Saranan,PISHIN,exact_name,
402,PANJ PAI SUB-,103,QUETTA DISTRICT,BALOCHISTAN,4,9618217B59919799962574,Panj Pai Sub-,QUETTA,exact_name,
403,QUETTA CITY,103,QUETTA DISTRICT,BALOCHISTAN,23,9618217B63682084587277,Quetta City,QUETTA,exact_name,
404,QUETTA SADDAR,103,QUETTA DISTRICT,BALOCHISTAN,41,9618217B20690386240745,Quetta Saddar,QUETTA,exact_name,
405,BAIKAR SUB-TEHSIL,104,DERA BUGTI DISTRICT,BALOCHISTAN,13,9618217B34454311696398,Bekerh,DERABUGTI,variant,
406,DERA BUGTI TEHSIL,104,DERA BUGTI DISTRICT,BALOCHISTAN,56,9618217B2743598749374,Dera Bughti,DERABUGTI,fuzzy_squashed,
407,LOTI,104,DERA BUGTI DISTRICT,BALOCHISTAN,22,9618217B77093701307545,Loti Sub,DERABUGTI,contained,
408,MALAM SUB-,104,DERA BUGTI DISTRICT,BALOCHISTAN,17,9618217B39169315447774,Malum,DERABUGTI,variant,
410,PIR KOH SUB-TEHSIL,104,DERA BUGTI DISTRICT,BALOCHISTAN,46,9618217B88157141720141,Pir Koh,DERABUGTI,exact_name,
411,SANGSELLAH SUB-TEHSIL,104,DERA BUGTI DISTRICT,BALOCHISTAN,20,9618217B73869134124680,Sangsilla,DERABUGTI,fuzzy_squashed,
412,SUI TEHSIL,104,DERA BUGTI DISTRICT,BALOCHISTAN,38,9618217B39625992285529,Sui,DERABUGTI,exact_name,
624,PHELAWAGH,104,DERA BUGTI DISTRICT,BALOCHISTAN,12,9618217B2654928190032,Phelawagh,DERABUGTI,exact_name,
413,HARNAI,105,HARNAI DISTRICT,BALOCHISTAN,64,9618217B37623205029699,Harnai,HARNAI,exact_name,
414,KHOAST SUB-,105,HARNAI DISTRICT,BALOCHISTAN,16,9618217B63716992539538,Khost,HARNAI,variant,
415,SHAHRIG,105,HARNAI DISTRICT,BALOCHISTAN,16,9618217B40498101001050,Shahrig,HARNAI,exact_name,
416,SUB-TEHSIL GRISANI,106,KOHLU DISTRICT,BALOCHISTAN,4,9618217B37909865693322,Girsani Sub,KOHLU,variant,
417,KAHAN,106,KOHLU DISTRICT,BALOCHISTAN,123,9618217B9408880403437,Kahan,KOHLU,exact_name,
418,KOHLU,106,KOHLU DISTRICT,BALOCHISTAN,10,9618217B74056988433955,Kohlu,KOHLU,exact_name,
419,MAWAND,106,KOHLU DISTRICT,BALOCHISTAN,38,9618217B95908919699948,Mawand,KOHLU,exact_name,
420,SUB-TEHSIL TAMBOO,106,KOHLU DISTRICT,BALOCHISTAN,23,9618217B74056988433955,Kohlu,KOHLU,approx,
421,KOT MANDAI SUB-,107,SIBI DISTRICT,BALOCHISTAN,8,9618217B12752349345390,Kut Mandai,SIBI,variant,
422,LEHRI,107,SIBI DISTRICT,BALOCHISTAN,115,9618217B18368882513354,Lehri,SIBI,exact_name,
423,SANGAN SUB-,107,SIBI DISTRICT,BALOCHISTAN,3,9618217B85158688879478,Sangan,SIBI,contained,
424,SIBI,107,SIBI DISTRICT,BALOCHISTAN,34,9618217B82477184644412,Sibi,SIBI,exact_name,
425,SINJAWI SUB-,108,ZIARAT DISTRICT,BALOCHISTAN,62,9618217B69401786075997,Sinjawi Sub,ZIARAT,exact_name,
426,ZIARAT,108,ZIARAT DISTRICT,BALOCHISTAN,30,9618217B66698483777033,Ziarat Sub Division,ZIARAT,contained,
427,BARKHAN,109,BARKHAN DISTRICT,BALOCHISTAN,132,9618217B63340805873154,Barkhan,BARKHAN,only_tehsil_in_district,
428,BADINI SUB-,110,KILLA SAIFULLAH DISTRICT,BALOCHISTAN,7,9618217B47686885177942,Badini,KILLASAIFULLAH,contained,
429,KAN MEHTARZAI SUB-,110,KILLA SAIFULLAH DISTRICT,BALOCHISTAN,16,9618217B18879360320447,Kan Mehtarzai,KILLASAIFULLAH,contained,
430,KILLA SAIFULLAH,110,KILLA SAIFULLAH DISTRICT,BALOCHISTAN,60,9618217B75776093214178,Killa Saifullah,KILLASAIFULLAH,exact_name,
431,LOIBAND,110,KILLA SAIFULLAH DISTRICT,BALOCHISTAN,29,9618217B24347530358386,Loi Band,KILLASAIFULLAH,exact_name,
432,MUSLIM BAGH,110,KILLA SAIFULLAH DISTRICT,BALOCHISTAN,37,9618217B20003920903037,Muslim Bagh,KILLASAIFULLAH,exact_name,
434,SHINKI SUB-,110,KILLA SAIFULLAH DISTRICT,BALOCHISTAN,15,9618217B21963580528882,Shinkai,KILLASAIFULLAH,variant,
437,BORI,111,LORALAI DISTRICT,BALOCHISTAN,95,9618217B59230505353758,Loralai,LORALAI,parent,
438,MEKHTAR SUB-,111,LORALAI DISTRICT,BALOCHISTAN,82,9618217B55998475247860,Mekhtar,LORALAI,contained,
650,LORALAI,111,LORALAI DISTRICT,BALOCHISTAN,3,9618217B59230505353758,Loralai,LORALAI,exact_name,
439,DRUG,112,MUSAKHEL DISTRICT,BALOCHISTAN,8,9618217B62923192711527,Drug Sub,MUSAKHAIL,contained,
440,KINGRI,112,MUSAKHEL DISTRICT,BALOCHISTAN,10,9618217B65198608234722,Kingri,MUSAKHAIL,exact_name,
441,MUSAKHEL,112,MUSAKHEL DISTRICT,BALOCHISTAN,38,9618217B29929623589579,Musa Khel,MUSAKHAIL,exact_name,
651,SUB-TEHSIL TEAR ESSOT,112,MUSAKHEL DISTRICT,BALOCHISTAN,8,9618217B62923192711527,Drug Sub,MUSAKHAIL,approx,
652,SUB-TEHSIL ZAMRI PALASIN,112,MUSAKHEL DISTRICT,BALOCHISTAN,7,9618217B29929623589579,Musa Khel,MUSAKHAIL,approx,
442,SHERANI SUB-DIVISION,113,SHERANI DISTRICT,BALOCHISTAN,181,9618217B12512882766992,Sheerani,SHERANI,only_tehsil_in_district,
443,ASHWAT SUB-TEHSIL,114,ZHOB DISTRICT,BALOCHISTAN,3,9618217B84397370421850,Ashwat Sub-,ZHOB,contained,
446,SAMBAZA SUB-,114,ZHOB DISTRICT,BALOCHISTAN,19,9618217B6305227048180,Sambaza Sub,ZHOB,exact_name,
447,ZHOB,114,ZHOB DISTRICT,BALOCHISTAN,78,9618217B4405082245846,Zhob,ZHOB,exact_name,
653,QAMAR DIN KAREZ,114,ZHOB DISTRICT,BALOCHISTAN,3,9618217B71582416911520,Qamar Din Karez,ZHOB,exact_name,
372,SOHBATPUR,153,SOHBATPUR DISTRICT,BALOCHISTAN,13,9618217B40305274039011,Sohbatpur,SOHBATPUR,only_tehsil_in_district,
598,FARIDABAD,153,SOHBATPUR DISTRICT,BALOCHISTAN,9,9618217B40305274039011,Sohbatpur,SOHBATPUR,only_tehsil_in_district,
609,PANHWAR,153,SOHBATPUR DISTRICT,BALOCHISTAN,8,9618217B40305274039011,Sohbatpur,SOHBATPUR,only_tehsil_in_district,
610,HAIRDEEN,153,SOHBATPUR DISTRICT,BALOCHISTAN,5,9618217B40305274039011,Sohbatpur,SOHBATPUR,only_tehsil_in_district,
611,MANJHI PUR,153,SOHBATPUR DISTRICT,BALOCHISTAN,7,9618217B40305274039011,Sohbatpur,SOHBATPUR,only_tehsil_in_district,
612,SAID MUHAMMAD KANRANI,153,SOHBATPUR DISTRICT,BALOCHISTAN,4,9618217B40305274039011,Sohbatpur,SOHBATPUR,only_tehsil_in_district,
322,SORAB,164,SHAHEED SIKANDAR ABAD DISTRICT,BALOCHISTAN,246,9618217B81975811571171,Surab,SHAHEEDSIKANDARABAD,variant,
657,DASHT E GORA,164,SHAHEED SIKANDAR ABAD DISTRICT,BALOCHISTAN,19,9618217B81975811571171,Surab,SHAHEEDSIKANDARABAD,approx,
436,DUKI,165,DUKI DISTRICT,BALOCHISTAN,87,9618217B54428312139149,Duki,LORALAI,exact_name,
492,ISLAMABAD,128,ISLAMABAD DISTRICT,ISLAMABAD CAPITAL TERRITORY,195,9618217B77065930061668,Islamabad,ISLAMABAD,only_tehsil_in_district,
495,SKARDU SUB-DIVISION,129,BALTISTAN DISTRICT,GILGIT-BALTISTAN,0,9618217B88498185372954,Skardu,SKARDU,exact_name,
496,KHAPLU SUB-DIVISION,130,GHANCHE DISTRICT,GILGIT-BALTISTAN,0,9618217B25754962135590,Khaplu,GHANCHI,exact_name,
497,MASHABBRUM SUB-DIVISION,130,GHANCHE DISTRICT,GILGIT-BALTISTAN,0,9618217B85218379767883,Mashabrum,GHANCHI,fuzzy_squashed,
498,ASTORE SUB-DIVISION,131,ASTORE DISTRICT,GILGIT-BALTISTAN,0,9618217B70325037560475,Astore,ASTOR,only_tehsil_in_district,
499,SHOUNTAR SUB-DIVISION,131,ASTORE DISTRICT,GILGIT-BALTISTAN,0,9618217B70325037560475,Astore,ASTOR,only_tehsil_in_district,
500,CHILAS SUB-DIVISION,132,DIAMIR DISTRICT,GILGIT-BALTISTAN,0,9618217B41750222117386,Chilas,DIAMIR,exact_name,
501,DAREL/TANGIR SUB-DIVISION,132,DIAMIR DISTRICT,GILGIT-BALTISTAN,0,9618217B87521623220935,Darel Tangir,DIAMIR,exact_name,
502,GUPIS SUB-DIVISION,133,GHIZER DISTRICT,GILGIT-BALTISTAN,0,9618217B90015961408219,Gupis,GHIZER,exact_name,
503,PUNIAL/ISHKOMAN SUB-DIVISION,133,GHIZER DISTRICT,GILGIT-BALTISTAN,0,9618217B13486207754369,Punial,GHIZER,contained,
633,YASIN SUB-DIVISION,133,GHIZER DISTRICT,GILGIT-BALTISTAN,0,9618217B38991384841424,Yasin,GHIZER,exact_name,
504,GILGIT SUB-DIVISION,134,GILGIT DISTRICT,GILGIT-BALTISTAN,0,9618217B24239170098361,Gilgit,GILGIT,only_tehsil_in_district,
505,HUNZA SUB-DIVISION,135,HUNZA DISTRICT,GILGIT-BALTISTAN,0,,,HUNZANAGAR,UNRESOLVED,Aliabad|Gojal|Nagar-I|Nagar-Ii
632,GOJAL SUB-DIVISION,135,HUNZA DISTRICT,GILGIT-BALTISTAN,0,9618217B58972864826743,Gojal,HUNZANAGAR,exact_name,
493,KHARMANG SUB-DIVISION,155,KHARMANG DISTRICT,GILGIT-BALTISTAN,0,9618217B70387484269248,Kharmang,SKARDU,exact_name,
494,SHIGAR SUB-DIVISION,156,SHIGAR DISTRICT,GILGIT-BALTISTAN,0,9618217B26900800837648,Shigar,SKARDU,exact_name,
506,NAGAR SUB-DIVISION,157,NAGAR DISTRICT,GILGIT-BALTISTAN,0,9618217B7415913583848,Nagar-I,HUNZANAGAR,fuzzy_squashed,
507,BARNALA,136,BHIMBER DISTRICT,AZAD JAMMU AND KASHMIR,0,9618217B79573260848394,Barnala,BHIMBER,exact_name,
508,BHIMBER TEHSIL,136,BHIMBER DISTRICT,AZAD JAMMU AND KASHMIR,0,9618217B68732265330698,Bhimber,BHIMBER,exact_name,
509,SAMAHNI TEHSIL,136,BHIMBER DISTRICT,AZAD JAMMU AND KASHMIR,0,9618217B74772899110096,Samahni,BHIMBER,exact_name,
510,CHARHOI,137,KOTLI DISTRICT,AZAD JAMMU AND KASHMIR,0,,,KOTLI,UNRESOLVED,Kotli|Nakial|Sehnsa
511,FATEHPUR THAKIALA,137,KOTLI DISTRICT,AZAD JAMMU AND KASHMIR,0,,,KOTLI,UNRESOLVED,Kotli|Nakial|Sehnsa
512,KHUI RATTA,137,KOTLI DISTRICT,AZAD JAMMU AND KASHMIR,0,,,KOTLI,UNRESOLVED,Kotli|Nakial|Sehnsa
513,KOTLI,137,KOTLI DISTRICT,AZAD JAMMU AND KASHMIR,0,9618217B93166287325125,Kotli,KOTLI,exact_name,
514,SEHNSA,137,KOTLI DISTRICT,AZAD JAMMU AND KASHMIR,0,9618217B87362341551768,Sehnsa,KOTLI,exact_name,
636,DULIYA JATTAN,137,KOTLI DISTRICT,AZAD JAMMU AND KASHMIR,0,,,KOTLI,UNRESOLVED,Kotli|Nakial|Sehnsa
515,DUDYAL,138,MIRPUR DISTRICT,AZAD JAMMU AND KASHMIR,0,9618217B37808039502792,Dudyal,MIRPUR,exact_name,
516,MIRPUR,138,MIRPUR DISTRICT,AZAD JAMMU AND KASHMIR,0,9618217B94086344698677,Mirpur,MIRPUR,exact_name,
517,CHIKAR,139,HATTIAN BALA DISTRICT,AZAD JAMMU AND KASHMIR,0,9618217B68754169353282,Hattian Bala,HATTIAN,only_tehsil_in_district,
518,HATTIAN,139,HATTIAN BALA DISTRICT,AZAD JAMMU AND KASHMIR,0,9618217B68754169353282,Hattian Bala,HATTIAN,only_tehsil_in_district,
519,LEEPA,139,HATTIAN BALA DISTRICT,AZAD JAMMU AND KASHMIR,0,9618217B68754169353282,Hattian Bala,HATTIAN,only_tehsil_in_district,
520,MUZAFFARABAD,140,MUZAFFARABAD DISTRICT,AZAD JAMMU AND KASHMIR,0,9618217B57894485120071,Muzaffarabad,MUZAFFARABAD,only_tehsil_in_district,
521,PATEHKA(NASIRABAD),140,MUZAFFARABAD DISTRICT,AZAD JAMMU AND KASHMIR,0,9618217B57894485120071,Muzaffarabad,MUZAFFARABAD,only_tehsil_in_district,
522,ATH MUQAM,141,NEELUM DISTRICT,AZAD JAMMU AND KASHMIR,0,9618217B55768510626440,Athumqam,NEELUM,only_tehsil_in_district,
523,SHARDA,141,NEELUM DISTRICT,AZAD JAMMU AND KASHMIR,0,9618217B55768510626440,Athumqam,NEELUM,only_tehsil_in_district,
524,BAGH,142,BAGH DISTRICT,AZAD JAMMU AND KASHMIR,0,9618217B73079690921862,Bagh,BAGH,exact_name,
525,DHIR KOT,142,BAGH DISTRICT,AZAD JAMMU AND KASHMIR,0,,,BAGH,UNRESOLVED,Bagh|Dheerkot
526,HARI GAIL,142,BAGH DISTRICT,AZAD JAMMU AND KASHMIR,0,,,BAGH,UNRESOLVED,Bagh|Dheerkot
527,HAVELI,143,HAVELI DISTRICT,AZAD JAMMU AND KASHMIR,0,9618217B64863264884629,Haveli,HAVELI,only_tehsil_in_district,
528,KHURSHID ABAD,143,HAVELI DISTRICT,AZAD JAMMU AND KASHMIR,0,9618217B64863264884629,Haveli,HAVELI,only_tehsil_in_district,
631,MUMTAZABAD,143,HAVELI DISTRICT,AZAD JAMMU AND KASHMIR,0,9618217B64863264884629,Haveli,HAVELI,only_tehsil_in_district,
529,ABBASPUR,144,POONCH DISTRICT,AZAD JAMMU AND KASHMIR,0,9618217B83205974251307,Abbaspur,POONCH,exact_name,
530,HAJIRA,144,POONCH DISTRICT,AZAD JAMMU AND KASHMIR,0,,,POONCH,UNRESOLVED,Abbaspur|Hajeera|Rawalakot
531,RAWALAKOT,144,POONCH DISTRICT,AZAD JAMMU AND KASHMIR,0,9618217B87664867246475,Rawalakot,POONCH,exact_name,
532,THORAR,144,POONCH DISTRICT,AZAD JAMMU AND KASHMIR,0,,,POONCH,UNRESOLVED,Abbaspur|Hajeera|Rawalakot
533,BALUCH,145,SUDHNOTI DISTRICT,AZAD JAMMU AND KASHMIR,0,9618217B46803973144296,Pallandari,SUDHNUTTI,only_tehsil_in_district,
534,MONG,145,SUDHNOTI DISTRICT,AZAD JAMMU AND KASHMIR,0,9618217B46803973144296,Pallandari,SUDHNUTTI,only_tehsil_in_district,
535,PALLANDARI,145,SUDHNOTI DISTRICT,AZAD JAMMU AND KASHMIR,0,9618217B46803973144296,Pallandari,SUDHNUTTI,only_tehsil_in_district,
536,TARAR KHAL,145,SUDHNOTI DISTRICT,AZAD JAMMU AND KASHMIR,0,9618217B46803973144296,Pallandari,SUDHNUTTI,only_tehsil_in_district,
