relation,units_2017,units_2023,province_area,population_2017,restated_2017,population_2023,balances
boundary transfer,JHANG DISTRICT + TOBA TEK SINGH DISTRICT,JHANG DISTRICT + TOBA TEK SINGH DISTRICT,PUNJAB,4934128,4934128,5589683,yes
boundary transfer,KACHHI DISTRICT + NASIRABAD DISTRICT,KACHHI DISTRICT + NASIRABAD DISTRICT,BALOCHISTAN,797779,797779,1005989,yes
exact,ABBOTTABAD DISTRICT,ABBOTTABAD DISTRICT,KHYBER PAKHTUNKHWA,1333089,1333089,1419072,yes
exact,ATTOCK DISTRICT,ATTOCK DISTRICT,PUNJAB,1886378,1886378,2170423,yes
exact,AWARAN DISTRICT,AWARAN DISTRICT,BALOCHISTAN,121821,121821,178958,yes
exact,BADIN DISTRICT,BADIN DISTRICT,SINDH,1804958,1804958,1947081,yes
exact,BAHAWALNAGAR DISTRICT,BAHAWALNAGAR DISTRICT,PUNJAB,2975656,2975656,3550342,yes
exact,BAHAWALPUR DISTRICT,BAHAWALPUR DISTRICT,PUNJAB,3669176,3669176,4284964,yes
exact,BARKHAN DISTRICT,BARKHAN DISTRICT,BALOCHISTAN,171025,171025,210249,yes
exact,BATAGRAM DISTRICT,BATAGRAM DISTRICT,KHYBER PAKHTUNKHWA,476749,476749,554133,yes
exact,BHAKKAR DISTRICT,BHAKKAR DISTRICT,PUNJAB,1647852,1647852,1957470,yes
exact,BUNER DISTRICT,BUNER DISTRICT,KHYBER PAKHTUNKHWA,895460,895460,1016869,yes
exact,CHAGAI DISTRICT,CHAGAI DISTRICT,BALOCHISTAN,226517,226517,269192,yes
exact,CHAKWAL DISTRICT,CHAKWAL DISTRICT,PUNJAB,1495463,1495463,1734854,yes
exact,CHARSADDA DISTRICT,CHARSADDA DISTRICT,KHYBER PAKHTUNKHWA,1610960,1610960,1835504,yes
exact,CHINIOT DISTRICT,CHINIOT DISTRICT,PUNJAB,1368659,1368659,1563024,yes
exact,DADU DISTRICT,DADU DISTRICT,SINDH,1550390,1550390,1742320,yes
exact,DERA BUGTI DISTRICT,DERA BUGTI DISTRICT,BALOCHISTAN,313110,313110,355274,yes
exact,DERA GHAZI KHAN DISTRICT,DERA GHAZI KHAN DISTRICT,PUNJAB,2872631,2872631,3393705,yes
exact,FAISALABAD DISTRICT,FAISALABAD DISTRICT,PUNJAB,7882444,7882444,9075819,yes
exact,GHOTKI DISTRICT,GHOTKI DISTRICT,SINDH,1648708,1648708,1772609,yes
exact,GUJRANWALA DISTRICT,GUJRANWALA DISTRICT,PUNJAB,5011066,5011066,5959750,yes
exact,GUJRAT DISTRICT,GUJRAT DISTRICT,PUNJAB,2756289,2756289,3219375,yes
exact,GWADAR DISTRICT,GWADAR DISTRICT,BALOCHISTAN,262253,262253,305160,yes
exact,HAFIZABAD DISTRICT,HAFIZABAD DISTRICT,PUNJAB,1156954,1156954,1319909,yes
exact,HANGU DISTRICT,HANGU DISTRICT,KHYBER PAKHTUNKHWA,518811,518811,528902,yes
exact,HARIPUR DISTRICT,HARIPUR DISTRICT,KHYBER PAKHTUNKHWA,1001515,1001515,1174783,yes
exact,HARNAI DISTRICT,HARNAI DISTRICT,BALOCHISTAN,97052,97052,127571,yes
exact,HYDERABAD DISTRICT,HYDERABAD DISTRICT,SINDH,2199928,2199928,2432540,yes
exact,ISLAMABAD DISTRICT,ISLAMABAD DISTRICT,ISLAMABAD,2003368,2003368,2363863,yes
exact,JACOBABAD DISTRICT,JACOBABAD DISTRICT,SINDH,1007009,1007009,1174097,yes
exact,JAFFARABAD DISTRICT,JAFFARABAD DISTRICT,BALOCHISTAN,513972,513972,594558,yes
exact,JAMSHORO DISTRICT,JAMSHORO DISTRICT,SINDH,993908,993908,1117308,yes
exact,JHAL MAGSI DISTRICT,JHAL MAGSI DISTRICT,BALOCHISTAN,148900,148900,203368,yes
exact,JHELUM DISTRICT,JHELUM DISTRICT,PUNJAB,1222403,1222403,1382308,yes
exact,KAMBAR SHAHDAD KOT DISTRICT,KAMBAR SHAHDAD KOT DISTRICT,SINDH,1338035,1338035,1514869,yes
exact,KARACHI CENTRAL DISTRICT,KARACHI CENTRAL DISTRICT,SINDH,2971382,2971382,3822325,yes
exact,KARACHI EAST DISTRICT,KARACHI EAST DISTRICT,SINDH,2875315,2875315,3921742,yes
exact,KARACHI SOUTH DISTRICT,KARACHI SOUTH DISTRICT,SINDH,1769230,1769230,2329764,yes
exact,KARAK DISTRICT,KARAK DISTRICT,KHYBER PAKHTUNKHWA,705362,705362,815878,yes
exact,KASHMORE DISTRICT,KASHMORE DISTRICT,SINDH,1090336,1090336,1233957,yes
exact,KASUR DISTRICT,KASUR DISTRICT,PUNJAB,3454881,3454881,4084286,yes
exact,KECH DISTRICT,KECH DISTRICT,BALOCHISTAN,907182,907182,1060931,yes
exact,KHAIRPUR DISTRICT,KHAIRPUR DISTRICT,SINDH,2405190,2405190,2597535,yes
exact,KHANEWAL DISTRICT,KHANEWAL DISTRICT,PUNJAB,2920233,2920233,3364077,yes
exact,KHARAN DISTRICT,KHARAN DISTRICT,BALOCHISTAN,162766,162766,260352,yes
exact,KHUSHAB DISTRICT,KHUSHAB DISTRICT,PUNJAB,1280372,1280372,1501089,yes
exact,KHUZDAR DISTRICT,KHUZDAR DISTRICT,BALOCHISTAN,798896,798896,997214,yes
exact,KILLA SAIFULLAH DISTRICT,KILLA SAIFULLAH DISTRICT,BALOCHISTAN,342932,342932,380200,yes
exact,KOHLU DISTRICT,KOHLU DISTRICT,BALOCHISTAN,213933,213933,260220,yes
exact,KORANGI DISTRICT,KORANGI DISTRICT,SINDH,2577556,2577556,3128971,yes
exact,LAHORE DISTRICT,LAHORE DISTRICT,PUNJAB,11119985,11119985,13004135,yes
exact,LARKANA DISTRICT,LARKANA DISTRICT,SINDH,1521786,1521786,1784453,yes
exact,LASBELA DISTRICT,LASBELA DISTRICT,BALOCHISTAN,576271,576271,680977,yes
exact,LAYYAH DISTRICT,LAYYAH DISTRICT,PUNJAB,1823995,1823995,2102386,yes
exact,LODHRAN DISTRICT,LODHRAN DISTRICT,PUNJAB,1699693,1699693,1928299,yes
exact,LOWER DIR DISTRICT,LOWER DIR DISTRICT,KHYBER PAKHTUNKHWA,1436082,1436082,1650183,yes
exact,MALAKAND DISTRICT,MALAKAND DISTRICT,KHYBER PAKHTUNKHWA,717806,717806,826250,yes
exact,MALIR DISTRICT,MALIR DISTRICT,SINDH,1924346,1924346,2432248,yes
exact,MANDI BAHAUDDIN DISTRICT,MANDI BAHAUDDIN DISTRICT,PUNJAB,1594039,1594039,1829486,yes
exact,MANSEHRA DISTRICT,MANSEHRA DISTRICT,KHYBER PAKHTUNKHWA,1555742,1555742,1797177,yes
exact,MARDAN DISTRICT,MARDAN DISTRICT,KHYBER PAKHTUNKHWA,2373399,2373399,2744898,yes
exact,MASTUNG DISTRICT,MASTUNG DISTRICT,BALOCHISTAN,265676,265676,313271,yes
exact,MATIARI DISTRICT,MATIARI DISTRICT,SINDH,770040,770040,849383,yes
exact,MIANWALI DISTRICT,MIANWALI DISTRICT,PUNJAB,1542601,1542601,1798268,yes
exact,MIRPUR KHAS DISTRICT,MIRPUR KHAS DISTRICT,SINDH,1504440,1504440,1681386,yes
exact,MULTAN DISTRICT,MULTAN DISTRICT,PUNJAB,4746166,4746166,5362305,yes
exact,MUSAKHEL DISTRICT,MUSAKHEL DISTRICT,BALOCHISTAN,167243,167243,182275,yes
exact,MUZAFFARGARH DISTRICT,MUZAFFARGARH DISTRICT,PUNJAB,4328549,4328549,5015325,yes
exact,NANKANA SAHIB DISTRICT,NANKANA SAHIB DISTRICT,PUNJAB,1354986,1354986,1634871,yes
exact,NAROWAL DISTRICT,NAROWAL DISTRICT,PUNJAB,1707575,1707575,1950954,yes
exact,NAUSHAHRO FEROZE DISTRICT,NAUSHAHRO FEROZE DISTRICT,SINDH,1612047,1612047,1777082,yes
exact,NOWSHERA DISTRICT,NOWSHERA DISTRICT,KHYBER PAKHTUNKHWA,1520995,1520995,1740705,yes
exact,NUSHKI DISTRICT,NUSHKI DISTRICT,BALOCHISTAN,178947,178947,207834,yes
exact,OKARA DISTRICT,OKARA DISTRICT,PUNJAB,3040826,3040826,3515490,yes
exact,PAKPATTAN DISTRICT,PAKPATTAN DISTRICT,PUNJAB,1824228,1824228,2136170,yes
exact,PANJGUR DISTRICT,PANJGUR DISTRICT,BALOCHISTAN,315353,315353,509781,yes
exact,PISHIN DISTRICT,PISHIN DISTRICT,BALOCHISTAN,736903,736903,835482,yes
exact,QUETTA DISTRICT,QUETTA DISTRICT,BALOCHISTAN,2269473,2269473,2595492,yes
exact,RAHIM YAR KHAN DISTRICT,RAHIM YAR KHAN DISTRICT,PUNJAB,4807762,4807762,5564703,yes
exact,RAJANPUR DISTRICT,RAJANPUR DISTRICT,PUNJAB,1996039,1996039,2381049,yes
exact,RAWALPINDI DISTRICT,RAWALPINDI DISTRICT,PUNJAB,5402380,5402380,6118911,yes
exact,SAHIWAL DISTRICT,SAHIWAL DISTRICT,PUNJAB,2513011,2513011,2881811,yes
exact,SANGHAR DISTRICT,SANGHAR DISTRICT,SINDH,2049873,2049873,2308465,yes
exact,SARGODHA DISTRICT,SARGODHA DISTRICT,PUNJAB,3696212,3696212,4334448,yes
exact,SHAHEED BENAZIRABAD DISTRICT,SHAHEED BENAZIRABAD DISTRICT,SINDH,1613506,1613506,1845102,yes
exact,SHANGLA DISTRICT,SHANGLA DISTRICT,KHYBER PAKHTUNKHWA,759609,759609,891252,yes
exact,SHEIKHUPURA DISTRICT,SHEIKHUPURA DISTRICT,PUNJAB,3460004,3460004,4049418,yes
exact,SHERANI DISTRICT,SHERANI DISTRICT,BALOCHISTAN,152952,152952,191687,yes
exact,SHIKARPUR DISTRICT,SHIKARPUR DISTRICT,SINDH,1233760,1233760,1386330,yes
exact,SIALKOT DISTRICT,SIALKOT DISTRICT,PUNJAB,3894938,3894938,4499394,yes
exact,SIBI DISTRICT,SIBI DISTRICT,BALOCHISTAN,179751,179751,224148,yes
exact,SOHBATPUR DISTRICT,SOHBATPUR DISTRICT,BALOCHISTAN,200426,200426,240106,yes
exact,SUJAWAL DISTRICT,SUJAWAL DISTRICT,SINDH,779062,779062,839292,yes
exact,SUKKUR DISTRICT,SUKKUR DISTRICT,SINDH,1488372,1488372,1639897,yes
exact,SWABI DISTRICT,SWABI DISTRICT,KHYBER PAKHTUNKHWA,1625477,1625477,1894600,yes
exact,SWAT DISTRICT,SWAT DISTRICT,KHYBER PAKHTUNKHWA,2308624,2308624,2687384,yes
exact,TANDO ALLAHYAR DISTRICT,TANDO ALLAHYAR DISTRICT,SINDH,838527,838527,922012,yes
exact,TANDO MUHAMMAD KHAN DISTRICT,TANDO MUHAMMAD KHAN DISTRICT,SINDH,677098,677098,726119,yes
exact,THARPARKAR DISTRICT,THARPARKAR DISTRICT,SINDH,1647036,1647036,1778407,yes
exact,THATTA DISTRICT,THATTA DISTRICT,SINDH,982138,982138,1083191,yes
exact,TORGHAR DISTRICT,TORGHAR DISTRICT,KHYBER PAKHTUNKHWA,171349,171349,200445,yes
exact,UMER KOT DISTRICT,UMER KOT DISTRICT,SINDH,1073469,1073469,1159831,yes
exact,UPPER DIR DISTRICT,UPPER DIR DISTRICT,KHYBER PAKHTUNKHWA,947401,947401,1083566,yes
exact,VEHARI DISTRICT,VEHARI DISTRICT,PUNJAB,2902081,2902081,3430421,yes
exact,WASHUK DISTRICT,WASHUK DISTRICT,BALOCHISTAN,175712,175712,302623,yes
exact,ZHOB DISTRICT,ZHOB DISTRICT,BALOCHISTAN,310354,310354,355692,yes
exact,ZIARAT DISTRICT,ZIARAT DISTRICT,BALOCHISTAN,160095,160095,189535,yes
merged,BANNU DISTRICT + FR BANNU,BANNU DISTRICT,KHYBER PAKHTUNKHWA,1210183,1210183,1357890,yes
merged,DERA ISMAIL KHAN DISTRICT + FR D.I.KHAN,DERA ISMAIL KHAN DISTRICT,KHYBER PAKHTUNKHWA,1693594,1693594,1829811,yes
merged,FR KOHAT + KOHAT DISTRICT,KOHAT DISTRICT,KHYBER PAKHTUNKHWA,1111266,1111266,1234661,yes
merged,FR LAKKI MARWAT + LAKKI MARWAT DISTRICT,LAKKI MARWAT DISTRICT,KHYBER PAKHTUNKHWA,902138,902138,1040856,yes
merged,FR PESHAWAR + PESHAWAR DISTRICT,PESHAWAR DISTRICT,KHYBER PAKHTUNKHWA,4331959,4331959,4758762,yes
merged,FR TANK + TANK DISTRICT,TANK DISTRICT,KHYBER PAKHTUNKHWA,427044,427044,470293,yes
renamed,BAJAUR AGENCY,BAJAUR DISTRICT,FATA,1090987,1090987,1287960,yes
renamed,KHYBER AGENCY,KHYBER DISTRICT,FATA,984246,984246,1146267,yes
renamed,KURRAM AGENCY,KURRAM DISTRICT,FATA,615372,615372,785434,yes
renamed,MOHMAND AGENCY,MOHMAND DISTRICT,FATA,474345,474345,553933,yes
renamed,NORTH WAZIRISTAN AGENCY,NORTH WAZIRISTAN DISTRICT,FATA,540546,540546,693332,yes
renamed,ORAKZAI AGENCY,ORAKZAI DISTRICT,FATA,254303,254303,387561,yes
renamed,SOUTH WAZIRISTAN AGENCY,SOUTH WAZIRISTAN DISTRICT,FATA,675215,675215,888675,yes
split,CHITRAL DISTRICT,LOWER CHITRAL DISTRICT + UPPER CHITRAL DISTRICT,KHYBER PAKHTUNKHWA,447625,447625,515935,yes
split,KALAT DISTRICT,KALAT DISTRICT + SURAB DISTRICT,BALOCHISTAN,412058,412058,550598,yes
split,KARACHI WEST DISTRICT,KARACHI WEST DISTRICT + KEAMARI DISTRICT,SINDH,3907065,3907065,4747831,yes
split,KILLA ABDULLAH DISTRICT,CHAMAN DISTRICT + KILLA ABDULLAH DISTRICT,BALOCHISTAN,758354,758354,828189,yes
split,KOHISTAN DISTRICT,KOLAI PALAS KOHISTAN DISTRICT + LOWER KOHISTAN DISTRICT + UPPER KOHISTAN DISTRICT,KHYBER PAKHTUNKHWA,784711,784711,1043126,yes
split,LORALAI DISTRICT,DUKI DISTRICT + LORALAI DISTRICT,BALOCHISTAN,397423,397423,477476,yes
