district_group,relation,matched_by,district_2017,district_2023,units_2017,units_2023,population_2017,restated_2017,balances
ATTOCK DISTRICT,exact,name,ATTOCK DISTRICT,ATTOCK DISTRICT,ATTOCK TEHSIL,ATTOCK TEHSIL,435203,435203,yes
ATTOCK DISTRICT,exact,name,ATTOCK DISTRICT,ATTOCK DISTRICT,FATEH JANG TEHSIL,FATEH JANG TEHSIL,326433,326433,yes
ATTOCK DISTRICT,exact,name,ATTOCK DISTRICT,ATTOCK DISTRICT,HASAN ABDAL TEHSIL,HASAN ABDAL TEHSIL,217109,217109,yes
ATTOCK DISTRICT,exact,name,ATTOCK DISTRICT,ATTOCK DISTRICT,HAZRO TEHSIL,HAZRO TEHSIL,340189,340189,yes
ATTOCK DISTRICT,exact,name,ATTOCK DISTRICT,ATTOCK DISTRICT,JAND TEHSIL,JAND TEHSIL,295513,295513,yes
ATTOCK DISTRICT,exact,name,ATTOCK DISTRICT,ATTOCK DISTRICT,PINDI GHEB TEHSIL,PINDI GHEB TEHSIL,271931,271931,yes
AWARAN DISTRICT,exact,name,AWARAN DISTRICT,AWARAN DISTRICT,MASHKAI TEHSIL,MASHKAI TEHSIL,33076,33076,yes
BADIN DISTRICT,exact,name,BADIN DISTRICT,BADIN DISTRICT,BADIN TALUKA,BADIN TALUKA,454576,454576,yes
BADIN DISTRICT,exact,name,BADIN DISTRICT,BADIN DISTRICT,GOLARCHI (S.F.RAHU) TALUKA,GOLARCHI (S.F.RAHU) TALUKA,334440,334440,yes
BADIN DISTRICT,exact,name,BADIN DISTRICT,BADIN DISTRICT,MATLI TALUKA,MATLI TALUKA,444700,444700,yes
BADIN DISTRICT,exact,name,BADIN DISTRICT,BADIN DISTRICT,TALHAR TALUKA,TALHAR TALUKA,172014,172014,yes
BADIN DISTRICT,exact,name,BADIN DISTRICT,BADIN DISTRICT,TANDO BAGO TALUKA,TANDO BAGO TALUKA,399228,399228,yes
BAHAWALNAGAR DISTRICT,exact,name,BAHAWALNAGAR DISTRICT,BAHAWALNAGAR DISTRICT,BAHAWALNAGAR TEHSIL,BAHAWALNAGAR TEHSIL,813390,813390,yes
BAHAWALNAGAR DISTRICT,exact,name,BAHAWALNAGAR DISTRICT,BAHAWALNAGAR DISTRICT,FORT ABBAS TEHSIL,FORT ABBAS TEHSIL,422768,422768,yes
BAHAWALNAGAR DISTRICT,exact,name,BAHAWALNAGAR DISTRICT,BAHAWALNAGAR DISTRICT,MINCHINABAD TEHSIL,MINCHINABAD TEHSIL,525017,525017,yes
BAHAWALPUR DISTRICT,exact,name,BAHAWALPUR DISTRICT,BAHAWALPUR DISTRICT,AHMADPUR EAST TEHSIL,AHMADPUR EAST TEHSIL,1078586,1078586,yes
BAHAWALPUR DISTRICT,exact,name,BAHAWALPUR DISTRICT,BAHAWALPUR DISTRICT,BAHAWALPUR CITY TEHSIL,BAHAWALPUR CITY TEHSIL,682116,682116,yes
BAHAWALPUR DISTRICT,exact,name,BAHAWALPUR DISTRICT,BAHAWALPUR DISTRICT,BAHAWALPUR SADDAR TEHSIL,BAHAWALPUR SADDAR TEHSIL,575886,575886,yes
BAHAWALPUR DISTRICT,exact,name,BAHAWALPUR DISTRICT,BAHAWALPUR DISTRICT,HASILPUR TEHSIL,HASILPUR TEHSIL,456360,456360,yes
BAHAWALPUR DISTRICT,exact,name,BAHAWALPUR DISTRICT,BAHAWALPUR DISTRICT,KHAIRPUR TAMEWALI TEHSIL,KHAIRPUR TAMEWALI TEHSIL,262923,262923,yes
BAHAWALPUR DISTRICT,exact,name,BAHAWALPUR DISTRICT,BAHAWALPUR DISTRICT,YAZMAN TEHSIL,YAZMAN TEHSIL,613305,613305,yes
BAJAUR AGENCY,exact,name,BAJAUR AGENCY,BAJAUR DISTRICT,BAR CHAMER KAND TEHSIL,BAR CHAMER KAND TEHSIL,2868,2868,yes
BAJAUR AGENCY,exact,name,BAJAUR AGENCY,BAJAUR DISTRICT,BARANG TEHSIL,BARANG TEHSIL,76493,76493,yes
BAJAUR AGENCY,exact,name,BAJAUR AGENCY,BAJAUR DISTRICT,KHAR BAJAUR TEHSIL,KHAR BAJAUR TEHSIL,246875,246875,yes
BAJAUR AGENCY,exact,name,BAJAUR AGENCY,BAJAUR DISTRICT,MAMUND TEHSIL,MAMUND TEHSIL,311373,311373,yes
BAJAUR AGENCY,exact,name,BAJAUR AGENCY,BAJAUR DISTRICT,NAWAGAI TEHSIL,NAWAGAI TEHSIL,78494,78494,yes
BAJAUR AGENCY,exact,name,BAJAUR AGENCY,BAJAUR DISTRICT,SALARZAI TEHSIL,SALARZAI TEHSIL,267636,267636,yes
BAJAUR AGENCY,exact,name,BAJAUR AGENCY,BAJAUR DISTRICT,UTMAN KHEL TEHSIL,UTMAN KHEL TEHSIL,107248,107248,yes
BANNU DISTRICT + FR BANNU,exact,name,BANNU DISTRICT,BANNU DISTRICT,DOMEL TEHSIL,DOMEL TEHSIL,208968,208968,yes
BARKHAN DISTRICT,exact,name,BARKHAN DISTRICT,BARKHAN DISTRICT,BARKHAN TEHSIL,BARKHAN TEHSIL,171025,171025,yes
BATAGRAM DISTRICT,exact,name,BATAGRAM DISTRICT,BATAGRAM DISTRICT,ALLAI TEHSIL,ALLAI TEHSIL,180502,180502,yes
BATAGRAM DISTRICT,exact,name,BATAGRAM DISTRICT,BATAGRAM DISTRICT,BATAGRAM TEHSIL,BATAGRAM TEHSIL,296247,296247,yes
BHAKKAR DISTRICT,exact,name,BHAKKAR DISTRICT,BHAKKAR DISTRICT,BHAKKAR TEHSIL,BHAKKAR TEHSIL,683939,683939,yes
BHAKKAR DISTRICT,exact,name,BHAKKAR DISTRICT,BHAKKAR DISTRICT,DARYA KHAN TEHSIL,DARYA KHAN TEHSIL,360427,360427,yes
BHAKKAR DISTRICT,exact,name,BHAKKAR DISTRICT,BHAKKAR DISTRICT,KALUR KOT TEHSIL,KALUR KOT TEHSIL,346591,346591,yes
BHAKKAR DISTRICT,exact,name,BHAKKAR DISTRICT,BHAKKAR DISTRICT,MANKERA TEHSIL,MANKERA TEHSIL,256895,256895,yes
BUNER DISTRICT,exact,name,BUNER DISTRICT,BUNER DISTRICT,KHADO KHEL TEHSIL,KHADO KHEL TEHSIL,118072,118072,yes
BUNER DISTRICT,exact,name,BUNER DISTRICT,BUNER DISTRICT,MANDANR TEHSIL,MANDANR TEHSIL,152608,152608,yes
CHAKWAL DISTRICT,exact,name,CHAKWAL DISTRICT,CHAKWAL DISTRICT,CHAKWAL TEHSIL,CHAKWAL TEHSIL,656527,656527,yes
CHAKWAL DISTRICT,exact,name,CHAKWAL DISTRICT,CHAKWAL DISTRICT,CHOA SAIDAN SHAH TEHSIL,CHOA SAIDAN SHAH TEHSIL,141942,141942,yes
CHAKWAL DISTRICT,exact,name,CHAKWAL DISTRICT,CHAKWAL DISTRICT,KALLAR KAHAR TEHSIL,KALLAR KAHAR TEHSIL,169238,169238,yes
CHARSADDA DISTRICT,exact,name,CHARSADDA DISTRICT,CHARSADDA DISTRICT,SHABQADAR TEHSIL,SHABQADAR TEHSIL,379952,379952,yes
CHINIOT DISTRICT,exact,name,CHINIOT DISTRICT,CHINIOT DISTRICT,BHAWANA TEHSIL,BHAWANA TEHSIL,373841,373841,yes
CHINIOT DISTRICT,exact,name,CHINIOT DISTRICT,CHINIOT DISTRICT,CHINIOT TEHSIL,CHINIOT TEHSIL,555796,555796,yes
CHINIOT DISTRICT,exact,name,CHINIOT DISTRICT,CHINIOT DISTRICT,LALIAN TEHSIL,LALIAN TEHSIL,439022,439022,yes
CHITRAL DISTRICT,exact,name,CHITRAL DISTRICT,UPPER CHITRAL DISTRICT,MASTUJ SUB-DIVISION,MASTUJ SUB-DIVISION,169297,169297,yes
DADU DISTRICT,exact,name,DADU DISTRICT,DADU DISTRICT,DADU TALUKA,DADU TALUKA,461665,461665,yes
DADU DISTRICT,exact,name,DADU DISTRICT,DADU DISTRICT,JOHI TALUKA,JOHI TALUKA,294389,294389,yes
DADU DISTRICT,exact,name,DADU DISTRICT,DADU DISTRICT,KHAIRPUR NATHAN SHAH TALUKA,KHAIRPUR NATHAN SHAH TALUKA,334477,334477,yes
DADU DISTRICT,exact,name,DADU DISTRICT,DADU DISTRICT,MEHAR TALUKA,MEHAR TALUKA,459859,459859,yes
DERA BUGTI DISTRICT,exact,name,DERA BUGTI DISTRICT,DERA BUGTI DISTRICT,BAIKER SUB-TEHSIL,BAIKER SUB-TEHSIL,19497,19497,yes
DERA BUGTI DISTRICT,exact,name,DERA BUGTI DISTRICT,DERA BUGTI DISTRICT,MALAM SUB-TEHSIL,MALAM SUB-TEHSIL,27265,27265,yes
DERA BUGTI DISTRICT,exact,name,DERA BUGTI DISTRICT,DERA BUGTI DISTRICT,PIR KOH SUB-TEHSIL,PIR KOH SUB-TEHSIL,40629,40629,yes
DERA BUGTI DISTRICT,exact,name,DERA BUGTI DISTRICT,DERA BUGTI DISTRICT,SANGSILLAH SUB-TEHSIL,SANGSILLAH SUB-TEHSIL,10217,10217,yes
DERA GHAZI KHAN DISTRICT,exact,name,DERA GHAZI KHAN DISTRICT,DERA GHAZI KHAN DISTRICT,DERA GHAZI KHAN TEHSIL,DERA GHAZI KHAN TEHSIL,1224964,1224964,yes
DERA GHAZI KHAN DISTRICT,exact,name,DERA GHAZI KHAN DISTRICT,DERA GHAZI KHAN DISTRICT,KOT CHHUTTA TEHSIL,KOT CHHUTTA TEHSIL,757230,757230,yes
DERA GHAZI KHAN DISTRICT,exact,name,DERA GHAZI KHAN DISTRICT,DERA GHAZI KHAN DISTRICT,TAUNSA TEHSIL,TAUNSA TEHSIL,677785,677785,yes
DERA ISMAIL KHAN DISTRICT + FR D.I.KHAN,exact,name,DERA ISMAIL KHAN DISTRICT,DERA ISMAIL KHAN DISTRICT,DARABAN TEHSIL,DARABAN TEHSIL,124318,124318,yes
DERA ISMAIL KHAN DISTRICT + FR D.I.KHAN,exact,name,DERA ISMAIL KHAN DISTRICT,DERA ISMAIL KHAN DISTRICT,KULACHI TEHSIL,KULACHI TEHSIL,101892,101892,yes
FAISALABAD DISTRICT,exact,name,FAISALABAD DISTRICT,FAISALABAD DISTRICT,CHAK JHUMRA TEHSIL,CHAK JHUMRA TEHSIL,332966,332966,yes
FAISALABAD DISTRICT,exact,name,FAISALABAD DISTRICT,FAISALABAD DISTRICT,FAISALABAD CITY TEHSIL,FAISALABAD CITY TEHSIL,3244259,3244259,yes
FAISALABAD DISTRICT,exact,name,FAISALABAD DISTRICT,FAISALABAD DISTRICT,FAISALABAD SADAR TEHSIL,FAISALABAD SADAR TEHSIL,1465027,1465027,yes
FAISALABAD DISTRICT,exact,name,FAISALABAD DISTRICT,FAISALABAD DISTRICT,JARANWALA TEHSIL,JARANWALA TEHSIL,1493923,1493923,yes
FAISALABAD DISTRICT,exact,name,FAISALABAD DISTRICT,FAISALABAD DISTRICT,SAMMUNDRI TEHSIL,SAMMUNDRI TEHSIL,643114,643114,yes
FAISALABAD DISTRICT,exact,name,FAISALABAD DISTRICT,FAISALABAD DISTRICT,TANDLIAN WALA TEHSIL,TANDLIAN WALA TEHSIL,703155,703155,yes
FR KOHAT + KOHAT DISTRICT,exact,name,KOHAT DISTRICT,KOHAT DISTRICT,LACHI TEHSIL,LACHI TEHSIL,143430,143430,yes
FR LAKKI MARWAT + LAKKI MARWAT DISTRICT,exact,name,LAKKI MARWAT DISTRICT,LAKKI MARWAT DISTRICT,SARAI NAURANG TEHSIL,SARAI NAURANG TEHSIL,296870,296870,yes
FR TANK + TANK DISTRICT,exact,name,TANK DISTRICT,TANK DISTRICT,TANK TEHSIL,TANK TEHSIL,390626,390626,yes
GHOTKI DISTRICT,exact,name,GHOTKI DISTRICT,GHOTKI DISTRICT,DAHARKI TALUKA,DAHARKI TALUKA,310709,310709,yes
GHOTKI DISTRICT,exact,name,GHOTKI DISTRICT,GHOTKI DISTRICT,GHOTKI TALUKA,GHOTKI TALUKA,507087,507087,yes
GHOTKI DISTRICT,exact,name,GHOTKI DISTRICT,GHOTKI DISTRICT,KHANGARH TALUKA,KHANGARH TALUKA,149667,149667,yes
GHOTKI DISTRICT,exact,name,GHOTKI DISTRICT,GHOTKI DISTRICT,MIRPUR MATHELO TALUKA,MIRPUR MATHELO TALUKA,327821,327821,yes
GHOTKI DISTRICT,exact,name,GHOTKI DISTRICT,GHOTKI DISTRICT,UBAURO TALUKA,UBAURO TALUKA,353424,353424,yes
GUJRANWALA DISTRICT,exact,name,GUJRANWALA DISTRICT,GUJRANWALA DISTRICT,KAMOKE TEHSIL,KAMOKE TEHSIL,579690,579690,yes
GUJRANWALA DISTRICT,exact,name,GUJRANWALA DISTRICT,GUJRANWALA DISTRICT,NOWSHERA VIRKAN TEHSIL,NOWSHERA VIRKAN TEHSIL,534811,534811,yes
GUJRANWALA DISTRICT,exact,name,GUJRANWALA DISTRICT,GUJRANWALA DISTRICT,WAZIRABAD TEHSIL,WAZIRABAD TEHSIL,830272,830272,yes
GUJRAT DISTRICT,exact,name,GUJRAT DISTRICT,GUJRAT DISTRICT,GUJRAT TEHSIL,GUJRAT TEHSIL,1497706,1497706,yes
GUJRAT DISTRICT,exact,name,GUJRAT DISTRICT,GUJRAT DISTRICT,KHARIAN TEHSIL,KHARIAN TEHSIL,1011262,1011262,yes
GUJRAT DISTRICT,exact,name,GUJRAT DISTRICT,GUJRAT DISTRICT,SARAI ALAMGIR TEHSIL,SARAI ALAMGIR TEHSIL,247321,247321,yes
GWADAR DISTRICT,exact,name,GWADAR DISTRICT,GWADAR DISTRICT,JIWANI TEHSIL,JIWANI TEHSIL,26691,26691,yes
GWADAR DISTRICT,exact,name,GWADAR DISTRICT,GWADAR DISTRICT,ORMARA TEHSIL,ORMARA TEHSIL,25634,25634,yes
GWADAR DISTRICT,exact,name,GWADAR DISTRICT,GWADAR DISTRICT,SUNTSER SUB-TEHSIL,SUNTSER SUB-TEHSIL,10886,10886,yes
HAFIZABAD DISTRICT,exact,name,HAFIZABAD DISTRICT,HAFIZABAD DISTRICT,HAFIZABAD TEHSIL,HAFIZABAD TEHSIL,663916,663916,yes
HAFIZABAD DISTRICT,exact,name,HAFIZABAD DISTRICT,HAFIZABAD DISTRICT,PINDI BHATTIAN TEHSIL,PINDI BHATTIAN TEHSIL,493038,493038,yes
HANGU DISTRICT,exact,name,HANGU DISTRICT,HANGU DISTRICT,HANGU TEHSIL,HANGU TEHSIL,270399,270399,yes
HANGU DISTRICT,exact,name,HANGU DISTRICT,HANGU DISTRICT,TALL TEHSIL,TALL TEHSIL,248412,248412,yes
HARIPUR DISTRICT,exact,name,HARIPUR DISTRICT,HARIPUR DISTRICT,GHAZI TEHSIL,GHAZI TEHSIL,144917,144917,yes
HARNAI DISTRICT,exact,name,HARNAI DISTRICT,HARNAI DISTRICT,SHAHRIG TEHSIL,SHAHRIG TEHSIL,20717,20717,yes
HYDERABAD DISTRICT,exact,name,HYDERABAD DISTRICT,HYDERABAD DISTRICT,HYDERABAD CITY TALUKA,HYDERABAD CITY TALUKA,725153,725153,yes
HYDERABAD DISTRICT,exact,name,HYDERABAD DISTRICT,HYDERABAD DISTRICT,HYDERABAD TALUKA,HYDERABAD TALUKA,466306,466306,yes
HYDERABAD DISTRICT,exact,name,HYDERABAD DISTRICT,HYDERABAD DISTRICT,LATIFABAD TALUKA,LATIFABAD TALUKA,703690,703690,yes
HYDERABAD DISTRICT,exact,name,HYDERABAD DISTRICT,HYDERABAD DISTRICT,QASIMABAD TALUKA,QASIMABAD TALUKA,304779,304779,yes
ISLAMABAD DISTRICT,exact,name,ISLAMABAD DISTRICT,ISLAMABAD DISTRICT,ISLAMABAD TEHSIL,ISLAMABAD TEHSIL,2003368,2003368,yes
JACOBABAD DISTRICT,exact,name,JACOBABAD DISTRICT,JACOBABAD DISTRICT,GARHI KHAIRO TALUKA,GARHI KHAIRO TALUKA,159019,159019,yes
JACOBABAD DISTRICT,exact,name,JACOBABAD DISTRICT,JACOBABAD DISTRICT,JACOBABAD TALUKA,JACOBABAD TALUKA,382578,382578,yes
JACOBABAD DISTRICT,exact,name,JACOBABAD DISTRICT,JACOBABAD DISTRICT,THUL TALUKA,THUL TALUKA,465412,465412,yes
JAMSHORO DISTRICT,exact,name,JAMSHORO DISTRICT,JAMSHORO DISTRICT,KOTRI TALUKA,KOTRI TALUKA,438063,438063,yes
JAMSHORO DISTRICT,exact,name,JAMSHORO DISTRICT,JAMSHORO DISTRICT,MANJHAND TALUKA,MANJHAND TALUKA,140766,140766,yes
JAMSHORO DISTRICT,exact,name,JAMSHORO DISTRICT,JAMSHORO DISTRICT,SEHWAN TALUKA,SEHWAN TALUKA,269817,269817,yes
JAMSHORO DISTRICT,exact,name,JAMSHORO DISTRICT,JAMSHORO DISTRICT,THANO BULA KHAN TALUKA,THANO BULA KHAN TALUKA,145262,145262,yes
JHAL MAGSI DISTRICT,exact,name,JHAL MAGSI DISTRICT,JHAL MAGSI DISTRICT,GANDAWA TEHSIL,GANDAWA TEHSIL,51180,51180,yes
JHAL MAGSI DISTRICT,exact,name,JHAL MAGSI DISTRICT,JHAL MAGSI DISTRICT,JHAL MAGSI TEHSIL,JHAL MAGSI TEHSIL,88279,88279,yes
JHAL MAGSI DISTRICT,exact,name,JHAL MAGSI DISTRICT,JHAL MAGSI DISTRICT,MIRPUR SUB-TEHSIL,MIRPUR SUB-TEHSIL,9441,9441,yes
JHANG DISTRICT + TOBA TEK SINGH DISTRICT,exact,name,JHANG DISTRICT,JHANG DISTRICT,18-HAZARI TEHSIL,18-HAZARI TEHSIL,295714,295714,yes
JHANG DISTRICT + TOBA TEK SINGH DISTRICT,exact,name,JHANG DISTRICT,JHANG DISTRICT,AHMADPUR SIAL TEHSIL,AHMADPUR SIAL TEHSIL,433534,433534,yes
JHANG DISTRICT + TOBA TEK SINGH DISTRICT,exact,name,TOBA TEK SINGH DISTRICT,TOBA TEK SINGH DISTRICT,GOJRA TEHSIL,GOJRA TEHSIL,657222,657222,yes
JHANG DISTRICT + TOBA TEK SINGH DISTRICT,exact,name,JHANG DISTRICT,JHANG DISTRICT,JHANG TEHSIL,JHANG TEHSIL,1464818,1464818,yes
JHANG DISTRICT + TOBA TEK SINGH DISTRICT,exact,name,TOBA TEK SINGH DISTRICT,TOBA TEK SINGH DISTRICT,KAMALIA TEHSIL,KAMALIA TEHSIL,372010,372010,yes
JHANG DISTRICT + TOBA TEK SINGH DISTRICT,exact,name,TOBA TEK SINGH DISTRICT,TOBA TEK SINGH DISTRICT,TOBA TEK SINGH TEHSIL,TOBA TEK SINGH TEHSIL,740017,740017,yes
JHELUM DISTRICT,exact,name,JHELUM DISTRICT,JHELUM DISTRICT,DINA TEHSIL,DINA TEHSIL,238465,238465,yes
JHELUM DISTRICT,exact,name,JHELUM DISTRICT,JHELUM DISTRICT,JHELUM TEHSIL,JHELUM TEHSIL,445232,445232,yes
JHELUM DISTRICT,exact,name,JHELUM DISTRICT,JHELUM DISTRICT,PIND DADAN KHAN TEHSIL,PIND DADAN KHAN TEHSIL,336841,336841,yes
JHELUM DISTRICT,exact,name,JHELUM DISTRICT,JHELUM DISTRICT,SOHAWA TEHSIL,SOHAWA TEHSIL,201865,201865,yes
KACHHI DISTRICT + NASIRABAD DISTRICT,exact,name,KACHHI DISTRICT,KACHHI DISTRICT,BALANARI SUB-TEHSIL,BALANARI SUB-TEHSIL,43341,43341,yes
KACHHI DISTRICT + NASIRABAD DISTRICT,exact,name,KACHHI DISTRICT,KACHHI DISTRICT,KHATTAN SUB-TEHSIL,KHATTAN SUB-TEHSIL,14213,14213,yes
KALAT DISTRICT,exact,name,KALAT DISTRICT,KALAT DISTRICT,GAZG SUB-TEHSIL,GAZG SUB-TEHSIL,5721,5721,yes
KALAT DISTRICT,exact,name,KALAT DISTRICT,KALAT DISTRICT,JOHAN SUB-TEHSIL,JOHAN SUB-TEHSIL,10708,10708,yes
KAMBAR SHAHDAD KOT DISTRICT,exact,name,KAMBAR SHAHDAD KOT DISTRICT,KAMBAR SHAHDAD KOT DISTRICT,KAMBAR ALI KHAN TALUKA,KAMBAR ALI KHAN TALUKA,393374,393374,yes
KAMBAR SHAHDAD KOT DISTRICT,exact,name,KAMBAR SHAHDAD KOT DISTRICT,KAMBAR SHAHDAD KOT DISTRICT,MIRO KHAN TALUKA,MIRO KHAN TALUKA,157934,157934,yes
KAMBAR SHAHDAD KOT DISTRICT,exact,name,KAMBAR SHAHDAD KOT DISTRICT,KAMBAR SHAHDAD KOT DISTRICT,NASIRABAD TALUKA,NASIRABAD TALUKA,151410,151410,yes
KAMBAR SHAHDAD KOT DISTRICT,exact,name,KAMBAR SHAHDAD KOT DISTRICT,KAMBAR SHAHDAD KOT DISTRICT,QUBO SAEED KHAN TALUKA,QUBO SAEED KHAN TALUKA,85767,85767,yes
KAMBAR SHAHDAD KOT DISTRICT,exact,name,KAMBAR SHAHDAD KOT DISTRICT,KAMBAR SHAHDAD KOT DISTRICT,SHAHDAD KOT TALUKA,SHAHDAD KOT TALUKA,202564,202564,yes
KAMBAR SHAHDAD KOT DISTRICT,exact,name,KAMBAR SHAHDAD KOT DISTRICT,KAMBAR SHAHDAD KOT DISTRICT,SUJAWAL JUNEJO TALUKA,SUJAWAL JUNEJO TALUKA,117467,117467,yes
KAMBAR SHAHDAD KOT DISTRICT,exact,name,KAMBAR SHAHDAD KOT DISTRICT,KAMBAR SHAHDAD KOT DISTRICT,WARAH TALUKA,WARAH TALUKA,229519,229519,yes
KARACHI CENTRAL DISTRICT,exact,name,KARACHI CENTRAL DISTRICT,KARACHI CENTRAL DISTRICT,GULBERG SUB-DIVISION,GULBERG SUB-DIVISION,496094,496094,yes
KARACHI CENTRAL DISTRICT,exact,name,KARACHI CENTRAL DISTRICT,KARACHI CENTRAL DISTRICT,LIAQUATABAD SUB-DIVISION,LIAQUATABAD SUB-DIVISION,449098,449098,yes
KARACHI CENTRAL DISTRICT,exact,name,KARACHI CENTRAL DISTRICT,KARACHI CENTRAL DISTRICT,NAZIMABAD SUB-DIVISION,NAZIMABAD SUB-DIVISION,446347,446347,yes
KARACHI CENTRAL DISTRICT,exact,name,KARACHI CENTRAL DISTRICT,KARACHI CENTRAL DISTRICT,NEW KARACHI SUB-DIVISION,NEW KARACHI SUB-DIVISION,871245,871245,yes
KARACHI CENTRAL DISTRICT,exact,name,KARACHI CENTRAL DISTRICT,KARACHI CENTRAL DISTRICT,NORTH NAZIMABAD SUB-DIVISION,NORTH NAZIMABAD SUB-DIVISION,708598,708598,yes
KARACHI EAST DISTRICT,exact,name,KARACHI EAST DISTRICT,KARACHI EAST DISTRICT,FEROZABAD SUB-DIVISION,FEROZABAD SUB-DIVISION,761631,761631,yes
KARACHI EAST DISTRICT,exact,name,KARACHI EAST DISTRICT,KARACHI EAST DISTRICT,GULSHAN-E-IQBAL SUB-DIVISION,GULSHAN-E-IQBAL SUB-DIVISION,841800,841800,yes
KARACHI EAST DISTRICT,exact,name,KARACHI EAST DISTRICT,KARACHI EAST DISTRICT,GULZAR-E-HIJRI SUB-DIVISION,GULZAR-E-HIJRI SUB-DIVISION,792451,792451,yes
KARACHI EAST DISTRICT,exact,name,KARACHI EAST DISTRICT,KARACHI EAST DISTRICT,JAMSHED QUARTERS SUB-DIVISION,JAMSHED QUARTERS SUB-DIVISION,479433,479433,yes
KARACHI SOUTH DISTRICT,exact,name,KARACHI SOUTH DISTRICT,KARACHI SOUTH DISTRICT,ARAM BAGH SUB-DIVISION,ARAM BAGH SUB-DIVISION,128313,128313,yes
KARACHI SOUTH DISTRICT,exact,name,KARACHI SOUTH DISTRICT,KARACHI SOUTH DISTRICT,CIVIL LINES SUB-DIVISION,CIVIL LINES SUB-DIVISION,473119,473119,yes
KARACHI SOUTH DISTRICT,exact,name,KARACHI SOUTH DISTRICT,KARACHI SOUTH DISTRICT,GARDEN SUB-DIVISION,GARDEN SUB-DIVISION,363967,363967,yes
KARACHI SOUTH DISTRICT,exact,name,KARACHI SOUTH DISTRICT,KARACHI SOUTH DISTRICT,LYARI SUB-DIVISION,LYARI SUB-DIVISION,661926,661926,yes
KARACHI SOUTH DISTRICT,exact,name,KARACHI SOUTH DISTRICT,KARACHI SOUTH DISTRICT,SADDAR SUB-DIVISION,SADDAR SUB-DIVISION,141905,141905,yes
KARACHI WEST DISTRICT,exact,name,KARACHI WEST DISTRICT,KEAMARI DISTRICT,BALDIA SUB-DIVISION,BALDIA SUB-DIVISION,832583,832583,yes
KARACHI WEST DISTRICT,exact,name,KARACHI WEST DISTRICT,KARACHI WEST DISTRICT,MANGHOPIR SUB-DIVISION,MANGHOPIR SUB-DIVISION,711236,711236,yes
KARACHI WEST DISTRICT,exact,name,KARACHI WEST DISTRICT,KEAMARI DISTRICT,MAURIPUR SUB-DIVISION,MAURIPUR SUB-DIVISION,192565,192565,yes
KARACHI WEST DISTRICT,exact,name,KARACHI WEST DISTRICT,KARACHI WEST DISTRICT,MOMINABAD SUB-DIVISION,MOMINABAD SUB-DIVISION,845797,845797,yes
KARACHI WEST DISTRICT,exact,name,KARACHI WEST DISTRICT,KARACHI WEST DISTRICT,ORANGI SUB-DIVISION,ORANGI SUB-DIVISION,520195,520195,yes
KARACHI WEST DISTRICT,exact,name,KARACHI WEST DISTRICT,KEAMARI DISTRICT,SITE SUB-DIVISION,SITE SUB-DIVISION,403574,403574,yes
KARAK DISTRICT,exact,name,KARAK DISTRICT,KARAK DISTRICT,BANDA DAUD SHAH TEHSIL,BANDA DAUD SHAH TEHSIL,155482,155482,yes
KARAK DISTRICT,exact,name,KARAK DISTRICT,KARAK DISTRICT,KARAK TEHSIL,KARAK TEHSIL,292829,292829,yes
KARAK DISTRICT,exact,name,KARAK DISTRICT,KARAK DISTRICT,TAKHT-E-NASRATI TEHSIL,TAKHT-E-NASRATI TEHSIL,257051,257051,yes
KASHMORE DISTRICT,exact,name,KASHMORE DISTRICT,KASHMORE DISTRICT,KANDHKOT TALUKA,KANDHKOT TALUKA,366111,366111,yes
KASHMORE DISTRICT,exact,name,KASHMORE DISTRICT,KASHMORE DISTRICT,KASHMORE TALUKA,KASHMORE TALUKA,434966,434966,yes
KASHMORE DISTRICT,exact,name,KASHMORE DISTRICT,KASHMORE DISTRICT,TANGWANI TALUKA,TANGWANI TALUKA,289259,289259,yes
KASUR DISTRICT,exact,name,KASUR DISTRICT,KASUR DISTRICT,CHUNIAN TEHSIL,CHUNIAN TEHSIL,826323,826323,yes
KASUR DISTRICT,exact,name,KASUR DISTRICT,KASUR DISTRICT,KASUR TEHSIL,KASUR TEHSIL,1333583,1333583,yes
KASUR DISTRICT,exact,name,KASUR DISTRICT,KASUR DISTRICT,KOT RADHA KISHAN TEHSIL,KOT RADHA KISHAN TEHSIL,360523,360523,yes
KASUR DISTRICT,exact,name,KASUR DISTRICT,KASUR DISTRICT,PATTOKI TEHSIL,PATTOKI TEHSIL,934452,934452,yes
KECH DISTRICT,exact,name,KECH DISTRICT,KECH DISTRICT,BALNIGORE SUB-TEHSIL,BALNIGORE SUB-TEHSIL,44595,44595,yes
KECH DISTRICT,exact,name,KECH DISTRICT,KECH DISTRICT,HOSHAB SUB-TEHSIL,HOSHAB SUB-TEHSIL,52947,52947,yes
KECH DISTRICT,exact,name,KECH DISTRICT,KECH DISTRICT,ZAMORAN SUB-TEHSIL,ZAMORAN SUB-TEHSIL,42411,42411,yes
KHAIRPUR DISTRICT,exact,name,KHAIRPUR DISTRICT,KHAIRPUR DISTRICT,FAIZ GANJ TALUKA,FAIZ GANJ TALUKA,224088,224088,yes
KHAIRPUR DISTRICT,exact,name,KHAIRPUR DISTRICT,KHAIRPUR DISTRICT,GAMBAT TALUKA,GAMBAT TALUKA,263218,263218,yes
KHAIRPUR DISTRICT,exact,name,KHAIRPUR DISTRICT,KHAIRPUR DISTRICT,KHAIRPUR TALUKA,KHAIRPUR TALUKA,440412,440412,yes
KHAIRPUR DISTRICT,exact,name,KHAIRPUR DISTRICT,KHAIRPUR DISTRICT,KINGRI TALUKA,KINGRI TALUKA,340297,340297,yes
KHAIRPUR DISTRICT,exact,name,KHAIRPUR DISTRICT,KHAIRPUR DISTRICT,KOT DIJI TALUKA,KOT DIJI TALUKA,348582,348582,yes
KHAIRPUR DISTRICT,exact,name,KHAIRPUR DISTRICT,KHAIRPUR DISTRICT,MIRWAH TALUKA,MIRWAH TALUKA,352764,352764,yes
KHAIRPUR DISTRICT,exact,name,KHAIRPUR DISTRICT,KHAIRPUR DISTRICT,NARA TALUKA,NARA TALUKA,160643,160643,yes
KHAIRPUR DISTRICT,exact,name,KHAIRPUR DISTRICT,KHAIRPUR DISTRICT,SOBHO DERO TALUKA,SOBHO DERO TALUKA,275186,275186,yes
KHANEWAL DISTRICT,exact,name,KHANEWAL DISTRICT,KHANEWAL DISTRICT,JAHANIAN TEHSIL,JAHANIAN TEHSIL,343425,343425,yes
KHANEWAL DISTRICT,exact,name,KHANEWAL DISTRICT,KHANEWAL DISTRICT,KABIRWALA TEHSIL,KABIRWALA TEHSIL,958596,958596,yes
KHANEWAL DISTRICT,exact,name,KHANEWAL DISTRICT,KHANEWAL DISTRICT,KHANEWAL TEHSIL,KHANEWAL TEHSIL,856257,856257,yes
KHANEWAL DISTRICT,exact,name,KHANEWAL DISTRICT,KHANEWAL DISTRICT,MIAN CHANNU TEHSIL,MIAN CHANNU TEHSIL,761955,761955,yes
KHUSHAB DISTRICT,exact,name,KHUSHAB DISTRICT,KHUSHAB DISTRICT,KHUSHAB TEHSIL,KHUSHAB TEHSIL,690157,690157,yes
KHUSHAB DISTRICT,exact,name,KHUSHAB DISTRICT,KHUSHAB DISTRICT,NOWSHERA TEHSIL,NOWSHERA TEHSIL,117356,117356,yes
KHUSHAB DISTRICT,exact,name,KHUSHAB DISTRICT,KHUSHAB DISTRICT,QUAIDABAD TEHSIL,QUAIDABAD TEHSIL,230028,230028,yes
KHUZDAR DISTRICT,exact,name,KHUZDAR DISTRICT,KHUZDAR DISTRICT,ARANJI SUB-TEHSIL,ARANJI SUB-TEHSIL,42318,42318,yes
KHUZDAR DISTRICT,exact,name,KHUZDAR DISTRICT,KHUZDAR DISTRICT,MOOLA SUB-TEHSIL,MOOLA SUB-TEHSIL,23386,23386,yes
KHUZDAR DISTRICT,exact,name,KHUZDAR DISTRICT,KHUZDAR DISTRICT,SAROONA SUB-TEHSIL,SAROONA SUB-TEHSIL,32125,32125,yes
KHYBER AGENCY,exact,name,KHYBER AGENCY,KHYBER DISTRICT,BARA TEHSIL,BARA TEHSIL,443449,443449,yes
KHYBER AGENCY,exact,name,KHYBER AGENCY,KHYBER DISTRICT,JAMRUD TEHSIL,JAMRUD TEHSIL,227557,227557,yes
KHYBER AGENCY,exact,name,KHYBER AGENCY,KHYBER DISTRICT,LANDI KOTAL TEHSIL,LANDI KOTAL TEHSIL,273052,273052,yes
KHYBER AGENCY,exact,name,KHYBER AGENCY,KHYBER DISTRICT,MULLA GORI TEHSIL,MULLA GORI TEHSIL,40188,40188,yes
KILLA ABDULLAH DISTRICT,exact,name,KILLA ABDULLAH DISTRICT,KILLA ABDULLAH DISTRICT,DOBANDI SUB-TEHSIL,DOBANDI SUB-TEHSIL,61741,61741,yes
KILLA SAIFULLAH DISTRICT,exact,name,KILLA SAIFULLAH DISTRICT,KILLA SAIFULLAH DISTRICT,BADINI SUB-TEHSIL,BADINI SUB-TEHSIL,15345,15345,yes
KILLA SAIFULLAH DISTRICT,exact,name,KILLA SAIFULLAH DISTRICT,KILLA SAIFULLAH DISTRICT,KAN MEHTARZAI SUB-TEHSIL,KAN MEHTARZAI SUB-TEHSIL,33242,33242,yes
KILLA SAIFULLAH DISTRICT,exact,name,KILLA SAIFULLAH DISTRICT,KILLA SAIFULLAH DISTRICT,LOIBAND TEHSIL,LOIBAND TEHSIL,27962,27962,yes
KILLA SAIFULLAH DISTRICT,exact,name,KILLA SAIFULLAH DISTRICT,KILLA SAIFULLAH DISTRICT,MUSLIM BAGH TEHSIL,MUSLIM BAGH TEHSIL,78711,78711,yes
KILLA SAIFULLAH DISTRICT,exact,name,KILLA SAIFULLAH DISTRICT,KILLA SAIFULLAH DISTRICT,SHINKI SUB-TEHSIL,SHINKI SUB-TEHSIL,55326,55326,yes
KOHLU DISTRICT,exact,name,KOHLU DISTRICT,KOHLU DISTRICT,GRISANI SUB-TEHSIL,GRISANI SUB-TEHSIL,17027,17027,yes
KORANGI DISTRICT,exact,name,KORANGI DISTRICT,KORANGI DISTRICT,KORANGI SUB-DIVISION,KORANGI SUB-DIVISION,1126141,1126141,yes
KORANGI DISTRICT,exact,name,KORANGI DISTRICT,KORANGI DISTRICT,LANDHI SUB-DIVISION,LANDHI SUB-DIVISION,546196,546196,yes
KORANGI DISTRICT,exact,name,KORANGI DISTRICT,KORANGI DISTRICT,MODEL COLONY SUB-DIVISION,MODEL COLONY SUB-DIVISION,384389,384389,yes
KORANGI DISTRICT,exact,name,KORANGI DISTRICT,KORANGI DISTRICT,SHAH FAISAL SUB-DIVISION,SHAH FAISAL SUB-DIVISION,520830,520830,yes
KURRAM AGENCY,exact,name,KURRAM AGENCY,KURRAM DISTRICT,LOWER KURRAM TEHSIL,LOWER KURRAM TEHSIL,133929,133929,yes
KURRAM AGENCY,exact,name,KURRAM AGENCY,KURRAM DISTRICT,UPPER KURRAM TEHSIL,UPPER KURRAM TEHSIL,252436,252436,yes
LAHORE DISTRICT,exact,name,LAHORE DISTRICT,LAHORE DISTRICT,LAHORE CANTT TEHSIL,LAHORE CANTT TEHSIL,1632702,1632702,yes
LAHORE DISTRICT,exact,name,LAHORE DISTRICT,LAHORE DISTRICT,RAIWIND TEHSIL,RAIWIND TEHSIL,848541,848541,yes
LAHORE DISTRICT,exact,name,LAHORE DISTRICT,LAHORE DISTRICT,SHALIMAR TEHSIL,SHALIMAR TEHSIL,2281557,2281557,yes
LARKANA DISTRICT,exact,name,LARKANA DISTRICT,LARKANA DISTRICT,BAKRANI TALUKA,BAKRANI TALUKA,229200,229200,yes
LARKANA DISTRICT,exact,name,LARKANA DISTRICT,LARKANA DISTRICT,DOKRI TALUKA,DOKRI TALUKA,224959,224959,yes
LARKANA DISTRICT,exact,name,LARKANA DISTRICT,LARKANA DISTRICT,LARKANA TALUKA,LARKANA TALUKA,735210,735210,yes
LARKANA DISTRICT,exact,name,LARKANA DISTRICT,LARKANA DISTRICT,RATODERO TALUKA,RATODERO TALUKA,332417,332417,yes
LASBELA DISTRICT,exact,name,LASBELA DISTRICT,LASBELA DISTRICT,GADDANI TEHSIL,GADDANI TEHSIL,24593,24593,yes
LASBELA DISTRICT,exact,name,LASBELA DISTRICT,LASBELA DISTRICT,LAKHRA TEHSIL,LAKHRA TEHSIL,35495,35495,yes
LASBELA DISTRICT,exact,name,LASBELA DISTRICT,LASBELA DISTRICT,SONMIANI/WINDER TEHSIL,SONMIANI/WINDER TEHSIL,64019,64019,yes
LAYYAH DISTRICT,exact,name,LAYYAH DISTRICT,LAYYAH DISTRICT,CHOUBARA TEHSIL,CHOUBARA TEHSIL,252540,252540,yes
LAYYAH DISTRICT,exact,name,LAYYAH DISTRICT,LAYYAH DISTRICT,KAROR LAL ESAN TEHSIL,KAROR LAL ESAN TEHSIL,594367,594367,yes
LAYYAH DISTRICT,exact,name,LAYYAH DISTRICT,LAYYAH DISTRICT,LAYYAH TEHSIL,LAYYAH TEHSIL,977088,977088,yes
LODHRAN DISTRICT,exact,name,LODHRAN DISTRICT,LODHRAN DISTRICT,DUNYAPUR TEHSIL,DUNYAPUR TEHSIL,495217,495217,yes
LODHRAN DISTRICT,exact,name,LODHRAN DISTRICT,LODHRAN DISTRICT,KAHROR PACCA TEHSIL,KAHROR PACCA TEHSIL,500963,500963,yes
LODHRAN DISTRICT,exact,name,LODHRAN DISTRICT,LODHRAN DISTRICT,LODHRAN TEHSIL,LODHRAN TEHSIL,703513,703513,yes
LOWER DIR DISTRICT,exact,name,LOWER DIR DISTRICT,LOWER DIR DISTRICT,ADENZAI SUB-DIVISION,ADENZAI SUB-DIVISION,317526,317526,yes
LOWER DIR DISTRICT,exact,name,LOWER DIR DISTRICT,LOWER DIR DISTRICT,LAL QILA SUB-DIVISION,LAL QILA SUB-DIVISION,219567,219567,yes
LOWER DIR DISTRICT,exact,name,LOWER DIR DISTRICT,LOWER DIR DISTRICT,SAMARBAGH SUB-DIVISION,SAMARBAGH SUB-DIVISION,378004,378004,yes
LOWER DIR DISTRICT,exact,name,LOWER DIR DISTRICT,LOWER DIR DISTRICT,TEMERGARA SUB-DIVISION,TEMERGARA SUB-DIVISION,520985,520985,yes
MALAKAND DISTRICT,exact,name,MALAKAND DISTRICT,MALAKAND DISTRICT,SAM RANI ZAI SUB-DIVISION,SAM RANI ZAI SUB-DIVISION,303644,303644,yes
MALAKAND DISTRICT,exact,name,MALAKAND DISTRICT,MALAKAND DISTRICT,SWAT RANI ZAI SUB-DIVISION,SWAT RANI ZAI SUB-DIVISION,414162,414162,yes
MALIR DISTRICT,exact,name,MALIR DISTRICT,MALIR DISTRICT,AIRPORT SUB-DIVISION,AIRPORT SUB-DIVISION,195143,195143,yes
MALIR DISTRICT,exact,name,MALIR DISTRICT,MALIR DISTRICT,BIN QASIM SUB-DIVISION,BIN QASIM SUB-DIVISION,248098,248098,yes
MALIR DISTRICT,exact,name,MALIR DISTRICT,MALIR DISTRICT,GADAP SUB-DIVISION,GADAP SUB-DIVISION,64153,64153,yes
MALIR DISTRICT,exact,name,MALIR DISTRICT,MALIR DISTRICT,IBRAHIM HYDRI SUB-DIVISION,IBRAHIM HYDRI SUB-DIVISION,1055780,1055780,yes
MALIR DISTRICT,exact,name,MALIR DISTRICT,MALIR DISTRICT,MURAD MEMON SUB-DIVISION,MURAD MEMON SUB-DIVISION,331326,331326,yes
MALIR DISTRICT,exact,name,MALIR DISTRICT,MALIR DISTRICT,SHAH MUREED SUB-DIVISION,SHAH MUREED SUB-DIVISION,29846,29846,yes
MANDI BAHAUDDIN DISTRICT,exact,name,MANDI BAHAUDDIN DISTRICT,MANDI BAHAUDDIN DISTRICT,MALAKWAL TEHSIL,MALAKWAL TEHSIL,372171,372171,yes
MANDI BAHAUDDIN DISTRICT,exact,name,MANDI BAHAUDDIN DISTRICT,MANDI BAHAUDDIN DISTRICT,MANDI BAHAUDDIN TEHSIL,MANDI BAHAUDDIN TEHSIL,668538,668538,yes
MANDI BAHAUDDIN DISTRICT,exact,name,MANDI BAHAUDDIN DISTRICT,MANDI BAHAUDDIN DISTRICT,PHALIA TEHSIL,PHALIA TEHSIL,553330,553330,yes
MARDAN DISTRICT,exact,name,MARDAN DISTRICT,MARDAN DISTRICT,TAKHT BHAI TEHSIL,TAKHT BHAI TEHSIL,627172,627172,yes
MASTUNG DISTRICT,exact,name,MASTUNG DISTRICT,MASTUNG DISTRICT,KHAD KOCHA SUB-TEHSIL,KHAD KOCHA SUB-TEHSIL,38860,38860,yes
MATIARI DISTRICT,exact,name,MATIARI DISTRICT,MATIARI DISTRICT,HALA TALUKA,HALA TALUKA,262639,262639,yes
MATIARI DISTRICT,exact,name,MATIARI DISTRICT,MATIARI DISTRICT,MATIARI TALUKA,MATIARI TALUKA,341110,341110,yes
MATIARI DISTRICT,exact,name,MATIARI DISTRICT,MATIARI DISTRICT,SAEEDABAD TALUKA,SAEEDABAD TALUKA,166291,166291,yes
MIANWALI DISTRICT,exact,name,MIANWALI DISTRICT,MIANWALI DISTRICT,ISAKHEL TEHSIL,ISAKHEL TEHSIL,374194,374194,yes
MIANWALI DISTRICT,exact,name,MIANWALI DISTRICT,MIANWALI DISTRICT,MIANWALI TEHSIL,MIANWALI TEHSIL,766357,766357,yes
MIANWALI DISTRICT,exact,name,MIANWALI DISTRICT,MIANWALI DISTRICT,PIPLAN TEHSIL,PIPLAN TEHSIL,402050,402050,yes
MIRPUR KHAS DISTRICT,exact,name,MIRPUR KHAS DISTRICT,MIRPUR KHAS DISTRICT,DIGRI TALUKA,DIGRI TALUKA,214017,214017,yes
MIRPUR KHAS DISTRICT,exact,name,MIRPUR KHAS DISTRICT,MIRPUR KHAS DISTRICT,HUSSAIN BUX MARI TALUKA,HUSSAIN BUX MARI TALUKA,150226,150226,yes
MIRPUR KHAS DISTRICT,exact,name,MIRPUR KHAS DISTRICT,MIRPUR KHAS DISTRICT,JHUDO TALUKA,JHUDO TALUKA,201850,201850,yes
MIRPUR KHAS DISTRICT,exact,name,MIRPUR KHAS DISTRICT,MIRPUR KHAS DISTRICT,KOT GHULAM MUHAMMAD TALUKA,KOT GHULAM MUHAMMAD TALUKA,273132,273132,yes
MIRPUR KHAS DISTRICT,exact,name,MIRPUR KHAS DISTRICT,MIRPUR KHAS DISTRICT,MIRPUR KHAS TALUKA,MIRPUR KHAS TALUKA,260288,260288,yes
MIRPUR KHAS DISTRICT,exact,name,MIRPUR KHAS DISTRICT,MIRPUR KHAS DISTRICT,SHUJAABAD TALUKA,SHUJAABAD TALUKA,168733,168733,yes
MIRPUR KHAS DISTRICT,exact,name,MIRPUR KHAS DISTRICT,MIRPUR KHAS DISTRICT,SINDHRI TALUKA,SINDHRI TALUKA,236194,236194,yes
MOHMAND AGENCY,exact,name,MOHMAND AGENCY,MOHMAND DISTRICT,AMBAR UTMAN KHEL TEHSIL,AMBAR UTMAN KHEL TEHSIL,61951,61951,yes
MOHMAND AGENCY,exact,name,MOHMAND AGENCY,MOHMAND DISTRICT,HALIM ZAI TEHSIL,HALIM ZAI TEHSIL,78705,78705,yes
MOHMAND AGENCY,exact,name,MOHMAND AGENCY,MOHMAND DISTRICT,PINDIALI TEHSIL,PINDIALI TEHSIL,89711,89711,yes
MOHMAND AGENCY,exact,name,MOHMAND AGENCY,MOHMAND DISTRICT,PRANG GHAR TEHSIL,PRANG GHAR TEHSIL,36569,36569,yes
MOHMAND AGENCY,exact,name,MOHMAND AGENCY,MOHMAND DISTRICT,SAFI TEHSIL,SAFI TEHSIL,98501,98501,yes
MOHMAND AGENCY,exact,name,MOHMAND AGENCY,MOHMAND DISTRICT,UPPER MOHMAND TEHSIL,UPPER MOHMAND TEHSIL,51154,51154,yes
MOHMAND AGENCY,exact,name,MOHMAND AGENCY,MOHMAND DISTRICT,YAKE GHUND TEHSIL,YAKE GHUND TEHSIL,57754,57754,yes
MULTAN DISTRICT,exact,name,MULTAN DISTRICT,MULTAN DISTRICT,JALALPUR PIRWALA TEHSIL,JALALPUR PIRWALA TEHSIL,554971,554971,yes
MULTAN DISTRICT,exact,name,MULTAN DISTRICT,MULTAN DISTRICT,MULTAN CITY TEHSIL,MULTAN CITY TEHSIL,2259115,2259115,yes
MULTAN DISTRICT,exact,name,MULTAN DISTRICT,MULTAN DISTRICT,MULTAN SADDAR TEHSIL,MULTAN SADDAR TEHSIL,1323076,1323076,yes
MULTAN DISTRICT,exact,name,MULTAN DISTRICT,MULTAN DISTRICT,SHUJABAD TEHSIL,SHUJABAD TEHSIL,609004,609004,yes
MUSAKHEL DISTRICT,exact,name,MUSAKHEL DISTRICT,MUSAKHEL DISTRICT,KINGRI TEHSIL,KINGRI TEHSIL,31339,31339,yes
MUZAFFARGARH DISTRICT,exact,name,MUZAFFARGARH DISTRICT,MUZAFFARGARH DISTRICT,ALIPUR TEHSIL,ALIPUR TEHSIL,640384,640384,yes
MUZAFFARGARH DISTRICT,exact,name,MUZAFFARGARH DISTRICT,MUZAFFARGARH DISTRICT,JATOI TEHSIL,JATOI TEHSIL,715177,715177,yes
MUZAFFARGARH DISTRICT,exact,name,MUZAFFARGARH DISTRICT,MUZAFFARGARH DISTRICT,MUZAFFARGARH TEHSIL,MUZAFFARGARH TEHSIL,1625487,1625487,yes
NANKANA SAHIB DISTRICT,exact,name,NANKANA SAHIB DISTRICT,NANKANA SAHIB DISTRICT,NANKANA SAHIB TEHSIL,NANKANA SAHIB TEHSIL,884006,884006,yes
NANKANA SAHIB DISTRICT,exact,name,NANKANA SAHIB DISTRICT,NANKANA SAHIB DISTRICT,SANGLA HILL TEHSIL,SANGLA HILL TEHSIL,227604,227604,yes
NANKANA SAHIB DISTRICT,exact,name,NANKANA SAHIB DISTRICT,NANKANA SAHIB DISTRICT,SHAH KOT TEHSIL,SHAH KOT TEHSIL,243376,243376,yes
NAROWAL DISTRICT,exact,name,NAROWAL DISTRICT,NAROWAL DISTRICT,NAROWAL TEHSIL,NAROWAL TEHSIL,596539,596539,yes
NAROWAL DISTRICT,exact,name,NAROWAL DISTRICT,NAROWAL DISTRICT,SHAKARGARH TEHSIL,SHAKARGARH TEHSIL,672030,672030,yes
NAROWAL DISTRICT,exact,name,NAROWAL DISTRICT,NAROWAL DISTRICT,ZAFARWAL TEHSIL,ZAFARWAL TEHSIL,439006,439006,yes
NAUSHAHRO FEROZE DISTRICT,exact,name,NAUSHAHRO FEROZE DISTRICT,NAUSHAHRO FEROZE DISTRICT,BHIRIA TALUKA,BHIRIA TALUKA,301544,301544,yes
NAUSHAHRO FEROZE DISTRICT,exact,name,NAUSHAHRO FEROZE DISTRICT,NAUSHAHRO FEROZE DISTRICT,KANDIARO TALUKA,KANDIARO TALUKA,322376,322376,yes
NAUSHAHRO FEROZE DISTRICT,exact,name,NAUSHAHRO FEROZE DISTRICT,NAUSHAHRO FEROZE DISTRICT,MEHRABPUR TALUKA,MEHRABPUR TALUKA,246649,246649,yes
NAUSHAHRO FEROZE DISTRICT,exact,name,NAUSHAHRO FEROZE DISTRICT,NAUSHAHRO FEROZE DISTRICT,MORO TALUKA,MORO TALUKA,368579,368579,yes
NAUSHAHRO FEROZE DISTRICT,exact,name,NAUSHAHRO FEROZE DISTRICT,NAUSHAHRO FEROZE DISTRICT,NAUSHAHRO FEROZE TALUKA,NAUSHAHRO FEROZE TALUKA,372899,372899,yes
NORTH WAZIRISTAN AGENCY,exact,name,NORTH WAZIRISTAN AGENCY,NORTH WAZIRISTAN DISTRICT,DATTA KHEL TEHSIL,DATTA KHEL TEHSIL,75003,75003,yes
NORTH WAZIRISTAN AGENCY,exact,name,NORTH WAZIRISTAN AGENCY,NORTH WAZIRISTAN DISTRICT,DOSSALI TEHSIL,DOSSALI TEHSIL,39945,39945,yes
NORTH WAZIRISTAN AGENCY,exact,name,NORTH WAZIRISTAN AGENCY,NORTH WAZIRISTAN DISTRICT,GHARYUM TEHSIL,GHARYUM TEHSIL,11811,11811,yes
NORTH WAZIRISTAN AGENCY,exact,name,NORTH WAZIRISTAN AGENCY,NORTH WAZIRISTAN DISTRICT,GHULAM KHAN TEHSIL,GHULAM KHAN TEHSIL,27015,27015,yes
NORTH WAZIRISTAN AGENCY,exact,name,NORTH WAZIRISTAN AGENCY,NORTH WAZIRISTAN DISTRICT,MIR ALI TEHSIL,MIR ALI TEHSIL,184986,184986,yes
NORTH WAZIRISTAN AGENCY,exact,name,NORTH WAZIRISTAN AGENCY,NORTH WAZIRISTAN DISTRICT,MIRAN SHAH TEHSIL,MIRAN SHAH TEHSIL,100644,100644,yes
NORTH WAZIRISTAN AGENCY,exact,name,NORTH WAZIRISTAN AGENCY,NORTH WAZIRISTAN DISTRICT,RAZMAK TEHSIL,RAZMAK TEHSIL,15681,15681,yes
NORTH WAZIRISTAN AGENCY,exact,name,NORTH WAZIRISTAN AGENCY,NORTH WAZIRISTAN DISTRICT,SHEWA TEHSIL,SHEWA TEHSIL,39290,39290,yes
NORTH WAZIRISTAN AGENCY,exact,name,NORTH WAZIRISTAN AGENCY,NORTH WAZIRISTAN DISTRICT,SPINWAM TEHSIL,SPINWAM TEHSIL,46171,46171,yes
NOWSHERA DISTRICT,exact,name,NOWSHERA DISTRICT,NOWSHERA DISTRICT,JEHANGIRA TEHSIL,JEHANGIRA TEHSIL,353764,353764,yes
NOWSHERA DISTRICT,exact,name,NOWSHERA DISTRICT,NOWSHERA DISTRICT,NOWSHERA TEHSIL,NOWSHERA TEHSIL,728815,728815,yes
NOWSHERA DISTRICT,exact,name,NOWSHERA DISTRICT,NOWSHERA DISTRICT,PABBI TEHSIL,PABBI TEHSIL,438416,438416,yes
OKARA DISTRICT,exact,name,OKARA DISTRICT,OKARA DISTRICT,DEPALPUR TEHSIL,DEPALPUR TEHSIL,1375785,1375785,yes
OKARA DISTRICT,exact,name,OKARA DISTRICT,OKARA DISTRICT,OKARA TEHSIL,OKARA TEHSIL,1206319,1206319,yes
OKARA DISTRICT,exact,name,OKARA DISTRICT,OKARA DISTRICT,RENALA KHURD TEHSIL,RENALA KHURD TEHSIL,458722,458722,yes
ORAKZAI AGENCY,exact,name,ORAKZAI AGENCY,ORAKZAI DISTRICT,CENTRAL TEHSIL,CENTRAL TEHSIL,59132,59132,yes
ORAKZAI AGENCY,exact,name,ORAKZAI AGENCY,ORAKZAI DISTRICT,ISMAIL ZAI TEHSIL,ISMAIL ZAI TEHSIL,23963,23963,yes
ORAKZAI AGENCY,exact,name,ORAKZAI AGENCY,ORAKZAI DISTRICT,LOWER TEHSIL,LOWER TEHSIL,107323,107323,yes
ORAKZAI AGENCY,exact,name,ORAKZAI AGENCY,ORAKZAI DISTRICT,UPPER TEHSIL,UPPER TEHSIL,63885,63885,yes
PAKPATTAN DISTRICT,exact,name,PAKPATTAN DISTRICT,PAKPATTAN DISTRICT,ARIF WALA TEHSIL,ARIF WALA TEHSIL,855029,855029,yes
PAKPATTAN DISTRICT,exact,name,PAKPATTAN DISTRICT,PAKPATTAN DISTRICT,PAKPATTAN TEHSIL,PAKPATTAN TEHSIL,969199,969199,yes
PANJGUR DISTRICT,exact,name,PANJGUR DISTRICT,PANJGUR DISTRICT,GICHK SUB-TEHSIL,GICHK SUB-TEHSIL,16646,16646,yes
PISHIN DISTRICT,exact,name,PISHIN DISTRICT,PISHIN DISTRICT,SARANAN TEHSIL,SARANAN TEHSIL,56302,56302,yes
RAHIM YAR KHAN DISTRICT,exact,name,RAHIM YAR KHAN DISTRICT,RAHIM YAR KHAN DISTRICT,KHANPUR TEHSIL,KHANPUR TEHSIL,982085,982085,yes
RAHIM YAR KHAN DISTRICT,exact,name,RAHIM YAR KHAN DISTRICT,RAHIM YAR KHAN DISTRICT,RAHIM YAR KHAN TEHSIL,RAHIM YAR KHAN TEHSIL,1530183,1530183,yes
RAHIM YAR KHAN DISTRICT,exact,name,RAHIM YAR KHAN DISTRICT,RAHIM YAR KHAN DISTRICT,SADIQABAD TEHSIL,SADIQABAD TEHSIL,1261588,1261588,yes
RAJANPUR DISTRICT,exact,name,RAJANPUR DISTRICT,RAJANPUR DISTRICT,DE-EXCLUDED AREA RAJANPUR,DE-EXCLUDED AREA RAJANPUR,34191,34191,yes
RAJANPUR DISTRICT,exact,name,RAJANPUR DISTRICT,RAJANPUR DISTRICT,JAMPUR TEHSIL,JAMPUR TEHSIL,849389,849389,yes
RAJANPUR DISTRICT,exact,name,RAJANPUR DISTRICT,RAJANPUR DISTRICT,RAJANPUR TEHSIL,RAJANPUR TEHSIL,706770,706770,yes
RAJANPUR DISTRICT,exact,name,RAJANPUR DISTRICT,RAJANPUR DISTRICT,ROJHAN TEHSIL,ROJHAN TEHSIL,405689,405689,yes
RAWALPINDI DISTRICT,exact,name,RAWALPINDI DISTRICT,RAWALPINDI DISTRICT,GUJAR KHAN TEHSIL,GUJAR KHAN TEHSIL,678062,678062,yes
RAWALPINDI DISTRICT,exact,name,RAWALPINDI DISTRICT,RAWALPINDI DISTRICT,KALLAR SAYADDAN TEHSIL,KALLAR SAYADDAN TEHSIL,217061,217061,yes
RAWALPINDI DISTRICT,exact,name,RAWALPINDI DISTRICT,RAWALPINDI DISTRICT,MURREE TEHSIL,MURREE TEHSIL,233017,233017,yes
RAWALPINDI DISTRICT,exact,name,RAWALPINDI DISTRICT,RAWALPINDI DISTRICT,RAWALPINDI TEHSIL,RAWALPINDI TEHSIL,3256641,3256641,yes
RAWALPINDI DISTRICT,exact,name,RAWALPINDI DISTRICT,RAWALPINDI DISTRICT,TAXILA TEHSIL,TAXILA TEHSIL,677558,677558,yes
SAHIWAL DISTRICT,exact,name,SAHIWAL DISTRICT,SAHIWAL DISTRICT,CHICHAWATNI TEHSIL,CHICHAWATNI TEHSIL,1024180,1024180,yes
SAHIWAL DISTRICT,exact,name,SAHIWAL DISTRICT,SAHIWAL DISTRICT,SAHIWAL TEHSIL,SAHIWAL TEHSIL,1488831,1488831,yes
SANGHAR DISTRICT,exact,name,SANGHAR DISTRICT,SANGHAR DISTRICT,JAM NAWAZ ALI TALUKA,JAM NAWAZ ALI TALUKA,153193,153193,yes
SANGHAR DISTRICT,exact,name,SANGHAR DISTRICT,SANGHAR DISTRICT,KHIPRO TALUKA,KHIPRO TALUKA,332833,332833,yes
SANGHAR DISTRICT,exact,name,SANGHAR DISTRICT,SANGHAR DISTRICT,SANGHAR TALUKA,SANGHAR TALUKA,432792,432792,yes
SANGHAR DISTRICT,exact,name,SANGHAR DISTRICT,SANGHAR DISTRICT,SHAHDADPUR TALUKA,SHAHDADPUR TALUKA,457028,457028,yes
SANGHAR DISTRICT,exact,name,SANGHAR DISTRICT,SANGHAR DISTRICT,SINJHORO TALUKA,SINJHORO TALUKA,317004,317004,yes
SANGHAR DISTRICT,exact,name,SANGHAR DISTRICT,SANGHAR DISTRICT,TANDO ADAM TALUKA,TANDO ADAM TALUKA,357023,357023,yes
SARGODHA DISTRICT,exact,name,SARGODHA DISTRICT,SARGODHA DISTRICT,BHALWAL TEHSIL,BHALWAL TEHSIL,356206,356206,yes
SARGODHA DISTRICT,exact,name,SARGODHA DISTRICT,SARGODHA DISTRICT,BHERA TEHSIL,BHERA TEHSIL,314369,314369,yes
SARGODHA DISTRICT,exact,name,SARGODHA DISTRICT,SARGODHA DISTRICT,KOT MOMIN TEHSIL,KOT MOMIN TEHSIL,451978,451978,yes
SARGODHA DISTRICT,exact,name,SARGODHA DISTRICT,SARGODHA DISTRICT,SAHIWAL TEHSIL,SAHIWAL TEHSIL,340695,340695,yes
SARGODHA DISTRICT,exact,name,SARGODHA DISTRICT,SARGODHA DISTRICT,SARGODHA TEHSIL,SARGODHA TEHSIL,1535152,1535152,yes
SARGODHA DISTRICT,exact,name,SARGODHA DISTRICT,SARGODHA DISTRICT,SHAHPUR TEHSIL,SHAHPUR TEHSIL,353325,353325,yes
SARGODHA DISTRICT,exact,name,SARGODHA DISTRICT,SARGODHA DISTRICT,SILLANWALI TEHSIL,SILLANWALI TEHSIL,344487,344487,yes
SHAHEED BENAZIRABAD DISTRICT,exact,name,SHAHEED BENAZIRABAD DISTRICT,SHAHEED BENAZIRABAD DISTRICT,DAUR TALUKA,DAUR TALUKA,477993,477993,yes
SHAHEED BENAZIRABAD DISTRICT,exact,name,SHAHEED BENAZIRABAD DISTRICT,SHAHEED BENAZIRABAD DISTRICT,KAZI AHMED TALUKA,KAZI AHMED TALUKA,348944,348944,yes
SHAHEED BENAZIRABAD DISTRICT,exact,name,SHAHEED BENAZIRABAD DISTRICT,SHAHEED BENAZIRABAD DISTRICT,NAWABSHAH TALUKA,NAWABSHAH TALUKA,413402,413402,yes
SHAHEED BENAZIRABAD DISTRICT,exact,name,SHAHEED BENAZIRABAD DISTRICT,SHAHEED BENAZIRABAD DISTRICT,SAKRAND TALUKA,SAKRAND TALUKA,373167,373167,yes
SHANGLA DISTRICT,exact,name,SHANGLA DISTRICT,SHANGLA DISTRICT,BISHAM TEHSIL,BISHAM TEHSIL,105950,105950,yes
SHANGLA DISTRICT,exact,name,SHANGLA DISTRICT,SHANGLA DISTRICT,PURAN TEHSIL,PURAN TEHSIL,145298,145298,yes
SHEIKHUPURA DISTRICT,exact,name,SHEIKHUPURA DISTRICT,SHEIKHUPURA DISTRICT,SAFDARABAD TEHSIL,SAFDARABAD TEHSIL,272807,272807,yes
SHEIKHUPURA DISTRICT,exact,name,SHEIKHUPURA DISTRICT,SHEIKHUPURA DISTRICT,SHARAK PUR TEHSIL,SHARAK PUR TEHSIL,197459,197459,yes
SHEIKHUPURA DISTRICT,exact,name,SHEIKHUPURA DISTRICT,SHEIKHUPURA DISTRICT,SHEIKHUPURA TEHSIL,SHEIKHUPURA TEHSIL,1555660,1555660,yes
SHERANI DISTRICT,exact,name,SHERANI DISTRICT,SHERANI DISTRICT,SHERANI SUB-DIVISION,SHERANI SUB-DIVISION,152952,152952,yes
SHIKARPUR DISTRICT,exact,name,SHIKARPUR DISTRICT,SHIKARPUR DISTRICT,GARHI YASIN TALUKA,GARHI YASIN TALUKA,316573,316573,yes
SHIKARPUR DISTRICT,exact,name,SHIKARPUR DISTRICT,SHIKARPUR DISTRICT,KHANPUR TALUKA,KHANPUR TALUKA,276140,276140,yes
SHIKARPUR DISTRICT,exact,name,SHIKARPUR DISTRICT,SHIKARPUR DISTRICT,LAKHI TALUKA,LAKHI TALUKA,248756,248756,yes
SHIKARPUR DISTRICT,exact,name,SHIKARPUR DISTRICT,SHIKARPUR DISTRICT,SHIKARPUR TALUKA,SHIKARPUR TALUKA,392291,392291,yes
SIALKOT DISTRICT,exact,name,SIALKOT DISTRICT,SIALKOT DISTRICT,DASKA TEHSIL,DASKA TEHSIL,847117,847117,yes
SIALKOT DISTRICT,exact,name,SIALKOT DISTRICT,SIALKOT DISTRICT,PASRUR TEHSIL,PASRUR TEHSIL,840847,840847,yes
SIALKOT DISTRICT,exact,name,SIALKOT DISTRICT,SIALKOT DISTRICT,SAMBRIAL TEHSIL,SAMBRIAL TEHSIL,410823,410823,yes
SIALKOT DISTRICT,exact,name,SIALKOT DISTRICT,SIALKOT DISTRICT,SIALKOT TEHSIL,SIALKOT TEHSIL,1796151,1796151,yes
SIBI DISTRICT,exact,name,SIBI DISTRICT,SIBI DISTRICT,KOT MANDAI SUB-TEHSIL,KOT MANDAI SUB-TEHSIL,7583,7583,yes
SIBI DISTRICT,exact,name,SIBI DISTRICT,SIBI DISTRICT,SANGAN SUB-TEHSIL,SANGAN SUB-TEHSIL,2665,2665,yes
SOHBATPUR DISTRICT,exact,name,SOHBATPUR DISTRICT,SOHBATPUR DISTRICT,FARIDABAD TEHSIL,FARIDABAD TEHSIL,58204,58204,yes
SOUTH WAZIRISTAN AGENCY,exact,name,SOUTH WAZIRISTAN AGENCY,SOUTH WAZIRISTAN DISTRICT,BIRMIL TEHSIL,BIRMIL TEHSIL,104282,104282,yes
SOUTH WAZIRISTAN AGENCY,exact,name,SOUTH WAZIRISTAN AGENCY,SOUTH WAZIRISTAN DISTRICT,MAKIN TEHSIL,MAKIN TEHSIL,58646,58646,yes
SOUTH WAZIRISTAN AGENCY,exact,name,SOUTH WAZIRISTAN AGENCY,SOUTH WAZIRISTAN DISTRICT,SARAROGHA TEHSIL,SARAROGHA TEHSIL,98180,98180,yes
SOUTH WAZIRISTAN AGENCY,exact,name,SOUTH WAZIRISTAN AGENCY,SOUTH WAZIRISTAN DISTRICT,SERWEKAI TEHSIL,SERWEKAI TEHSIL,54540,54540,yes
SOUTH WAZIRISTAN AGENCY,exact,name,SOUTH WAZIRISTAN AGENCY,SOUTH WAZIRISTAN DISTRICT,TIARZA TEHSIL,TIARZA TEHSIL,45156,45156,yes
SOUTH WAZIRISTAN AGENCY,exact,name,SOUTH WAZIRISTAN AGENCY,SOUTH WAZIRISTAN DISTRICT,TOI KHULLA TEHSIL,TOI KHULLA TEHSIL,50413,50413,yes
SOUTH WAZIRISTAN AGENCY,exact,name,SOUTH WAZIRISTAN AGENCY,SOUTH WAZIRISTAN DISTRICT,WANA TEHSIL,WANA TEHSIL,153156,153156,yes
SUJAWAL DISTRICT,exact,name,SUJAWAL DISTRICT,SUJAWAL DISTRICT,JATI TALUKA,JATI TALUKA,201868,201868,yes
SUJAWAL DISTRICT,exact,name,SUJAWAL DISTRICT,SUJAWAL DISTRICT,KHARO CHAN TALUKA,KHARO CHAN TALUKA,10235,10235,yes
SUJAWAL DISTRICT,exact,name,SUJAWAL DISTRICT,SUJAWAL DISTRICT,MIRPUR BATHORO TALUKA,MIRPUR BATHORO TALUKA,210820,210820,yes
SUJAWAL DISTRICT,exact,name,SUJAWAL DISTRICT,SUJAWAL DISTRICT,SHAH BUNDER TALUKA,SHAH BUNDER TALUKA,159748,159748,yes
SUJAWAL DISTRICT,exact,name,SUJAWAL DISTRICT,SUJAWAL DISTRICT,SUJAWAL TALUKA,SUJAWAL TALUKA,196391,196391,yes
SUKKUR DISTRICT,exact,name,SUKKUR DISTRICT,SUKKUR DISTRICT,NEW SUKKUR TALUKA,NEW SUKKUR TALUKA,320223,320223,yes
SUKKUR DISTRICT,exact,name,SUKKUR DISTRICT,SUKKUR DISTRICT,PANO AQIL TALUKA,PANO AQIL TALUKA,436372,436372,yes
SUKKUR DISTRICT,exact,name,SUKKUR DISTRICT,SUKKUR DISTRICT,ROHRI TALUKA,ROHRI TALUKA,370582,370582,yes
SUKKUR DISTRICT,exact,name,SUKKUR DISTRICT,SUKKUR DISTRICT,SALEHPAT TALUKA,SALEHPAT TALUKA,129736,129736,yes
SUKKUR DISTRICT,exact,name,SUKKUR DISTRICT,SUKKUR DISTRICT,SUKKUR CITY TALUKA,SUKKUR CITY TALUKA,231459,231459,yes
SWABI DISTRICT,exact,name,SWABI DISTRICT,SWABI DISTRICT,LAHOR TEHSIL,LAHOR TEHSIL,305782,305782,yes
SWABI DISTRICT,exact,name,SWABI DISTRICT,SWABI DISTRICT,RAZAR TEHSIL,RAZAR TEHSIL,584876,584876,yes
SWABI DISTRICT,exact,name,SWABI DISTRICT,SWABI DISTRICT,SWABI TEHSIL,SWABI TEHSIL,406321,406321,yes
SWABI DISTRICT,exact,name,SWABI DISTRICT,SWABI DISTRICT,TOPI TEHSIL,TOPI TEHSIL,328498,328498,yes
SWAT DISTRICT,exact,name,SWAT DISTRICT,SWAT DISTRICT,BABUZAI TEHSIL,BABUZAI TEHSIL,599324,599324,yes
SWAT DISTRICT,exact,name,SWAT DISTRICT,SWAT DISTRICT,BARIKOT TEHSIL,BARIKOT TEHSIL,183777,183777,yes
SWAT DISTRICT,exact,name,SWAT DISTRICT,SWAT DISTRICT,BEHRAIN TEHSIL,BEHRAIN TEHSIL,248422,248422,yes
SWAT DISTRICT,exact,name,SWAT DISTRICT,SWAT DISTRICT,CHARBAGH TEHSIL,CHARBAGH TEHSIL,126001,126001,yes
SWAT DISTRICT,exact,name,SWAT DISTRICT,SWAT DISTRICT,KABAL TEHSIL,KABAL TEHSIL,420001,420001,yes
SWAT DISTRICT,exact,name,SWAT DISTRICT,SWAT DISTRICT,KHAWAZAKHELA TEHSIL,KHAWAZAKHELA TEHSIL,265500,265500,yes
SWAT DISTRICT,exact,name,SWAT DISTRICT,SWAT DISTRICT,MATTA TEHSIL,MATTA TEHSIL,465599,465599,yes
TANDO ALLAHYAR DISTRICT,exact,name,TANDO ALLAHYAR DISTRICT,TANDO ALLAHYAR DISTRICT,CHAMBER TALUKA,CHAMBER TALUKA,210202,210202,yes
TANDO ALLAHYAR DISTRICT,exact,name,TANDO ALLAHYAR DISTRICT,TANDO ALLAHYAR DISTRICT,JHANDO MARI TALUKA,JHANDO MARI TALUKA,241170,241170,yes
TANDO ALLAHYAR DISTRICT,exact,name,TANDO ALLAHYAR DISTRICT,TANDO ALLAHYAR DISTRICT,TANDO ALLAHYAR TALUKA,TANDO ALLAHYAR TALUKA,387155,387155,yes
TANDO MUHAMMAD KHAN DISTRICT,exact,name,TANDO MUHAMMAD KHAN DISTRICT,TANDO MUHAMMAD KHAN DISTRICT,BULRI SHAH KARIM TALUKA,BULRI SHAH KARIM TALUKA,237011,237011,yes
TANDO MUHAMMAD KHAN DISTRICT,exact,name,TANDO MUHAMMAD KHAN DISTRICT,TANDO MUHAMMAD KHAN DISTRICT,TANDO GHULAM HYDER TALUKA,TANDO GHULAM HYDER TALUKA,184683,184683,yes
TANDO MUHAMMAD KHAN DISTRICT,exact,name,TANDO MUHAMMAD KHAN DISTRICT,TANDO MUHAMMAD KHAN DISTRICT,TANDO MUHAMMAD KHAN TALUKA,TANDO MUHAMMAD KHAN TALUKA,255404,255404,yes
THARPARKAR DISTRICT,exact,name,THARPARKAR DISTRICT,THARPARKAR DISTRICT,CHACHRO TALUKA,CHACHRO TALUKA,350807,350807,yes
THARPARKAR DISTRICT,exact,name,THARPARKAR DISTRICT,THARPARKAR DISTRICT,DAHLI TALUKA,DAHLI TALUKA,305529,305529,yes
THARPARKAR DISTRICT,exact,name,THARPARKAR DISTRICT,THARPARKAR DISTRICT,DIPLO TALUKA,DIPLO TALUKA,148871,148871,yes
THARPARKAR DISTRICT,exact,name,THARPARKAR DISTRICT,THARPARKAR DISTRICT,ISLAMKOT TALUKA,ISLAMKOT TALUKA,244439,244439,yes
THARPARKAR DISTRICT,exact,name,THARPARKAR DISTRICT,THARPARKAR DISTRICT,KALOI TALUKA,KALOI TALUKA,117609,117609,yes
THARPARKAR DISTRICT,exact,name,THARPARKAR DISTRICT,THARPARKAR DISTRICT,MITHI TALUKA,MITHI TALUKA,219901,219901,yes
THARPARKAR DISTRICT,exact,name,THARPARKAR DISTRICT,THARPARKAR DISTRICT,NAGAR PARKAR TALUKA,NAGAR PARKAR TALUKA,259880,259880,yes
THATTA DISTRICT,exact,name,THATTA DISTRICT,THATTA DISTRICT,GHORABARI TALUKA,GHORABARI TALUKA,174046,174046,yes
THATTA DISTRICT,exact,name,THATTA DISTRICT,THATTA DISTRICT,KETI BUNDER TALUKA,KETI BUNDER TALUKA,59699,59699,yes
THATTA DISTRICT,exact,name,THATTA DISTRICT,THATTA DISTRICT,MIRPUR SAKRO TALUKA,MIRPUR SAKRO TALUKA,341689,341689,yes
THATTA DISTRICT,exact,name,THATTA DISTRICT,THATTA DISTRICT,THATTA TALUKA,THATTA TALUKA,406704,406704,yes
UMER KOT DISTRICT,exact,name,UMER KOT DISTRICT,UMER KOT DISTRICT,KUNRI TALUKA,KUNRI TALUKA,218460,218460,yes
UMER KOT DISTRICT,exact,name,UMER KOT DISTRICT,UMER KOT DISTRICT,PITHORO TALUKA,PITHORO TALUKA,120005,120005,yes
UMER KOT DISTRICT,exact,name,UMER KOT DISTRICT,UMER KOT DISTRICT,SAMARO TALUKA,SAMARO TALUKA,170216,170216,yes
UMER KOT DISTRICT,exact,name,UMER KOT DISTRICT,UMER KOT DISTRICT,UMER KOT TALUKA,UMER KOT TALUKA,564788,564788,yes
UPPER DIR DISTRICT,exact,name,UPPER DIR DISTRICT,UPPER DIR DISTRICT,SHARINGAL SUB-DIVISION,SHARINGAL SUB-DIVISION,185121,185121,yes
UPPER DIR DISTRICT,exact,name,UPPER DIR DISTRICT,UPPER DIR DISTRICT,WARI SUB-DIVISION,WARI SUB-DIVISION,322755,322755,yes
VEHARI DISTRICT,exact,name,VEHARI DISTRICT,VEHARI DISTRICT,BUREWALA TEHSIL,BUREWALA TEHSIL,1019659,1019659,yes
VEHARI DISTRICT,exact,name,VEHARI DISTRICT,VEHARI DISTRICT,MAILSI TEHSIL,MAILSI TEHSIL,953610,953610,yes
VEHARI DISTRICT,exact,name,VEHARI DISTRICT,VEHARI DISTRICT,VEHARI TEHSIL,VEHARI TEHSIL,928812,928812,yes
WASHUK DISTRICT,exact,name,WASHUK DISTRICT,WASHUK DISTRICT,NAG SUB-TEHSIL,NAG SUB-TEHSIL,34477,34477,yes
ZHOB DISTRICT,exact,name,ZHOB DISTRICT,ZHOB DISTRICT,ASHWAT SUB-TEHSIL,ASHWAT SUB-TEHSIL,20768,20768,yes
ZHOB DISTRICT,exact,name,ZHOB DISTRICT,ZHOB DISTRICT,KASHATOO SUB-TEHSIL,KASHATOO SUB-TEHSIL,5184,5184,yes
ZHOB DISTRICT,exact,name,ZHOB DISTRICT,ZHOB DISTRICT,SAMBAZA SUB-TEHSIL,SAMBAZA SUB-TEHSIL,17465,17465,yes
AWARAN DISTRICT,renamed,name,AWARAN DISTRICT,AWARAN DISTRICT,AWARAN TEHSIL,AWARAN SUB-DIVISION,30345,30345,yes
AWARAN DISTRICT,renamed,name,AWARAN DISTRICT,AWARAN DISTRICT,GISHKORE SUB-TEHSIL,GISHKORE TEHSIL,18390,18390,yes
BANNU DISTRICT + FR BANNU,renamed,population,FR BANNU,BANNU DISTRICT,TRIBAL AREA ADJ. BANNU DISTRICT,WAZIR SUB-DIVISION,43112,43112,yes
CHAGAI DISTRICT,renamed,name,CHAGAI DISTRICT,CHAGAI DISTRICT,CHAGAI SUB-TEHSIL,CHAGAI TEHSIL,58256,58256,yes
CHAGAI DISTRICT,renamed,name,CHAGAI DISTRICT,CHAGAI DISTRICT,NOKUNDI SUB-TEHSIL,NOKUNDI TEHSIL,22283,22283,yes
CHAGAI DISTRICT,renamed,name,CHAGAI DISTRICT,CHAGAI DISTRICT,TAFTAN SUB-TEHSIL,TAFTAN SUB-DIVISION,18510,18510,yes
DERA BUGTI DISTRICT,renamed,name,DERA BUGTI DISTRICT,DERA BUGTI DISTRICT,DERA BUGTI TEHSIL,DERA BUGTI SUB-DIVISION,48415,48415,yes
DERA BUGTI DISTRICT,renamed,name,DERA BUGTI DISTRICT,DERA BUGTI DISTRICT,LOTI TEHSIL,LOTI SUB-TEHSIL,18058,18058,yes
DERA BUGTI DISTRICT,renamed,population,DERA BUGTI DISTRICT,DERA BUGTI DISTRICT,PHELAWAGH TEHSIL,QADIRABAD SUB-DIVISION,28054,28054,yes
DERA BUGTI DISTRICT,renamed,name,DERA BUGTI DISTRICT,DERA BUGTI DISTRICT,SUI TEHSIL,SUI SUB-DIVISION,120975,120975,yes
DERA GHAZI KHAN DISTRICT,renamed,population,DERA GHAZI KHAN DISTRICT,DERA GHAZI KHAN DISTRICT,DE-EXCLUDED AREA D.G KHAN TEHSIL,KOH-E-SULEMAN TEHSIL,212652,212652,yes
DERA ISMAIL KHAN DISTRICT + FR D.I.KHAN,renamed,population,FR D.I.KHAN,DERA ISMAIL KHAN DISTRICT,TRIBAL AREA ADJ. DERA ISMAIL KHAN DISTRICT,DRAZANDA SUB-DIVISION,68506,68506,yes
FR KOHAT + KOHAT DISTRICT,renamed,population,FR KOHAT,KOHAT DISTRICT,TRIBAL AREA ADJ. KOHAT DISTRICT,DARRA ADAM KHEL SUB-DIVISION,118839,118839,yes
FR LAKKI MARWAT + LAKKI MARWAT DISTRICT,renamed,population,FR LAKKI MARWAT,LAKKI MARWAT DISTRICT,TRIBAL AREA ADJ. LAKKI MARWAT DISTRICT,BETTANI SUB-DIVISION,26394,26394,yes
FR PESHAWAR + PESHAWAR DISTRICT,renamed,population,FR PESHAWAR,PESHAWAR DISTRICT,TRIBAL AREA ADJ. PESHAWAR DISTRICT,HASSAN KHEL SUB-DIVISION,64761,64761,yes
FR TANK + TANK DISTRICT,renamed,population,FR TANK,TANK DISTRICT,TRIBAL AREA ADJ. TANK DISTRICT,JANDOLA SUB-DIVISION,36418,36418,yes
GWADAR DISTRICT,renamed,name,GWADAR DISTRICT,GWADAR DISTRICT,GWADAR TEHSIL,GWADAR SUB-DIVISION,137695,137695,yes
GWADAR DISTRICT,renamed,name,GWADAR DISTRICT,GWADAR DISTRICT,PASNI TEHSIL,PASNI SUB-DIVISION,61347,61347,yes
HARNAI DISTRICT,renamed,name,HARNAI DISTRICT,HARNAI DISTRICT,HARNAI TEHSIL,HARNAI SUB-DIVISION,64056,64056,yes
HARNAI DISTRICT,renamed,name,HARNAI DISTRICT,HARNAI DISTRICT,KHOAST SUB-TEHSIL,KHOAST SUB-DIVISION,12279,12279,yes
JAFFARABAD DISTRICT,renamed,population,JAFFARABAD DISTRICT,JAFFARABAD DISTRICT,GANDHAKA TEHSIL,GANDAKHA TEHSIL,74881,74881,yes
JAFFARABAD DISTRICT,renamed,name,JAFFARABAD DISTRICT,JAFFARABAD DISTRICT,JHAT PAT TEHSIL,JHAT PAT SUB-DIVISION,253107,253107,yes
JAFFARABAD DISTRICT,renamed,name,JAFFARABAD DISTRICT,JAFFARABAD DISTRICT,USTA MUHAMMAD TEHSIL,USTA MUHAMMAD SUB-DIVISION,185984,185984,yes
KACHHI DISTRICT + NASIRABAD DISTRICT,renamed,name,NASIRABAD DISTRICT,NASIRABAD DISTRICT,DERA MURAD JAMALI TEHSIL,DERA MURAD JAMALI SUB-DIVISION,230775,230775,yes
KACHHI DISTRICT + NASIRABAD DISTRICT,renamed,name,KACHHI DISTRICT,KACHHI DISTRICT,DHADAR TEHSIL,DHADAR SUB-DIVISION,42389,42389,yes
KACHHI DISTRICT + NASIRABAD DISTRICT,renamed,name,KACHHI DISTRICT,KACHHI DISTRICT,MACH SUB-TEHSIL,MACH SUB-DIVISION,39629,39629,yes
KACHHI DISTRICT + NASIRABAD DISTRICT,renamed,name,KACHHI DISTRICT,KACHHI DISTRICT,SANNI SUB-TEHSIL,SANNI SUB-DIVISION,96901,96901,yes
KALAT DISTRICT,renamed,name,KALAT DISTRICT,KALAT DISTRICT,MANGOCHAR TEHSIL,MANGOCHAR SUB-DIVISION,65678,65678,yes
KARACHI WEST DISTRICT,renamed,population,KARACHI WEST DISTRICT,KEAMARI DISTRICT,HARBOUR SUB-DIVISION,KEAMARI SUB-DIVISION,401115,401115,yes
KECH DISTRICT,renamed,name,KECH DISTRICT,KECH DISTRICT,BULAIDA SUB-TEHSIL,BULAIDA SUB-DIVISION,77148,77148,yes
KECH DISTRICT,renamed,name,KECH DISTRICT,KECH DISTRICT,DASHT SUB-TEHSIL,DASHT SUB-DIVISION,76470,76470,yes
KECH DISTRICT,renamed,population,KECH DISTRICT,KECH DISTRICT,KECH (TURBAT) TEHSIL,TURBAT SUB-DIVISION,416608,416608,yes
KECH DISTRICT,renamed,name,KECH DISTRICT,KECH DISTRICT,MAND SUB-TEHSIL,MAND TEHSIL,50995,50995,yes
KECH DISTRICT,renamed,name,KECH DISTRICT,KECH DISTRICT,TUMP SUB-TEHSIL,TUMP SUB-DIVISION,146008,146008,yes
KHARAN DISTRICT,renamed,name,KHARAN DISTRICT,KHARAN DISTRICT,SAR KHARAN TEHSIL,SAR KHARAN SUB-DIVISION,49393,49393,yes
KHUSHAB DISTRICT,renamed,name,KHUSHAB DISTRICT,KHUSHAB DISTRICT,NOORPUR TEHSIL,NOOR PUR TEHSIL,242831,242831,yes
KHUZDAR DISTRICT,renamed,name,KHUZDAR DISTRICT,KHUZDAR DISTRICT,KARAKH SUB-TEHSIL,KARAKH SUB-DIVISION,31016,31016,yes
KHUZDAR DISTRICT,renamed,name,KHUZDAR DISTRICT,KHUZDAR DISTRICT,KHUZDAR TEHSIL,KHUZDAR SUB-DIVISION,299464,299464,yes
KHUZDAR DISTRICT,renamed,name,KHUZDAR DISTRICT,KHUZDAR DISTRICT,ORNACH SUB-TEHSIl,ORNACH SUB-DIVISION,37588,37588,yes
KHUZDAR DISTRICT,renamed,name,KHUZDAR DISTRICT,KHUZDAR DISTRICT,WADH TEHSIL,WADH SUB-DIVISION,100115,100115,yes
KHUZDAR DISTRICT,renamed,name,KHUZDAR DISTRICT,KHUZDAR DISTRICT,ZEHRI TEHSIL,ZEHRI SUB-DIVISION,101987,101987,yes
KILLA ABDULLAH DISTRICT,renamed,name,KILLA ABDULLAH DISTRICT,KILLA ABDULLAH DISTRICT,GULISTAN TEHSIL,GULISTAN SUB-DIVISION,114984,114984,yes
KILLA ABDULLAH DISTRICT,renamed,name,KILLA ABDULLAH DISTRICT,KILLA ABDULLAH DISTRICT,KILLA ABDULLAH TEHSIL,KILLA ABDULLAH SUB-DIVISION,147068,147068,yes
KILLA SAIFULLAH DISTRICT,renamed,name,KILLA SAIFULLAH DISTRICT,KILLA SAIFULLAH DISTRICT,KILLA SAIFULLAH TEHSIL,KILLA SAIFULLAH SUB-DIVISION,132346,132346,yes
KOHLU DISTRICT,renamed,name,KOHLU DISTRICT,KOHLU DISTRICT,KAHAN TEHSIL,KAHAN SUB-DIVISION,73833,73833,yes
KOHLU DISTRICT,renamed,name,KOHLU DISTRICT,KOHLU DISTRICT,KOHLU TEHSIL,KOHLU SUB-DIVISION,45152,45152,yes
KOHLU DISTRICT,renamed,name,KOHLU DISTRICT,KOHLU DISTRICT,MAWAND TEHSIL,MAWAND SUB-DIVISION,41516,41516,yes
KOHLU DISTRICT,renamed,name,KOHLU DISTRICT,KOHLU DISTRICT,TAMBOO TEHSIL,TAMBOO SUB-TEHSIL,36405,36405,yes
KURRAM AGENCY,renamed,name,KURRAM AGENCY,KURRAM DISTRICT,CENTRAL KURRAM F.R,CENTRAL KURRAM F.R TEHSIL,229007,229007,yes
LASBELA DISTRICT,renamed,name,LASBELA DISTRICT,LASBELA DISTRICT,BELA TEHSIL,BELA SUB-DIVISION,104727,104727,yes
LASBELA DISTRICT,renamed,name,LASBELA DISTRICT,LASBELA DISTRICT,DUREJI TEHSIL,DUREJI SUB-DIVISION,45541,45541,yes
LASBELA DISTRICT,renamed,name,LASBELA DISTRICT,LASBELA DISTRICT,HUB TEHSIL,HUB SUB-DIVISION,205487,205487,yes
LASBELA DISTRICT,renamed,name,LASBELA DISTRICT,LASBELA DISTRICT,KANRAJ TEHSIL,KANRAJ SUB-DIVISION,12389,12389,yes
LASBELA DISTRICT,renamed,name,LASBELA DISTRICT,LASBELA DISTRICT,LIARI TEHSIL,LIARI SUB-TEHSIL,11730,11730,yes
LASBELA DISTRICT,renamed,name,LASBELA DISTRICT,LASBELA DISTRICT,UTHAL TEHSIL,UTHAL SUB-DIVISION,72290,72290,yes
LORALAI DISTRICT,renamed,population,LORALAI DISTRICT,LORALAI DISTRICT,LORALAI\BORI TEHSIL,BORI SUB-DIVISION,203579,203579,yes
LORALAI DISTRICT,renamed,name,LORALAI DISTRICT,LORALAI DISTRICT,MEKHTAR SUB-TEHSIL,MEKHTAR SUB-DIVISION,40867,40867,yes
MANSEHRA DISTRICT,renamed,name,MANSEHRA DISTRICT,MANSEHRA DISTRICT,BALA KOT TEHSIL,BALAKOT TEHSIL,273257,273257,yes
MASTUNG DISTRICT,renamed,name,MASTUNG DISTRICT,MASTUNG DISTRICT,DASHT TEHSIL,DASHT SUB-DIVISION,64765,64765,yes
MASTUNG DISTRICT,renamed,name,MASTUNG DISTRICT,MASTUNG DISTRICT,KIRDGAP SUB-TEHSIL,KIRDGAP SUB-DIVISION,28624,28624,yes
MASTUNG DISTRICT,renamed,name,MASTUNG DISTRICT,MASTUNG DISTRICT,MASTUNG TEHSIL,MASTUNG SUB-DIVISION,133427,133427,yes
PANJGUR DISTRICT,renamed,name,PANJGUR DISTRICT,PANJGUR DISTRICT,GOWARGO TEHSIL,GOWARGO SUB-DIVISION,16329,16329,yes
PANJGUR DISTRICT,renamed,population,PANJGUR DISTRICT,PANJGUR DISTRICT,PAROME TEHSIL,JAHEEN PAROME TEHSIL,23215,23215,yes
PISHIN DISTRICT,renamed,name,PISHIN DISTRICT,PISHIN DISTRICT,HURRAM ZAI SUB-TEHSIL,HURRAM ZAI SUB-DIVISION,132102,132102,yes
PISHIN DISTRICT,renamed,name,PISHIN DISTRICT,PISHIN DISTRICT,PISHIN TEHSIL,PISHIN SUB-DIVISION,307610,307610,yes
QUETTA DISTRICT,renamed,name,QUETTA DISTRICT,QUETTA DISTRICT,PANJ PAI SUB-TEHSIL,SUB-TEHSIL PANJPAI,19011,19011,yes
RAHIM YAR KHAN DISTRICT,renamed,name,RAHIM YAR KHAN DISTRICT,RAHIM YAR KHAN DISTRICT,LIAQUATPUR TEHSIL,LIAQUAT PUR TEHSIL,1033906,1033906,yes
SIBI DISTRICT,renamed,name,SIBI DISTRICT,SIBI DISTRICT,LEHRI TEHSIL,LEHRI SUB-DIVISION,44490,44490,yes
SIBI DISTRICT,renamed,name,SIBI DISTRICT,SIBI DISTRICT,SIBI TEHSIL,SIBI SUB-DIVISION,125013,125013,yes
SOHBATPUR DISTRICT,renamed,name,SOHBATPUR DISTRICT,SOHBATPUR DISTRICT,SOHBATPUR TEHSIL,SOHBATPUR SUB-DIVISION,53434,53434,yes
WASHUK DISTRICT,renamed,name,WASHUK DISTRICT,WASHUK DISTRICT,BESIMA SUB-TEHSIL,BESIMA SUB-DIVISION,40266,40266,yes
WASHUK DISTRICT,renamed,name,WASHUK DISTRICT,WASHUK DISTRICT,MASHKHEL SUB-TEHSIL,MASHKHEL SUB-DIVISION,38634,38634,yes
WASHUK DISTRICT,renamed,population,WASHUK DISTRICT,WASHUK DISTRICT,SHAHGORI SUB-TEHSIL,SHAHOO GARHI SUB-TEHSIL,27548,27548,yes
WASHUK DISTRICT,renamed,name,WASHUK DISTRICT,WASHUK DISTRICT,WASHUK SUB-TEHSIL,WASHUK SUB-DIVISION,34787,34787,yes
ZHOB DISTRICT,renamed,population,ZHOB DISTRICT,ZHOB DISTRICT,QAMAR DIN KAREZ TEHSIL,KAKAR KHURASAN SUB-DIVISION,13831,13831,yes
ZHOB DISTRICT,renamed,name,ZHOB DISTRICT,ZHOB DISTRICT,ZHOB TEHSIL,ZHOB SUB-DIVISION,253106,253106,yes
ZIARAT DISTRICT,renamed,name,ZIARAT DISTRICT,ZIARAT DISTRICT,SINJAWI SUB-TEHSIL,SINJAWI SUB-DIVISION,92497,92497,yes
ZIARAT DISTRICT,renamed,name,ZIARAT DISTRICT,ZIARAT DISTRICT,ZIARAT TEHSIL,ZIARAT SUB-DIVISION,67598,67598,yes
ABBOTTABAD DISTRICT,restructured,,,,ABBOTTABAD TEHSIL + HAVELIAN TEHSIL,ABBOTTABAD TEHSIL + HAVELIAN TEHSIL + LORA TEHSIL + LOWER TANAWAL TEHSIL,1333089,1333089,yes
AWARAN DISTRICT,restructured,,,,JHAL JAO SUB-TEHSIL,JHAL JAO TEHSIL + KORAK JHAO TEHSIL,40010,40010,yes
BAHAWALNAGAR DISTRICT,restructured,,,,CHISHTIAN TEHSIL + HAROONABAD TEHSIL,CHISHTIAN TEHSIL + HAROONABAD TEHSIL,1214481,1214481,yes
BANNU DISTRICT + FR BANNU,restructured,,,,BANNU TEHSIL,BAKKA KHEL TEHSIL + BANNU TEHSIL + KAKKI TEHSIL + MERYAN TEHSIL,958103,958103,yes
BUNER DISTRICT,restructured,,,,DAGGAR TEHSIL + GAGRA TEHSIL,CHAGHARZAI TEHSIL + DAGGAR TEHSIL + GADEZAI TEHSIL + GAGRA TEHSIL,624780,624780,yes
CHAGAI DISTRICT,restructured,,,,DALBANDIN TEHSIL,DALBANDIN SUB-DIVISION + YAK MACHH SUB-TEHSIL,127468,127468,yes
CHAKWAL DISTRICT,restructured,,,,LAWA TEHSIL + TALA GANG TEHSIL,LAWA TEHSIL + TALA GANG TEHSIL,527756,527756,yes
CHARSADDA DISTRICT,restructured,,,,CHARSADDA TEHSIL + TANGI TEHSIL,CHARSADDA TEHSIL + TANGI TEHSIL,1231008,1231008,yes
CHITRAL DISTRICT,restructured,,,,CHITRAL SUB-DIVISION,CHITRAL SUB-DIVISION + DROSH SUB-DIVISION,278328,278328,yes
DERA ISMAIL KHAN DISTRICT + FR D.I.KHAN,restructured,,,,DERA ISMAIL KHAN TEHSIL + PAHARPUR TEHSIL + PAROA TEHSIL,DERA ISMAIL KHAN TEHSIL + PAHARPUR TEHSIL + PAROA TEHSIL,1398878,1398878,yes
FR KOHAT + KOHAT DISTRICT,restructured,,,,KOHAT TEHSIL,GUMBAT TEHSIL + KOHAT TEHSIL,848997,848997,yes
FR LAKKI MARWAT + LAKKI MARWAT DISTRICT,restructured,,,,LAKKI MARWAT TEHSIL,GHAZNI KHEL TEHSIL + LAKKI MARWAT TEHSIL,578874,578874,yes
FR PESHAWAR + PESHAWAR DISTRICT,restructured,,,,PESHAWAR TEHSIL,BADHBER TEHSIL + CHAM KANI TEHSIL + MATHRA TEHSIL + PESHAWAR TEHSIL + PISHTA KHARA TEHSIL + SHAH ALAM TEHSIL,4267198,4267198,yes
GUJRANWALA DISTRICT,restructured,,,,GUJRANWALA CITY TEHSIL + GUJRANWALA SADDAR TEHSIL,GUJRANWALA CITY TEHSIL + GUJRANWALA SADDAR TEHSIL,3066293,3066293,yes
HARIPUR DISTRICT,restructured,,,,HARIPUR TEHSIL,HARIPUR TEHSIL + KHANPUR TEHSIL,856598,856598,yes
JHANG DISTRICT + TOBA TEK SINGH DISTRICT,restructured,,,,PIRMAHAL TEHSIL + SHORKOT TEHSIL,PIRMAHAL TEHSIL + SHORKOT TEHSIL,970813,970813,yes
KACHHI DISTRICT + NASIRABAD DISTRICT,restructured,,,,BABA KOT TEHSIL + BHAG TEHSIL + CHATTAR SUB-TEHSIL + TAMBOO TEHSIL,BABA KOT TEHSIL + BHAG SUB-DIVISION + CHATTAR SUB-DIVISION + LANDHI TEHSIL + MIR HASSAN KHOSA TEHSIL + TAMBOO TEHSIL,330531,330531,yes
KALAT DISTRICT,restructured,,,,KALAT TEHSIL + SURAB TEHSIL,DASHT E GORAN SUB-DIVISION + GIDDER SUB-DIVISION + KALAT SUB-DIVISION + SHAHEED MEHARABAD ZEHRI SUB-DIVISION + SURAB SUB-DIVISION,329951,329951,yes
KHARAN DISTRICT,restructured,,,,KHARAN TEHSIL + SUB TEHSIL TOHMULK,KHARAN SUB-DIVISION + PATKAIN SUB-TEHSIL + TOHMULK SUB-TEHSIL,113373,113373,yes
KHUZDAR DISTRICT,restructured,,,,NAL SUB-TEHSIL,GRESHA SUB-TEHSIL + NAL SUB-DIVISION,130897,130897,yes
KILLA ABDULLAH DISTRICT,restructured,,,,CHAMAN TEHSIL,CHAMAN CITY SUB-DIVISION + CHAMAN SADDAR SUB-DIVISION,434561,434561,yes
KOHISTAN DISTRICT,restructured,,,,DASSU SUB-DIVISION + KANDIA SUB-DIVISION + PALAS SUB-DIVISION + PATTAN SUB-DIVISION,BANKAND RANOLIA TEHSIL + BATTAIRA SUB-DIVISION + DASSU SUB-DIVISION + HARBAN BHASHA TEHSIL + KANDIA SUB-DIVISION + PALAS SUB-DIVISION + PATTAN SUB-DIVISION + SEO SUB-DIVISION,784711,784711,yes
LAHORE DISTRICT,restructured,,,,LAHORE CITY TEHSIL + MODEL TOWN TEHSIL,LAHORE CITY TEHSIL + MODEL TOWN TEHSIL,6357185,6357185,yes
LORALAI DISTRICT,restructured,,,,DUKI TEHSIL,DUKI SUB-DIVISION + LUNI SUB-DIVISION + TALAO SUB-TEHSIL + THAL CHUTYALI SUB-DIVISION,152977,152977,yes
MANSEHRA DISTRICT,restructured,,,,MANSEHRA TEHSIL + OGHI TEHSIL,BAFFA PAKHAL TEHSIL + DARBAND TEHSIL + MANSEHRA TEHSIL + OGHI TEHSIL,1282485,1282485,yes
MARDAN DISTRICT,restructured,,,,KATLANG TEHSIL + MARDAN TEHSIL,GHARI KAPOORA TEHSIL + KATLANG TEHSIL + MARDAN TEHSIL + RUSTAM TEHSIL,1746227,1746227,yes
MUSAKHEL DISTRICT,restructured,,,,DRUG TEHSIL + MUSAKHEL TEHSIL,DRUG TEHSIL + MUSAKHEL TEHSIL + TIYAR ESSOT SUB-TEHSIL + TOISAR TEHSIL + ZIMRI PLASEEN SUB-TEHSIL,135904,135904,yes
MUZAFFARGARH DISTRICT,restructured,,,,KOT ADDU TEHSIL,CHOWK SARWAR SHAHEED TEHSIL + KOT ADDU TEHSIL,1347501,1347501,yes
NUSHKI DISTRICT,restructured,,,,NUSHKI TEHSIL,DAK SUB-TEHSIL + NUSHKI SUB-DIVISION,178947,178947,yes
PANJGUR DISTRICT,restructured,,,,PANJGUR TEHSIL,KALLAG SUB-TEHSIL + PANJGUR SUB-DIVISION,259163,259163,yes
PISHIN DISTRICT,restructured,,,,BARSHORE SUB-TEHSIL + KAREZAT SUB-TEHSIL,BARSHORE TEHSIL + BOSTAN TEHSIL + KAREZAT SUB-DIVISION + NANA SAHIB TEHSIL,240889,240889,yes
QUETTA DISTRICT,restructured,,,,QUETTA CITY TEHSIL + QUETTA SADDAR TEHSIL,SUB-DIVISION CITY + SUB-DIVISION KUCHLAK + SUB-DIVISION SADDAR TEHSIL + SUB-DIVISION SARIAB,2250462,2250462,yes
RAWALPINDI DISTRICT,restructured,,,,KAHUTA TEHSIL + KOTLI SATTIAN TEHSIL,KAHUTA TEHSIL + KOTLI SATTIAN TEHSIL,340041,340041,yes
SHANGLA DISTRICT,restructured,,,,ALPURI TEHSIL,ALPURI TEHSIL + CHAKISAR TEHSIL + MARTUNG TEHSIL,508361,508361,yes
SHEIKHUPURA DISTRICT,restructured,,,,FEROZEWALA TEHSIL + MURIDKE TEHSIL,FEROZEWALA TEHSIL + MURIDKE TEHSIL,1434078,1434078,yes
SOHBATPUR DISTRICT,restructured,,,,SANHRI TEHSIL,HAIR DIN TEHSIL + MANJHIPUR TEHSIL + PANHWAR TEHSIL + SAEED MUHAMMAD KANRANI TEHSIL,88788,88788,yes
SOUTH WAZIRISTAN AGENCY,restructured,,,,LADHA TEHSIL,LADHA TEHSIL + SHAKTOI TEHSIL,110842,110842,yes
TORGHAR DISTRICT,restructured,,,,JUDBA TEHSIL + KHANDER TEHSIL,DAUR MERA TEHSIL + JUDBA TEHSIL + KHANDER TEHSIL,171349,171349,yes
UPPER DIR DISTRICT,restructured,,,,DIR SUB-DIVISION,DIR SUB-DIVISION + LARJUM SUB-DIVISION,439525,439525,yes
