district_key,district,province,merged_district,n_px,pop_2020,mot_mean,mot_median,mot_popw_mean,mot_popw_median,wal_mean,wal_median,wal_popw_mean,wal_popw_median,mot_pct_pop_gt30,mot_pct_pop_gt60,mot_pct_pop_gt120,wal_pct_pop_gt30,wal_pct_pop_gt60,wal_pct_pop_gt120,release
bagh,Bagh,Azad Jammu & Kashmir,0,991,369027,51.4,29.8,36.0,22.2,153.0,142.0,125.3,112.0,36.2,17.9,6.9,85.3,73.8,47.4,2026-09
bhimber,Bhimber,Azad Jammu & Kashmir,0,1647,366118,41.8,39.1,36.9,34.0,148.1,145.0,131.8,131.0,53.5,22.7,0.4,93.5,85.3,58.4,2026-09
hattian,Hattian,Azad Jammu & Kashmir,0,985,210273,121.5,99.7,86.5,55.8,427.9,425.0,367.3,334.0,67.6,46.9,26.3,100.0,100.0,97.9,2026-09
haveli,Haveli,Azad Jammu & Kashmir,0,737,136359,85.6,64.8,71.7,50.9,320.8,312.0,283.6,270.0,81.7,41.9,17.7,100.0,100.0,97.5,2026-09
kotli,Kotli,Azad Jammu & Kashmir,0,2259,704437,36.6,29.7,30.0,24.7,228.6,233.0,219.8,225.0,36.2,10.0,0.3,99.0,97.1,84.4,2026-09
mirpur,Mirpur,Azad Jammu & Kashmir,0,1263,314681,19.0,15.1,11.8,9.3,120.1,112.0,90.5,73.0,6.1,0.3,0.0,82.3,60.9,27.5,2026-09
muzaffarabad,Muzaffarabad,Azad Jammu & Kashmir,0,1964,530892,84.9,53.2,40.1,14.8,241.2,236.0,151.1,135.0,35.9,21.8,9.9,74.8,64.4,53.2,2026-09
neelum,Neelum,Azad Jammu & Kashmir,0,4485,137346,400.7,367.3,321.6,284.9,1032.4,1017.0,901.1,859.0,100.0,97.2,88.0,100.0,100.0,100.0,2026-09
poonch,Poonch,Azad Jammu & Kashmir,0,1024,485278,21.2,16.0,16.3,11.7,127.9,124.0,108.0,104.0,15.3,2.7,0.0,87.3,73.4,40.8,2026-09
sudhnutti,Sudhnutti,Azad Jammu & Kashmir,0,768,276014,31.3,26.1,27.5,22.9,217.4,222.0,216.6,224.0,33.8,4.7,0.1,100.0,100.0,96.5,2026-09
awaran,Awaran,Balochistan,0,32553,147266,338.5,291.9,226.0,166.5,1183.9,1182.0,957.2,996.0,89.6,83.0,63.9,99.1,97.6,94.4,2026-09
barkhan,Barkhan,Balochistan,0,4707,123592,159.9,147.5,134.7,120.2,1233.9,1243.0,1195.5,1189.0,100.0,95.5,50.1,100.0,100.0,100.0,2026-09
chaghi,Chaghi,Balochistan,0,59319,128771,382.8,338.0,277.6,220.2,1773.7,1828.0,1292.4,1103.0,98.0,94.5,77.7,99.8,99.2,97.9,2026-09
dera bugti,Dera Bugti,Balochistan,0,13675,226575,216.6,190.9,166.2,128.4,580.9,577.0,519.4,518.0,91.1,74.9,52.3,98.9,97.8,95.9,2026-09
gwadar,Gwadar,Balochistan,0,14786,207031,156.3,132.3,133.4,114.4,1058.9,1111.0,1148.7,1194.0,98.1,95.1,45.2,99.9,99.8,99.5,2026-09
harnai,Harnai,Balochistan,0,4041,92471,119.0,103.2,64.7,33.4,360.0,358.0,230.0,208.0,53.7,36.7,19.8,92.3,81.8,65.8,2026-09
jaffarabad,Jaffarabad,Balochistan,0,2311,385158,43.0,37.8,30.3,23.9,253.6,239.0,191.3,194.0,39.9,13.5,0.1,88.5,83.0,74.3,2026-09
jhal magsi,Jhal Magsi,Balochistan,0,5050,132265,132.7,122.1,115.3,105.6,731.2,719.0,710.1,696.0,97.8,82.9,39.1,100.0,100.0,100.0,2026-09
kachhi,Kachhi,Balochistan,0,7117,241592,106.8,92.6,84.3,65.1,381.1,354.0,329.8,316.0,66.5,52.0,27.9,89.4,82.2,74.9,2026-09
kalat,Kalat,Balochistan,0,18433,292092,200.4,166.7,121.4,83.8,971.3,1005.0,872.4,928.0,92.1,70.2,34.2,99.8,99.2,97.7,2026-09
kech,Kech,Balochistan,0,31641,505323,210.3,173.7,99.5,67.1,938.0,907.0,622.4,604.0,75.4,56.6,26.3,99.1,97.5,93.7,2026-09
kharan,Kharan,Balochistan,0,10926,105228,179.8,138.7,137.2,92.4,649.6,605.0,540.6,493.0,80.5,62.8,41.9,98.1,96.1,91.3,2026-09
khuzdar,Khuzdar,Balochistan,0,40789,512850,207.9,174.6,132.8,96.7,748.3,767.0,639.4,648.0,81.1,63.9,40.6,96.2,93.6,90.1,2026-09
killa abdullah,Killa Abdullah,Balochistan,0,6315,387923,252.6,251.0,155.1,89.7,871.4,874.0,719.7,706.0,80.1,57.1,43.9,100.0,100.0,100.0,2026-09
killa saifullah,Killa Saifullah,Balochistan,0,16938,237888,198.3,163.4,113.8,74.8,1054.6,983.0,794.9,739.0,90.2,61.8,31.6,100.0,100.0,99.9,2026-09
kohlu,Kohlu,Balochistan,0,10407,123397,221.1,208.0,185.3,163.9,980.1,1006.0,1061.3,1143.0,99.9,96.7,85.6,100.0,100.0,100.0,2026-09
lasbela,Lasbela,Balochistan,0,18030,385342,129.0,106.1,55.7,25.2,585.2,525.0,307.4,215.0,45.3,29.1,14.3,87.3,75.9,63.9,2026-09
loralai,Loralai,Balochistan,0,11049,304701,128.8,114.1,95.9,79.8,569.8,572.0,506.4,503.0,83.7,63.4,29.4,96.8,94.4,89.6,2026-09
mastung,Mastung,Balochistan,0,6548,194687,103.8,79.9,50.4,33.0,441.7,414.0,369.0,372.0,56.2,23.5,8.7,99.8,98.1,94.9,2026-09
musakhail,Musakhail,Balochistan,0,7953,167128,155.2,134.8,149.3,127.6,493.3,503.0,502.4,520.0,93.6,84.4,53.0,99.3,98.2,95.6,2026-09
nasirabad,Nasirabad,Balochistan,0,4260,296790,91.1,76.1,65.3,47.2,304.9,285.5,246.3,211.0,67.4,40.1,16.5,98.0,94.2,80.6,2026-09
nushki,Nushki,Balochistan,0,7908,121203,194.9,172.7,134.7,99.2,1012.5,1047.0,896.1,920.0,96.7,73.7,42.8,100.0,100.0,100.0,2026-09
panjgur,Panjgur,Balochistan,0,22984,288540,267.8,218.0,141.1,91.6,1001.3,1027.0,635.5,580.0,67.1,58.9,43.5,93.6,84.9,72.8,2026-09
pishin,Pishin,Balochistan,0,8186,511084,89.4,70.4,46.8,23.3,428.3,372.0,270.0,183.0,43.9,26.4,10.4,92.8,83.8,64.3,2026-09
quetta,Quetta,Balochistan,0,5074,943280,123.9,80.7,12.8,2.6,350.3,316.0,65.3,36.0,8.0,5.0,2.5,55.0,26.5,12.8,2026-09
sherani,Sherani,Balochistan,0,4192,112763,154.9,125.5,141.6,113.6,666.2,680.0,650.8,660.0,94.9,80.7,46.6,100.0,100.0,100.0,2026-09
sibi,Sibi,Balochistan,0,11096,236523,168.4,155.1,105.4,82.0,465.8,457.0,308.8,279.0,73.0,59.7,37.4,88.4,83.8,73.2,2026-09
sohbatpur,Sohbatpur,Balochistan,0,976,136192,37.8,34.7,31.8,27.6,208.7,185.0,167.0,147.0,46.0,10.5,0.1,92.5,84.0,62.2,2026-09
washuk,Washuk,Balochistan,0,51529,144429,405.6,354.7,322.8,282.2,1535.2,1488.0,1358.4,1301.0,100.0,99.0,85.8,100.0,100.0,100.0,2026-09
zhob,Zhob,Balochistan,0,16281,248738,218.4,183.2,129.7,98.7,953.0,744.0,616.8,530.0,83.4,69.7,41.8,97.6,95.8,92.4,2026-09
ziarat,Ziarat,Balochistan,0,4326,98668,98.8,74.4,69.0,41.4,312.7,260.0,249.4,204.0,58.9,38.1,19.0,94.4,86.6,70.8,2026-09
astor,Astor,Gilgit-Baltistan,0,7228,114831,279.0,225.7,202.2,150.6,789.9,812.0,646.9,663.0,87.4,76.2,57.4,99.0,97.0,94.0,2026-09
diamir,Diamir,Gilgit-Baltistan,0,9988,164042,377.6,303.6,279.1,222.4,1083.5,1107.0,957.4,972.0,97.7,92.0,76.4,100.0,100.0,99.9,2026-09
ghanchi,Ghanchi,Gilgit-Baltistan,0,12050,103973,988.3,710.3,309.2,123.8,1800.9,1411.0,725.8,524.0,94.7,79.7,51.0,99.9,99.2,94.3,2026-09
ghizer,Ghizer,Gilgit-Baltistan,0,17495,153856,558.9,496.2,248.9,112.5,1045.5,951.0,601.7,523.0,79.9,65.4,49.0,98.4,95.9,89.1,2026-09
gilgit,Gilgit,Gilgit-Baltistan,0,5763,128625,401.3,323.9,146.9,41.5,695.8,622.0,344.4,257.0,54.8,43.9,33.6,82.2,77.4,70.3,2026-09
hunza nagar,Hunza Nagar,Gilgit-Baltistan,0,20895,136186,1106.0,904.3,397.7,84.8,1980.4,1857.0,700.7,309.0,61.4,54.2,45.2,89.4,82.5,71.4,2026-09
skardu,Skardu,Gilgit-Baltistan,0,26583,265422,662.3,350.8,214.1,103.2,1176.6,973.0,599.0,533.0,72.4,63.0,45.4,96.0,89.2,80.5,2026-09
islamabad,Islamabad,Islamabad Capital Territory,0,1210,1888908,5.2,3.2,2.2,1.2,49.7,40.0,27.7,14.0,0.1,0.0,0.0,31.3,13.2,1.4,2026-09
abbottabad,Abbottabad,Khyber Pakhtunkhwa,0,2309,1442414,31.9,19.8,16.7,8.7,131.1,127.0,90.9,83.0,16.8,5.4,1.2,68.6,57.0,35.4,2026-09
bajaur agency,Bajaur,Khyber Pakhtunkhwa,1,1883,805171,47.8,29.9,38.1,23.0,156.2,150.0,127.4,124.0,41.1,20.0,6.2,92.8,80.9,52.1,2026-09
bannu,Bannu,Khyber Pakhtunkhwa,0,2851,1241670,37.3,28.0,12.7,7.5,187.7,173.0,92.1,70.0,9.5,1.7,0.2,76.7,54.8,29.2,2026-09
batagram,Batagram,Khyber Pakhtunkhwa,0,2060,555104,95.3,67.8,56.4,24.2,358.5,334.0,227.7,172.0,45.4,29.4,14.9,92.7,82.9,64.2,2026-09
buner,Buner,Khyber Pakhtunkhwa,0,2381,873610,41.6,25.7,30.0,17.1,163.5,149.0,141.2,127.0,30.7,12.6,3.9,94.6,86.0,53.3,2026-09
charsadda,Charsadda,Khyber Pakhtunkhwa,0,1442,1817164,7.5,6.3,5.4,4.6,74.5,73.0,60.6,57.0,0.2,0.0,0.0,76.8,46.6,5.4,2026-09
chitral,Chitral,Khyber Pakhtunkhwa,0,21116,559200,632.3,459.8,188.2,65.3,1029.9,815.0,419.8,308.0,65.2,51.8,37.7,96.3,91.9,83.6,2026-09
dera ismail khan,Dera Ismail Khan,Khyber Pakhtunkhwa,0,12369,1555948,58.5,45.3,32.6,23.9,297.0,305.0,216.6,219.0,40.7,15.6,2.3,88.1,81.1,70.5,2026-09
hangu,Hangu,Khyber Pakhtunkhwa,0,1826,506227,42.9,38.9,31.6,27.6,290.8,279.0,225.5,186.0,46.3,12.1,0.6,91.9,79.4,64.3,2026-09
haripur,Haripur,Khyber Pakhtunkhwa,0,2723,1221176,23.9,17.3,13.0,8.0,128.6,128.0,100.3,107.0,9.9,2.7,0.1,81.6,71.9,40.6,2026-09
karak,Karak,Khyber Pakhtunkhwa,0,3683,756338,40.5,26.7,28.7,17.1,161.7,147.0,133.2,122.0,28.3,12.0,3.6,94.5,83.4,50.8,2026-09
khyber agency,Khyber,Khyber Pakhtunkhwa,1,3818,768012,93.6,65.4,31.9,18.6,389.5,410.0,202.3,183.0,31.1,13.4,4.1,91.2,81.4,64.1,2026-09
kohat,Kohat,Khyber Pakhtunkhwa,0,4900,1171911,38.7,29.0,21.6,11.9,202.8,188.0,133.3,110.0,24.3,9.0,1.1,82.9,67.8,46.6,2026-09
kohistan,Kohistan,Khyber Pakhtunkhwa,0,10761,820726,510.9,462.6,288.9,220.4,852.5,794.0,621.3,511.0,84.5,77.2,64.2,99.2,98.6,95.1,2026-09
kurram agency,Kurram,Khyber Pakhtunkhwa,1,4754,686742,73.7,52.6,53.4,31.1,280.0,265.0,217.8,191.0,50.7,31.9,12.6,92.3,84.5,68.1,2026-09
lakki marwat,Lakki Marwat,Khyber Pakhtunkhwa,0,4567,831256,41.1,30.2,27.2,20.7,209.1,191.0,183.2,181.0,30.3,7.7,1.7,96.5,89.5,71.6,2026-09
lower dir,Lower Dir,Khyber Pakhtunkhwa,0,2361,1421979,38.1,21.1,21.4,8.4,138.9,131.0,100.1,85.0,20.2,9.9,3.1,80.9,61.2,34.5,2026-09
malakand,Malakand,Khyber Pakhtunkhwa,0,1315,721112,25.9,15.3,13.3,4.7,96.4,87.0,65.1,47.0,11.0,4.3,0.9,70.1,42.1,14.5,2026-09
mansehra,Mansehra,Khyber Pakhtunkhwa,0,5830,1746805,123.8,77.4,36.8,9.0,564.2,313.5,173.3,84.0,27.2,16.7,8.8,79.9,62.1,35.9,2026-09
mardan,Mardan,Khyber Pakhtunkhwa,0,2228,2528550,16.7,8.2,8.5,6.3,90.7,85.0,75.1,70.0,2.6,1.4,0.4,77.8,57.6,19.2,2026-09
mohmand agency,Mohmand,Khyber Pakhtunkhwa,1,3198,538474,59.6,48.2,48.2,38.5,309.6,310.0,281.0,278.0,61.8,29.0,5.4,100.0,99.7,90.7,2026-09
north waziristan agency,North Waziristan,Khyber Pakhtunkhwa,1,6827,539217,106.8,97.4,87.0,73.5,652.7,605.0,614.6,580.0,96.1,64.5,21.7,100.0,100.0,100.0,2026-09
nowshera,Nowshera,Khyber Pakhtunkhwa,0,2356,1459314,26.3,18.7,13.4,9.2,185.1,166.5,120.7,103.0,9.8,2.2,0.1,85.0,70.4,40.6,2026-09
orakzai agency,Orakzai,Khyber Pakhtunkhwa,1,1831,313395,63.4,56.6,64.5,57.9,346.2,352.0,348.2,367.0,88.1,45.7,7.9,100.0,99.7,94.5,2026-09
peshawar,Peshawar,Khyber Pakhtunkhwa,0,2255,3680150,13.4,6.7,4.4,2.2,85.0,63.0,42.4,27.0,1.2,0.3,0.0,45.4,23.0,7.4,2026-09
shangla,Shangla,Khyber Pakhtunkhwa,0,2064,798064,80.0,50.2,58.8,34.6,181.0,158.0,148.0,129.0,55.1,33.4,15.5,93.0,81.9,54.1,2026-09
south waziristan agency,South Waziristan,Khyber Pakhtunkhwa,1,8571,611388,122.4,105.4,97.3,74.0,684.1,643.0,640.9,586.0,95.4,64.7,26.4,100.0,100.0,99.6,2026-09
swabi,Swabi,Khyber Pakhtunkhwa,0,2082,1804127,14.1,7.6,8.1,4.4,78.3,66.0,59.6,47.0,3.5,1.4,0.0,70.2,35.9,11.2,2026-09
swat,Swat,Khyber Pakhtunkhwa,0,7572,2186180,237.6,145.0,53.5,12.0,436.9,362.5,156.6,105.0,33.8,22.0,13.1,83.2,68.8,44.0,2026-09
tank,Tank,Khyber Pakhtunkhwa,0,3862,449270,52.6,40.5,30.2,21.1,197.3,182.0,148.7,138.0,34.4,11.8,2.1,93.5,84.4,59.0,2026-09
tor ghar,Tor Ghar,Khyber Pakhtunkhwa,0,679,302860,111.5,74.3,99.0,63.4,342.2,335.0,341.4,334.0,83.9,52.1,30.5,100.0,100.0,100.0,2026-09
upper dir,Upper Dir,Khyber Pakhtunkhwa,0,5379,995577,202.2,134.9,100.8,47.6,516.3,457.0,325.4,259.0,61.7,43.5,26.5,99.0,96.8,89.4,2026-09
attock,Attock,Punjab,0,9537,2124859,29.4,22.7,16.1,8.5,184.5,168.0,122.5,98.0,15.5,4.1,0.3,87.3,70.9,40.0,2026-09
bahawalnagar,Bahawalnagar,Punjab,0,11571,3416011,49.9,27.3,24.2,18.4,249.2,202.0,178.6,155.0,24.6,6.5,1.5,91.1,81.6,62.0,2026-09
bahawalpur,Bahawalpur,Punjab,0,31988,4086976,117.7,100.5,20.1,8.6,533.3,501.0,117.9,77.0,16.8,6.5,2.9,74.3,57.1,30.4,2026-09
bhakkar,Bhakkar,Punjab,0,11697,1728122,40.0,35.3,28.1,22.7,234.8,228.0,185.6,160.0,36.5,9.5,0.3,92.3,83.9,64.0,2026-09
chakwal,Chakwal,Punjab,0,9082,1791096,28.0,21.9,19.2,13.8,145.1,137.0,114.8,108.0,19.3,5.0,0.2,88.0,73.8,42.7,2026-09
chiniot,Chiniot,Punjab,0,3642,1618497,17.8,14.5,12.6,9.8,125.3,123.5,100.4,91.0,7.3,1.5,0.0,80.2,63.2,38.3,2026-09
dera ghazi khan,Dera Ghazi Khan,Punjab,0,15957,2746898,86.8,52.7,25.4,12.3,309.3,239.0,129.3,92.0,23.9,9.6,3.4,76.5,62.6,41.1,2026-09
faisalabad,Faisalabad,Punjab,0,8192,9041846,11.4,8.7,5.5,2.6,93.8,90.0,53.0,37.0,2.0,0.1,0.0,53.7,35.8,12.3,2026-09
gujranwala,Gujranwala,Punjab,0,5025,5671293,9.0,8.0,5.3,3.8,77.7,74.0,52.7,43.0,0.3,0.0,0.0,60.5,37.1,7.9,2026-09
gujrat,Gujrat,Punjab,0,4420,3456817,10.2,6.7,6.2,4.2,74.7,67.0,54.5,47.0,1.7,0.2,0.0,67.4,39.0,5.6,2026-09
hafizabad,Hafizabad,Punjab,0,3113,1380551,13.2,9.0,8.9,5.9,88.8,83.0,70.7,62.0,4.4,0.5,0.0,74.3,52.3,17.3,2026-09
jhang,Jhang,Punjab,0,8599,3093694,26.2,20.0,17.1,13.1,136.4,133.0,113.8,113.0,15.8,3.2,0.0,85.4,73.1,46.3,2026-09
jhelum,Jhelum,Punjab,0,4814,1470055,22.0,16.7,13.1,7.7,114.7,107.0,85.3,70.0,9.6,2.3,0.1,77.5,56.8,27.4,2026-09
kasur,Kasur,Punjab,0,5412,3870936,16.0,11.4,9.7,6.4,114.7,106.0,83.9,68.0,4.8,1.1,0.1,76.8,55.1,24.4,2026-09
khanewal,Khanewal,Punjab,0,5740,3361802,16.0,12.1,11.2,8.2,106.5,102.0,87.5,83.0,5.4,0.9,0.0,82.4,65.1,27.3,2026-09
khushab,Khushab,Punjab,0,9121,1504726,34.9,29.7,24.5,20.2,200.8,205.0,169.2,174.0,29.2,6.2,0.2,89.8,83.1,68.0,2026-09
lahore,Lahore,Punjab,0,2300,10275076,4.3,2.6,1.7,0.9,40.5,33.0,20.4,14.0,0.1,0.0,0.0,20.8,6.5,0.6,2026-09
layyah,Layyah,Punjab,0,8599,1859985,40.9,31.7,19.7,13.6,211.6,185.0,119.6,106.0,18.6,6.2,0.4,83.9,71.2,43.3,2026-09
lodhran,Lodhran,Punjab,0,3527,1915771,16.1,14.8,12.9,11.8,132.8,126.0,115.6,107.0,4.3,0.1,0.0,86.4,74.4,44.1,2026-09
mandi bahauddin,Mandi Bahauddin,Punjab,0,3734,1894638,10.7,8.0,7.8,5.9,91.3,76.0,73.6,61.0,2.1,0.2,0.0,75.8,50.6,18.1,2026-09
mianwali,Mianwali,Punjab,0,8295,1757700,32.4,24.4,21.3,15.0,165.2,156.0,131.2,113.0,21.2,5.9,1.2,85.6,73.3,46.9,2026-09
multan,Multan,Punjab,0,4929,5227949,18.6,15.0,8.9,2.9,137.0,131.0,76.8,39.0,7.9,0.4,0.0,54.4,41.2,27.8,2026-09
muzaffargarh,Muzaffargarh,Punjab,0,10352,4337944,32.3,23.2,19.2,14.1,162.3,151.0,116.7,105.0,17.9,5.4,0.3,83.2,69.0,44.0,2026-09
nankana sahib,Nankana Sahib,Punjab,0,3090,1812548,11.7,9.7,8.8,7.3,97.2,91.0,82.0,76.0,2.2,0.0,0.0,78.1,60.6,22.7,2026-09
narowal,Narowal,Punjab,0,3319,2008191,17.3,14.3,13.5,11.7,119.1,115.0,106.8,106.0,6.9,0.2,0.0,87.6,73.8,41.5,2026-09
okara,Okara,Punjab,0,5959,3679784,20.8,16.2,14.3,10.1,134.3,124.0,108.4,96.0,9.9,2.0,0.1,83.7,69.2,37.9,2026-09
pakpattan,Pakpattan,Punjab,0,3928,2147283,22.4,17.0,15.7,11.9,146.7,143.0,118.5,106.0,11.5,2.9,0.1,82.8,69.3,44.6,2026-09
rahim yar khan,Rahim Yar Khan,Punjab,0,16761,5156810,69.8,39.6,19.2,13.8,320.9,232.0,127.3,112.0,17.3,4.4,1.1,84.5,71.2,46.9,2026-09
rajanpur,Rajanpur,Punjab,0,17000,1895964,153.5,84.6,30.4,18.4,421.4,325.0,146.2,116.0,30.9,11.8,3.2,84.9,72.0,48.5,2026-09
rawalpindi,Rawalpindi,Punjab,0,7409,5688111,13.8,9.3,6.3,2.7,93.4,83.0,52.2,36.0,2.6,0.4,0.0,52.3,35.4,11.3,2026-09
sahiwal,Sahiwal,Punjab,0,4327,3023023,14.5,13.2,10.8,9.0,117.9,117.0,96.6,91.0,2.5,0.0,0.0,81.0,65.9,36.5,2026-09
sargodha,Sargodha,Punjab,0,8133,4444661,15.9,14.2,11.9,10.5,138.1,129.0,115.2,106.0,3.8,0.2,0.0,81.9,70.7,42.7,2026-09
sheikhupura,Sheikhupura,Punjab,0,4922,3833177,8.5,7.7,5.9,4.9,75.9,75.0,61.7,57.0,0.1,0.0,0.0,73.4,47.5,8.3,2026-09
sialkot,Sialkot,Punjab,0,4144,4472762,9.7,7.9,6.7,5.2,102.2,98.0,79.2,71.0,1.4,0.1,0.0,75.7,57.3,23.4,2026-09
toba tek singh,Toba Tek Singh,Punjab,0,4205,2700762,12.1,10.2,9.4,8.2,100.8,103.0,86.6,88.0,1.8,0.1,0.0,80.6,65.9,28.9,2026-09
vehari,Vehari,Punjab,0,6057,3460073,15.4,14.4,12.2,11.2,115.5,114.0,98.8,96.0,3.6,0.1,0.0,83.3,68.9,37.8,2026-09
badin,Badin,Sindh,0,8387,1746963,47.6,41.8,39.4,35.9,307.2,316.0,285.8,295.0,64.8,13.3,1.0,98.7,96.5,90.0,2026-09
dadu,Dadu,Sindh,0,10487,1764763,112.8,59.0,29.6,14.5,337.1,285.0,143.9,107.0,24.8,11.4,4.3,83.5,69.7,45.0,2026-09
ghotki,Ghotki,Sindh,0,8550,1590408,81.9,55.4,26.7,17.8,310.2,265.0,161.6,147.0,26.7,9.6,2.3,90.1,81.5,60.5,2026-09
hyderabad,Hyderabad,Sindh,0,1272,2318198,10.2,8.4,3.0,1.0,91.2,85.0,30.2,14.0,0.7,0.1,0.0,28.5,14.0,5.2,2026-09
jacobabad,Jacobabad,Sindh,0,3667,1200513,41.7,37.1,31.3,29.0,257.5,259.0,221.5,233.0,48.5,11.3,0.4,88.2,81.6,72.6,2026-09
jamshoro,Jamshoro,Sindh,0,14607,1004030,102.6,88.5,31.2,13.6,550.6,535.0,222.6,125.0,30.8,15.1,6.4,74.9,61.4,50.7,2026-09
kambar shahdadkot,Kambar-Shahdadkot,Sindh,0,7443,1477620,88.0,39.4,25.1,14.8,267.9,224.0,130.3,104.0,21.7,7.7,2.8,82.0,66.8,44.1,2026-09
karachi central,Karachi Central,Sindh,0,82,3291207,0.4,0.6,0.4,0.6,6.2,10.0,5.9,10.0,0.0,0.0,0.0,0.0,0.0,0.0,2026-09
karachi east,Karachi East,Sindh,0,151,2721134,0.8,0.6,0.5,0.6,10.9,10.0,7.8,10.0,0.0,0.0,0.0,1.5,0.0,0.0,2026-09
karachi south,Karachi South,Sindh,0,78,2474784,0.6,0.6,0.5,0.6,8.8,10.0,8.0,10.0,0.0,0.0,0.0,0.1,0.0,0.0,2026-09
karachi west,Karachi West,Sindh,0,32,267091,1.6,1.2,1.4,1.1,23.5,14.0,20.9,14.0,0.0,0.0,0.0,22.5,2.5,0.0,2026-09
kashmore,Kashmore,Sindh,0,3382,984182,42.1,34.0,24.6,16.5,203.3,201.0,134.5,113.0,29.3,11.7,0.6,78.7,66.8,48.0,2026-09
keamari,Keamari,Sindh,0,552,2128495,11.5,9.8,3.0,1.2,108.6,95.0,33.5,14.0,0.3,0.0,0.0,26.9,14.5,6.3,2026-09
khairpur,Khairpur,Sindh,0,20978,2495990,117.1,92.3,21.5,13.1,537.2,527.0,132.5,99.0,15.7,7.2,2.0,86.9,72.9,37.8,2026-09
korangi,Korangi,Sindh,0,142,1774967,1.3,1.0,1.0,0.9,15.8,14.0,13.4,11.0,0.0,0.0,0.0,5.7,0.0,0.0,2026-09
larkana,Larkana,Sindh,0,2410,1566000,18.5,12.4,8.8,4.8,89.1,78.0,55.2,46.0,5.6,1.1,0.0,63.2,38.2,8.6,2026-09
malir,Malir,Sindh,0,3679,2618463,28.6,12.0,3.8,2.2,191.8,104.0,43.1,32.0,0.9,0.3,0.0,50.0,23.3,3.8,2026-09
matiari,Matiari,Sindh,0,1807,753985,17.2,11.3,11.3,7.9,110.4,105.0,88.9,85.0,6.1,1.9,0.0,82.6,66.1,27.2,2026-09
mirpurkhas,Mirpurkhas,Sindh,0,4492,1544768,22.1,20.3,16.1,14.4,164.5,159.0,128.8,122.0,13.0,0.5,0.0,84.8,72.8,50.5,2026-09
naushehro feroze,Naushehro Feroze,Sindh,0,3957,1728786,28.5,22.6,18.7,14.3,144.0,138.0,106.9,104.0,19.1,4.1,0.0,83.5,69.6,40.9,2026-09
sajawal,Sajawal,Sindh,0,10994,839206,139.1,105.5,65.0,44.9,549.5,529.0,393.2,367.0,74.1,32.9,10.8,99.8,99.3,97.3,2026-09
sanghar,Sanghar,Sindh,0,13319,2210306,84.7,45.6,26.9,17.3,328.9,272.0,172.4,148.0,24.6,7.2,3.1,94.3,87.9,61.1,2026-09
shaheed benazirabad,Shaheed Benazirabad,Sindh,0,5953,1742716,39.9,24.2,18.3,13.3,189.3,153.0,117.0,100.0,17.1,3.8,0.4,83.1,69.2,39.4,2026-09
shikarpur,Shikarpur,Sindh,0,3392,1416962,25.1,21.3,15.4,12.5,188.3,195.0,137.2,133.0,11.6,1.5,0.1,83.3,75.0,55.7,2026-09
sukkur,Sukkur,Sindh,0,6744,1421345,96.2,62.0,15.4,6.2,488.0,440.0,125.7,79.0,13.5,5.1,1.2,75.3,58.0,34.8,2026-09
tando allah yar,Tando Allah Yar,Sindh,0,2010,789353,19.2,17.3,15.6,12.7,145.0,143.5,127.7,119.0,8.6,0.8,0.0,93.7,85.0,48.1,2026-09
tando muhammad khan,Tando Muhammad Khan,Sindh,0,2116,674693,45.4,44.4,39.6,37.3,402.5,422.0,369.4,377.0,64.9,14.6,0.0,98.4,96.6,93.3,2026-09
tharparkar,Tharparkar,Sindh,0,25320,1460831,71.1,66.4,67.9,63.9,432.9,427.0,446.7,453.0,87.4,54.2,6.9,99.3,98.4,95.1,2026-09
thatta,Thatta,Sindh,0,9254,869076,44.2,35.8,26.6,21.2,284.3,264.0,200.5,177.0,34.1,7.5,1.2,90.5,81.2,65.7,2026-09
umerkot,Umerkot,Sindh,0,7045,1043017,42.0,33.8,24.6,19.3,324.6,247.0,202.7,171.0,26.3,7.7,0.5,94.6,84.7,64.7,2026-09
