dd_id,tehsil,district_key,province,merged_district,n_px,pop_2020,mot_mean,mot_popw_mean,wal_mean,wal_popw_mean,mot_pct_pop_gt30,mot_pct_pop_gt60,mot_pct_pop_gt120,wal_pct_pop_gt30,wal_pct_pop_gt60,wal_pct_pop_gt120,release
9618217B73079690921862,Bagh,bagh,Azad Jammu & Kashmir,0,630,220343.0,46.0,25.8,130.4,90.4,23.7,10.8,5.1,75.4,57.8,24.4,2026-09
9618217B97675599580596,Dheerkot,bagh,Azad Jammu & Kashmir,0,323,134706.0,57.6,52.6,181.2,175.3,60.0,30.7,8.8,100.0,98.0,81.8,2026-09
9618217B79573260848394,Barnala,bhimber,Azad Jammu & Kashmir,0,579,122638.0,60.8,60.1,189.2,159.2,99.1,50.8,0.2,100.0,100.0,70.6,2026-09
9618217B68732265330698,Bhimber,bhimber,Azad Jammu & Kashmir,0,510,97700.0,29.6,20.8,107.8,82.0,27.4,5.4,0.1,78.3,57.6,27.4,2026-09
9618217B74772899110096,Samahni,bhimber,Azad Jammu & Kashmir,0,487,121209.0,29.6,24.9,136.2,139.7,23.7,8.6,0.6,96.4,88.9,67.2,2026-09
9618217B68754169353282,Hattian Bala,hattian,Azad Jammu & Kashmir,0,922,201229.0,121.8,85.9,424.5,363.2,67.2,46.2,26.0,100.0,100.0,98.4,2026-09
9618217B64863264884629,Haveli,haveli,Azad Jammu & Kashmir,0,706,135960.0,81.2,67.3,309.7,273.9,78.5,38.4,15.5,100.0,100.0,97.7,2026-09
9618217B93166287325125,Kotli,kotli,Azad Jammu & Kashmir,0,1293,503775.0,31.2,24.8,211.1,196.0,25.3,5.6,0.1,98.6,96.5,80.7,2026-09
9618217B15093186041287,Nakial,kotli,Azad Jammu & Kashmir,0,238,106942.0,53.6,50.0,337.0,335.5,81.6,25.2,0.7,100.0,100.0,100.0,2026-09
9618217B87362341551768,Sehnsa,kotli,Azad Jammu & Kashmir,0,673,89917.0,39.4,31.8,218.0,204.9,34.4,13.3,0.6,99.8,97.2,85.8,2026-09
9618217B37808039502792,Dudyal,mirpur,Azad Jammu & Kashmir,0,442,83861.0,22.6,15.7,144.0,116.5,9.5,1.1,0.0,93.9,80.1,46.5,2026-09
9618217B94086344698677,Mirpur,mirpur,Azad Jammu & Kashmir,0,809,228278.0,17.3,11.0,112.6,84.0,6.2,0.1,0.0,79.9,56.8,23.1,2026-09
9618217B57894485120071,Muzaffarabad,muzaffarabad,Azad Jammu & Kashmir,0,1836,495615.0,85.5,40.3,241.8,151.8,34.7,21.9,10.5,73.1,63.1,53.1,2026-09
9618217B55768510626440,Athumqam,neelum,Azad Jammu & Kashmir,0,4254,134093.0,401.1,314.3,1028.6,886.4,100.0,96.1,85.8,100.0,100.0,100.0,2026-09
9618217B83205974251307,Abbaspur,poonch,Azad Jammu & Kashmir,0,143,49977.0,29.3,26.4,184.3,171.4,34.8,5.8,0.0,100.0,100.0,93.1,2026-09
9618217B82484311896760,Hajeera,poonch,Azad Jammu & Kashmir,0,331,172570.0,20.6,17.4,111.0,104.2,16.8,2.9,0.0,90.2,73.9,32.5,2026-09
9618217B87664867246475,Rawalakot,poonch,Azad Jammu & Kashmir,0,506,253591.0,17.4,12.5,121.1,95.8,8.8,0.9,0.0,82.4,67.4,34.5,2026-09
9618217B46803973144296,Pallandari,sudhnutti,Azad Jammu & Kashmir,0,800,285391.0,32.6,28.4,217.3,216.0,34.5,6.5,0.1,100.0,100.0,95.0,2026-09
9618217B88045410049707,Awaran,awaran,Balochistan,0,6746,24588.0,406.0,276.0,1565.0,1393.0,100.0,100.0,75.0,100.0,100.0,100.0,2026-09
9618217B50287416070494,Gishkore Sub,awaran,Balochistan,0,5917,15787.0,444.2,358.1,1365.4,1346.9,96.4,88.7,83.3,100.0,100.0,100.0,2026-09
9618217B51211868721813,Jhal Jhao,awaran,Balochistan,0,1907,6778.0,303.6,255.2,1024.7,999.0,100.0,100.0,87.1,100.0,100.0,100.0,2026-09
9618217B69007943455910,Jhal Jhao Sub,awaran,Balochistan,0,13206,60542.0,326.3,251.3,1170.2,1062.1,98.9,94.6,70.4,100.0,100.0,100.0,2026-09
9618217B85729493897021,Mashkai,awaran,Balochistan,0,4638,39269.0,150.7,94.2,499.3,353.6,64.0,48.1,33.2,96.6,90.9,78.9,2026-09
9618217B63340805873154,Barkhan,barkhan,Balochistan,0,4690,121652.0,162.1,135.9,1234.7,1199.0,100.0,95.7,50.3,100.0,100.0,100.0,2026-09
9618217B19880164202310,Chagai Sub,chaghi,Balochistan,0,6437,30332.0,237.2,172.8,543.2,456.5,91.3,77.4,52.9,99.0,96.7,91.0,2026-09
9618217B63356701438573,Dalbadin,chaghi,Balochistan,0,20453,71945.0,310.6,265.1,1479.6,1359.8,100.0,99.7,79.9,100.0,100.0,100.0,2026-09
9618217B66554790075537,Naukandi,chaghi,Balochistan,0,19270,13861.0,506.8,537.1,2581.6,2621.3,100.0,100.0,100.0,100.0,100.0,100.0,2026-09
9618217B2962159940384,Taftan,chaghi,Balochistan,0,12898,12269.0,384.1,314.3,1656.1,1480.0,100.0,100.0,99.4,100.0,100.0,100.0,2026-09
9618217B34454311696398,Bekerh,dera bugti,Balochistan,0,341,5179.0,333.9,322.3,1199.2,1198.1,100.0,100.0,100.0,100.0,100.0,100.0,2026-09
9618217B2743598749374,Dera Bughti,dera bugti,Balochistan,0,1235,26269.0,64.3,49.5,239.1,193.5,51.4,28.9,9.7,90.5,81.4,65.6,2026-09
9618217B77093701307545,Loti Sub,dera bugti,Balochistan,0,1066,9095.0,351.0,293.0,563.0,499.2,99.7,97.7,85.9,100.0,100.0,100.0,2026-09
9618217B39169315447774,Malum,dera bugti,Balochistan,0,1270,18090.0,305.2,307.1,811.5,767.5,100.0,100.0,92.6,100.0,100.0,100.0,2026-09
9618217B2654928190032,Phelawagh,dera bugti,Balochistan,0,276,3531.0,281.4,285.5,909.8,916.5,100.0,100.0,100.0,100.0,100.0,100.0,2026-09
9618217B88157141720141,Pir Koh,dera bugti,Balochistan,0,2227,49731.0,167.0,147.3,500.2,458.7,93.0,77.2,53.9,100.0,100.0,99.6,2026-09
9618217B73869134124680,Sangsilla,dera bugti,Balochistan,0,2041,32278.0,161.6,166.1,682.5,690.0,100.0,93.1,64.3,100.0,100.0,100.0,2026-09
9618217B39625992285529,Sui,dera bugti,Balochistan,0,5228,79784.0,236.1,160.6,557.8,496.3,94.2,68.5,45.7,100.0,100.0,99.5,2026-09
9618217B73177395836711,Gwadar,gwadar,Balochistan,0,2851,59525.0,194.3,145.5,1381.1,1403.0,100.0,100.0,39.9,100.0,100.0,100.0,2026-09
9618217B19586931991950,Jiwani,gwadar,Balochistan,0,449,10784.0,134.4,127.6,859.7,859.0,100.0,100.0,51.9,100.0,100.0,100.0,2026-09
9618217B66549368810061,Ormara,gwadar,Balochistan,0,3380,23805.0,136.4,119.6,584.4,535.1,84.4,67.0,44.0,99.5,98.6,95.9,2026-09
9618217B43513523941512,Pasni,gwadar,Balochistan,0,5091,55970.0,135.8,116.7,1272.8,1328.8,100.0,96.5,32.7,100.0,100.0,100.0,2026-09
9618217B87381485340477,Sunstar Sub,gwadar,Balochistan,0,2588,54548.0,174.5,142.8,951.1,1018.6,100.0,100.0,63.3,100.0,100.0,100.0,2026-09
9618217B37623205029699,Harnai,harnai,Balochistan,0,345,4564.0,172.5,168.3,387.8,374.2,100.0,97.8,78.6,100.0,100.0,100.0,2026-09
9618217B63716992539538,Khost,harnai,Balochistan,0,2719,69745.0,111.7,52.6,339.8,188.9,44.0,30.0,14.1,89.8,75.9,54.9,2026-09
9618217B40498101001050,Shahrig,harnai,Balochistan,0,1033,18970.0,114.2,80.4,411.6,360.9,80.9,45.7,22.5,100.0,100.0,99.3,2026-09
9618217B10228752646001,Ghandakha,jaffarabad,Balochistan,0,749,56315.0,60.6,57.6,394.2,376.0,93.8,40.2,0.2,100.0,100.0,100.0,2026-09
9618217B86464903653788,Jhat Pat,jaffarabad,Balochistan,0,1079,207120.0,37.8,32.3,216.3,209.4,42.9,11.1,0.1,100.0,100.0,96.9,2026-09
9618217B40305274039011,Sohbatpur,sohbatpur,Balochistan,0,883,118777.0,41.8,33.3,222.5,166.4,45.1,14.5,0.6,91.4,81.7,56.9,2026-09
9618217B27708571372610,Usta Muhammad,jaffarabad,Balochistan,0,538,121594.0,29.8,16.0,140.0,81.2,15.7,5.6,0.0,63.7,46.3,26.3,2026-09
9618217B37966221621202,Gandawa,jhal magsi,Balochistan,0,1970,42995.0,164.9,149.7,800.3,785.9,100.0,99.9,61.1,100.0,100.0,100.0,2026-09
9618217B12027487695459,Jhal Magsi,jhal magsi,Balochistan,0,2380,75281.0,103.7,93.2,717.7,691.9,96.1,70.4,25.6,100.0,100.0,100.0,2026-09
9618217B97304875019952,Mirpur Sub,jhal magsi,Balochistan,0,729,13880.0,155.5,138.7,604.9,590.6,100.0,97.4,49.8,100.0,100.0,100.0,2026-09
9618217B70834513221374,Bhag,sibi,Balochistan,0,1773,69187.0,139.6,130.3,293.7,247.8,98.1,84.5,51.4,98.4,95.4,82.1,2026-09
9618217B98926737301322,Balanari Sub,kachhi,Balochistan,0,1049,42363.0,68.5,56.8,359.2,344.2,63.7,36.2,10.5,100.0,100.0,100.0,2026-09
9618217B75567275115944,Dhadar,kachhi,Balochistan,0,1070,57755.0,62.1,23.4,153.0,77.5,23.4,10.5,3.2,67.8,45.0,23.6,2026-09
9618217B69236188960303,Khattan Sub,kachhi,Balochistan,0,737,36226.0,134.3,136.9,361.0,376.3,96.7,86.1,59.2,100.0,100.0,99.4,2026-09
9618217B19608108595135,Mach Sub,kachhi,Balochistan,0,2344,41459.0,98.3,51.5,308.0,187.4,49.2,33.1,11.8,83.3,73.0,58.7,2026-09
9618217B13634250656790,Sanni Sub,kachhi,Balochistan,0,1928,63858.0,157.8,148.2,634.7,623.0,98.9,90.2,52.3,100.0,100.0,100.0,2026-09
9618217B17885121566588,Gazg,kalat,Balochistan,0,1377,11028.0,334.9,299.7,1223.6,1252.2,100.0,100.0,100.0,100.0,100.0,100.0,2026-09
9618217B91467173275468,Johan,kalat,Balochistan,0,3163,27257.0,244.5,193.7,830.9,812.4,100.0,98.6,64.5,100.0,100.0,100.0,2026-09
9618217B40739671025115,Kalat,kalat,Balochistan,0,7445,93582.0,214.8,131.3,1040.5,902.1,99.9,72.6,38.8,100.0,100.0,100.0,2026-09
9618217B5840923689995,Mango Char,kalat,Balochistan,0,1536,47442.0,71.3,42.5,304.5,245.5,51.0,20.1,5.0,98.5,95.0,85.5,2026-09
9618217B81975811571171,Surab,kalat,Balochistan,0,4914,112429.0,153.7,111.2,1087.1,1082.3,99.8,79.1,28.8,100.0,100.0,100.0,2026-09
9618217B85681439003421,Balnigor,kech,Balochistan,0,1616,14276.0,112.6,98.5,777.2,698.6,91.6,75.0,32.7,100.0,100.0,100.0,2026-09
9618217B70240658771261,Buleda,kech,Balochistan,0,2600,72400.0,210.9,118.5,863.3,705.0,100.0,91.9,31.0,100.0,100.0,100.0,2026-09
9618217B3287750467900,Dasht,kech,Balochistan,0,3227,33451.0,163.4,123.4,806.1,749.9,92.2,72.7,31.3,100.0,100.0,100.0,2026-09
9618217B56246486806775,Hoshab,kech,Balochistan,0,2868,17606.0,280.3,171.0,1618.0,1552.2,100.0,100.0,52.4,100.0,100.0,100.0,2026-09
9618217B58909274091550,Kech,kech,Balochistan,0,12638,245403.0,218.4,70.9,915.5,478.6,51.6,34.0,17.6,98.1,94.8,87.0,2026-09
9618217B99249207678304,Mand,kech,Balochistan,0,2436,37876.0,160.8,112.8,544.5,450.1,100.0,100.0,29.7,100.0,100.0,100.0,2026-09
9618217B61046651400607,Tump,kech,Balochistan,0,3629,62400.0,199.1,85.8,908.9,704.0,97.7,38.1,19.7,100.0,100.0,100.0,2026-09
9618217B31776958523982,Zamuran,kech,Balochistan,0,2226,18572.0,307.6,314.0,1160.1,1183.4,100.0,100.0,97.4,100.0,100.0,100.0,2026-09
9618217B32253439361062,Kharan,kharan,Balochistan,0,14228,119702.0,196.5,153.3,703.0,582.2,82.8,67.3,46.4,98.4,96.6,92.3,2026-09
9618217B11648805809549,Aranji Sub,khuzdar,Balochistan,0,5941,34104.0,366.0,355.4,937.5,888.1,99.9,99.7,97.1,100.0,100.0,100.0,2026-09
9618217B33490679855375,Karkah Sub,khuzdar,Balochistan,0,2264,27076.0,135.0,128.2,394.4,419.4,95.1,73.4,45.3,99.3,97.4,93.9,2026-09
9618217B50718655065252,Khuzdar,khuzdar,Balochistan,0,7809,172360.0,161.4,71.1,515.3,320.6,50.1,31.4,17.3,89.0,82.3,74.3,2026-09
9618217B96635304342084,Moola Sub,khuzdar,Balochistan,0,3503,26991.0,197.4,200.8,546.0,575.2,95.9,90.3,74.4,99.4,98.4,96.1,2026-09
9618217B18272036828673,Nal Sub,khuzdar,Balochistan,0,5374,63756.0,129.2,100.8,839.7,785.4,96.4,68.2,30.5,100.0,100.0,100.0,2026-09
9618217B12126547852790,Ornach Sub,khuzdar,Balochistan,0,3815,32216.0,220.3,126.3,661.0,643.5,91.0,62.9,34.3,100.0,100.0,99.4,2026-09
9618217B91485765143989,Saroona Sub,khuzdar,Balochistan,0,2955,19468.0,210.5,196.2,842.3,818.4,100.0,100.0,86.6,100.0,100.0,100.0,2026-09
9618217B64812990154889,Wadh Sub,khuzdar,Balochistan,0,4831,70342.0,166.9,118.5,691.4,708.4,95.3,64.9,39.9,99.4,98.1,94.8,2026-09
9618217B67299381221995,Zehri,khuzdar,Balochistan,0,4235,65588.0,251.3,179.4,1241.3,1199.6,100.0,99.9,55.2,100.0,100.0,100.0,2026-09
9618217B20502778495945,Chaman,killa abdullah,Balochistan,0,1804,127133.0,201.4,139.7,897.4,824.7,100.0,68.6,44.0,100.0,100.0,100.0,2026-09
9618217B72411579101573,Dobandi Sub-,killa abdullah,Balochistan,0,2164,96004.0,348.1,327.1,960.1,971.2,100.0,99.8,93.6,100.0,100.0,100.0,2026-09
9618217B91592942596902,Gulistan,pishin,Balochistan,0,3259,131612.0,181.0,97.5,665.9,514.5,81.9,46.1,26.9,100.0,100.0,100.0,2026-09
9618217B95880920638679,Killa Abdullah,killa abdullah,Balochistan,0,555,97572.0,93.1,40.0,504.3,427.0,35.1,10.9,4.5,100.0,100.0,100.0,2026-09
9618217B47686885177942,Badini,killa saifullah,Balochistan,0,2290,8032.0,377.1,374.5,1773.4,1769.5,100.0,100.0,100.0,100.0,100.0,100.0,2026-09
9618217B18879360320447,Kan Mehtarzai,killa saifullah,Balochistan,0,788,30195.0,58.7,41.3,465.7,419.6,52.9,16.5,4.6,100.0,100.0,100.0,2026-09
9618217B75776093214178,Killa Saifullah,killa saifullah,Balochistan,0,6253,82996.0,189.7,129.7,921.2,775.0,99.8,78.1,38.6,100.0,100.0,99.8,2026-09
9618217B24347530358386,Loi Band,killa saifullah,Balochistan,0,2378,27039.0,192.1,131.5,1163.0,988.7,100.0,80.3,40.4,100.0,100.0,100.0,2026-09
9618217B20003920903037,Muslim Bagh,killa saifullah,Balochistan,0,1972,59394.0,86.6,60.5,875.9,751.4,84.5,36.5,8.6,100.0,100.0,100.0,2026-09
9618217B21963580528882,Shinkai,killa saifullah,Balochistan,0,3139,30558.0,185.6,149.7,927.1,823.8,97.2,79.3,54.2,100.0,100.0,100.0,2026-09
9618217B37909865693322,Girsani Sub,kohlu,Balochistan,0,463,26624.0,163.1,149.7,1218.4,1233.0,100.0,100.0,94.5,100.0,100.0,100.0,2026-09
9618217B9408880403437,Kahan,kohlu,Balochistan,0,5031,32801.0,245.7,227.3,866.7,826.9,100.0,95.5,81.0,100.0,100.0,100.0,2026-09
9618217B74056988433955,Kohlu,kohlu,Balochistan,0,797,32619.0,198.9,181.0,1229.4,1259.7,100.0,100.0,99.8,100.0,100.0,100.0,2026-09
9618217B95908919699948,Mawand,kohlu,Balochistan,0,4007,29108.0,203.6,179.4,1053.4,981.0,100.0,92.6,70.8,100.0,100.0,100.0,2026-09
9618217B38765345980934,Bela,lasbela,Balochistan,0,2314,64589.0,146.2,54.4,292.2,150.9,34.8,21.3,12.9,89.1,72.8,46.4,2026-09
9618217B95179806844148,Durji,lasbela,Balochistan,0,4378,35819.0,154.9,142.3,750.4,728.3,100.0,95.1,52.8,100.0,100.0,100.0,2026-09
9618217B86858446563765,Gaddani,lasbela,Balochistan,0,680,73222.0,27.8,13.2,192.5,135.0,4.8,1.0,0.0,82.2,65.9,53.3,2026-09
9618217B12237594519463,Hub,lasbela,Balochistan,0,534,52781.0,42.3,9.7,258.5,87.8,6.8,1.7,0.1,63.3,46.3,25.8,2026-09
9618217B39521024943226,Kanraj,lasbela,Balochistan,0,1307,9717.0,261.7,246.2,672.7,657.0,100.0,100.0,87.8,100.0,100.0,100.0,2026-09
9618217B70316302358035,Lakhra,lasbela,Balochistan,0,1489,22968.0,80.4,66.4,373.1,322.2,81.0,43.5,13.1,100.0,100.0,94.1,2026-09
9618217B27175149081745,Liari,lasbela,Balochistan,0,2782,21989.0,129.9,104.1,1076.7,916.1,87.1,70.6,29.0,100.0,100.0,99.9,2026-09
9618217B86665675475566,Sonmiani,lasbela,Balochistan,0,2028,43317.0,77.0,50.6,536.1,546.2,82.1,23.9,5.0,100.0,100.0,100.0,2026-09
9618217B76630628026692,Uthal,lasbela,Balochistan,0,2605,55352.0,118.1,56.0,325.7,186.0,49.0,32.9,15.9,82.9,68.1,54.8,2026-09
9618217B54428312139149,Duki,loralai,Balochistan,0,5858,142260.0,155.1,128.0,732.5,716.4,99.4,87.2,44.2,100.0,100.0,100.0,2026-09
9618217B59230505353758,Loralai,loralai,Balochistan,0,3448,131145.0,92.4,61.0,343.4,293.2,63.3,37.1,14.5,92.6,87.1,76.8,2026-09
9618217B55998475247860,Mekhtar,loralai,Balochistan,0,1692,32132.0,110.5,96.9,478.9,466.9,99.9,69.7,26.5,100.0,99.9,96.7,2026-09
9618217B81095673790392,Dasht,mastung,Balochistan,0,3661,47891.0,123.5,66.9,530.2,424.2,65.0,39.1,15.4,100.0,99.8,93.8,2026-09
9618217B21974978317228,Khad Kocha Sub-,mastung,Balochistan,0,811,33140.0,80.3,53.0,362.7,374.2,87.5,23.8,5.8,100.0,100.0,100.0,2026-09
9618217B9263701422890,Kirdgap Sub-,mastung,Balochistan,0,1618,22167.0,111.6,88.4,276.5,239.1,72.0,52.5,30.5,98.0,93.9,84.1,2026-09
9618217B61021693970064,Mastung,mastung,Balochistan,0,1555,99430.0,56.2,34.1,402.6,366.5,39.7,11.4,2.1,100.0,100.0,96.2,2026-09
9618217B62923192711527,Drug Sub,musakhail,Balochistan,0,1271,25587.0,150.0,140.8,644.1,656.9,99.6,93.1,51.0,100.0,100.0,100.0,2026-09
9618217B65198608234722,Kingri,musakhail,Balochistan,0,5197,115749.0,163.5,159.8,434.6,445.2,91.0,80.9,58.7,98.9,97.4,93.7,2026-09
9618217B29929623589579,Musa Khel,musakhail,Balochistan,0,1632,28525.0,136.1,117.5,580.8,607.7,99.5,92.6,36.0,100.0,100.0,100.0,2026-09
9618217B38525162570146,Baba_Kot,nasirabad,Balochistan,0,970,67964.0,99.4,86.4,322.3,297.6,94.2,60.4,24.5,100.0,100.0,98.2,2026-09
9618217B47994085217502,Chattar,nasirabad,Balochistan,0,1142,60620.0,121.1,97.6,445.0,404.3,85.0,66.6,32.8,100.0,100.0,95.8,2026-09
9618217B33653411601035,Dera_Murad_Jamali,nasirabad,Balochistan,0,1532,119101.0,65.4,40.7,218.3,166.8,47.5,20.1,5.4,96.4,90.2,67.7,2026-09
9618217B3811193083348,Tamboo,nasirabad,Balochistan,0,643,49323.0,81.1,55.0,253.6,180.1,56.9,29.1,11.1,96.5,88.8,69.1,2026-09
9618217B67348092180466,Dak_,nushki,Balochistan,0,3290,25268.0,235.0,208.6,1160.8,1103.4,100.0,96.3,79.5,100.0,100.0,100.0,2026-09
9618217B76899423597402,Nushki_,nushki,Balochistan,0,4532,95958.0,163.8,115.3,898.4,838.3,95.7,67.6,33.1,100.0,100.0,100.0,2026-09
9618217B60261397495860,Gichk,panjgur,Balochistan,0,11221,80378.0,348.1,259.2,1133.4,957.2,97.3,90.9,70.8,100.0,100.0,100.0,2026-09
9618217B73703267725244,Gowargo,panjgur,Balochistan,0,2118,30542.0,168.5,153.9,1172.0,1181.4,100.0,92.1,60.7,100.0,100.0,100.0,2026-09
9618217B16143636802811,Panjgur,panjgur,Balochistan,0,5007,137982.0,137.1,48.0,497.7,195.4,34.5,23.4,14.0,88.1,70.3,45.0,2026-09
9618217B47925299960583,Parome,panjgur,Balochistan,0,4604,37451.0,259.8,229.8,1142.5,1166.1,100.0,98.2,82.8,100.0,100.0,100.0,2026-09
9618217B2205255569081,Barshore,pishin,Balochistan,0,2879,116625.0,124.6,94.1,687.5,573.6,88.1,63.6,27.3,100.0,100.0,100.0,2026-09
9618217B42200782607352,Huramzai,pishin,Balochistan,0,585,17165.0,105.5,93.3,355.8,366.3,96.7,66.2,25.5,100.0,100.0,98.9,2026-09
9618217B76048857518190,Karezat,pishin,Balochistan,0,2090,92724.0,51.0,29.1,209.1,150.8,29.7,14.2,3.1,93.6,84.4,58.3,2026-09
9618217B19963285871914,Pishin,pishin,Balochistan,0,1019,210181.0,25.2,13.9,129.8,97.5,9.5,2.4,0.2,85.3,67.0,31.2,2026-09
9618217B26394123733067,Saranan,pishin,Balochistan,0,114,12509.0,30.2,28.5,244.3,242.2,38.6,3.1,0.0,100.0,100.0,100.0,2026-09
9618217B59919799962574,Panj Pai Sub-,quetta,Balochistan,0,1558,25947.0,225.6,160.2,535.4,460.6,77.9,63.4,48.2,100.0,100.0,99.5,2026-09
9618217B63682084587277,Quetta City,quetta,Balochistan,0,647,732877.0,35.2,3.8,88.7,32.0,1.8,0.9,0.2,44.6,10.1,1.4,2026-09
9618217B20690386240745,Quetta Saddar,quetta,Balochistan,0,1462,170473.0,58.9,22.6,222.4,127.0,19.1,10.0,3.5,89.0,79.0,42.4,2026-09
9618217B12512882766992,Sheerani,sherani,Balochistan,0,4034,108108.0,156.6,143.1,663.1,643.6,94.3,79.6,46.9,100.0,100.0,100.0,2026-09
9618217B12752349345390,Kut Mandai,sibi,Balochistan,0,1964,20613.0,228.6,177.1,724.5,629.5,100.0,93.7,68.7,100.0,100.0,100.0,2026-09
9618217B18368882513354,Lehri,sibi,Balochistan,0,2601,39889.0,142.7,120.8,551.2,531.0,97.7,81.5,42.1,100.0,100.0,100.0,2026-09
9618217B85158688879478,Sangan,sibi,Balochistan,0,1661,13354.0,272.9,277.2,498.5,508.9,100.0,99.0,95.7,100.0,100.0,100.0,2026-09
9618217B82477184644412,Sibi,sibi,Balochistan,0,3024,92701.0,116.0,43.4,310.8,158.4,34.6,20.5,12.2,71.5,62.0,45.8,2026-09
9618217B31193042816030,Besima,washuk,Balochistan,0,8509,31255.0,255.5,255.3,1178.8,1066.2,100.0,98.6,84.0,100.0,100.0,100.0,2026-09
9618217B35884329739488,Mashkhel,washuk,Balochistan,0,18726,38739.0,486.1,369.4,1713.1,1447.1,93.6,93.5,90.8,94.7,93.6,93.4,2026-09
9618217B53771355824836,Nag,washuk,Balochistan,0,6253,19429.0,418.0,408.8,1579.7,1561.1,100.0,100.0,99.9,100.0,100.0,100.0,2026-09
9618217B60673558266162,Shahdo Garhi Sub,washuk,Balochistan,0,4728,23815.0,195.0,155.7,1195.4,1173.4,100.0,95.6,52.4,100.0,100.0,100.0,2026-09
9618217B15164271077712,Washuk,washuk,Balochistan,0,9892,19047.0,526.6,453.1,1860.9,1861.9,100.0,100.0,99.8,100.0,100.0,100.0,2026-09
9618217B84397370421850,Ashwat Sub-,zhob,Balochistan,0,1299,7420.0,209.9,191.7,1063.4,1006.7,100.0,100.0,82.9,100.0,100.0,100.0,2026-09
9618217B36759225643803,Kashatoo Sub-,zhob,Balochistan,0,2281,9260.0,377.3,360.7,1857.7,1812.8,100.0,100.0,100.0,100.0,100.0,100.0,2026-09
9618217B71582416911520,Qamar Din Karez,zhob,Balochistan,0,761,4134.0,409.9,376.1,1820.1,1842.0,100.0,100.0,100.0,100.0,100.0,100.0,2026-09
9618217B6305227048180,Sambaza Sub,zhob,Balochistan,0,1353,7266.0,362.8,319.1,1787.4,1790.1,100.0,100.0,100.0,100.0,100.0,100.0,2026-09
9618217B4405082245846,Zhob,zhob,Balochistan,0,10516,219075.0,150.2,107.7,569.7,489.7,81.4,66.0,35.0,97.3,95.2,91.4,2026-09
9618217B69401786075997,Sinjawi Sub,ziarat,Balochistan,0,2470,58448.0,121.5,81.9,389.6,284.6,62.3,43.7,26.0,93.6,85.7,72.7,2026-09
9618217B66698483777033,Ziarat Sub Division,ziarat,Balochistan,0,1947,40718.0,70.2,50.6,209.9,192.2,53.8,30.5,8.9,95.7,88.0,68.0,2026-09
9618217B38361138378149,Bar Chamarkand,bajaur agency,Khyber Pakhtunkhwa,1,23,1579.0,21.4,24.4,185.3,183.4,33.1,0.0,0.0,100.0,100.0,100.0,2026-09
9618217B27103402875346,Barang,bajaur agency,Khyber Pakhtunkhwa,1,379,70446.0,46.9,42.0,205.9,185.1,50.5,21.1,3.1,100.0,99.8,81.8,2026-09
9618217B31254576320005,Khar,bajaur agency,Khyber Pakhtunkhwa,1,391,197395.0,21.3,14.9,86.2,68.6,14.4,3.1,0.0,78.3,49.6,14.2,2026-09
9618217B90172425710539,Mamund,bajaur agency,Khyber Pakhtunkhwa,1,372,217750.0,55.5,42.6,177.4,154.2,48.7,22.5,7.0,97.4,90.8,64.6,2026-09
9618217B6749340310851,Nawagai,bajaur agency,Khyber Pakhtunkhwa,1,177,57918.0,29.5,26.4,131.7,125.1,26.7,9.5,2.5,94.7,84.8,56.8,2026-09
9618217B53890861075426,Salarzai,bajaur agency,Khyber Pakhtunkhwa,1,339,216421.0,76.5,62.1,153.7,134.0,60.6,38.9,17.8,97.3,88.3,60.3,2026-09
9618217B58376820156413,Utman Khel,bajaur agency,Khyber Pakhtunkhwa,1,242,64444.0,48.0,38.0,180.8,158.9,42.4,18.3,4.1,100.0,100.0,68.3,2026-09
9618217B87633366072343,Fr Bannu,bannu,Khyber Pakhtunkhwa,0,1131,42250.0,56.9,45.1,244.3,226.7,59.6,27.2,2.2,100.0,99.9,81.0,2026-09
9618217B12477470393515,Fr D.I.Khan,dera ismail khan,Khyber Pakhtunkhwa,0,2279,52625.0,103.7,91.1,306.4,288.5,73.5,53.4,27.4,96.4,92.3,83.1,2026-09
9618217B32901696142370,Fr Kohat,kohat,Khyber Pakhtunkhwa,0,655,152359.0,35.7,28.4,176.0,157.3,39.2,11.6,0.5,94.1,81.5,60.6,2026-09
9618217B52659197715523,Fr Lakki,lakki marwat,Khyber Pakhtunkhwa,0,251,11949.0,116.7,148.0,312.1,351.0,99.4,89.5,69.6,100.0,100.0,100.0,2026-09
9618217B72269656705038,Fr Peshawar,peshawar,Khyber Pakhtunkhwa,0,363,79422.0,41.6,31.8,202.5,175.7,39.1,10.5,1.1,100.0,100.0,74.8,2026-09
9618217B51909263256707,Fr Tank,tank,Khyber Pakhtunkhwa,0,1578,35365.0,75.9,74.1,238.8,227.0,71.3,51.1,20.0,95.7,88.9,76.8,2026-09
9618217B27388776429495,Bara,khyber agency,Khyber Pakhtunkhwa,1,2239,436033.0,121.3,31.9,434.6,153.9,29.2,13.4,5.2,87.7,73.8,47.1,2026-09
9618217B97741945610446,Jamrud,khyber agency,Khyber Pakhtunkhwa,1,512,143400.0,29.9,20.4,161.3,135.4,20.0,6.4,0.6,85.8,72.5,55.5,2026-09
9618217B35987854225863,Landi Kotal,khyber agency,Khyber Pakhtunkhwa,1,1048,219496.0,62.6,36.0,388.5,324.7,37.5,14.8,3.3,100.0,100.0,100.0,2026-09
9618217B69891825710142,Central Kurram,kurram agency,Khyber Pakhtunkhwa,1,2038,257419.0,92.0,82.9,335.4,319.2,79.2,53.0,23.8,99.3,97.2,91.4,2026-09
9618217B46030390609191,Lower Kurram,kurram agency,Khyber Pakhtunkhwa,1,1300,114047.0,45.7,35.8,273.9,214.1,45.4,21.0,1.9,90.1,83.5,68.8,2026-09
9618217B79241141393082,Upper Kurram,kurram agency,Khyber Pakhtunkhwa,1,1335,306460.0,68.9,34.1,196.4,129.1,27.2,17.3,7.3,87.0,73.8,47.2,2026-09
9618217B21414584218612,Ambar Utman Khel,mohmand agency,Khyber Pakhtunkhwa,1,328,36501.0,62.4,58.2,267.4,246.0,70.6,39.5,8.1,100.0,100.0,94.6,2026-09
9618217B16065617100671,Halimzai,mohmand agency,Khyber Pakhtunkhwa,1,294,46454.0,40.1,35.6,358.0,344.3,52.2,10.3,0.0,100.0,100.0,100.0,2026-09
9618217B45853598456335,Pindiali,mohmand agency,Khyber Pakhtunkhwa,1,643,131320.0,62.4,50.1,290.1,259.6,68.6,31.0,4.6,100.0,98.5,82.1,2026-09
9618217B7430750340481,Prang Ghar,mohmand agency,Khyber Pakhtunkhwa,1,361,27220.0,79.9,63.4,273.9,237.1,60.9,41.9,17.5,100.0,100.0,95.9,2026-09
9618217B32259055898287,Safi,mohmand agency,Khyber Pakhtunkhwa,1,447,95638.0,48.5,43.5,226.9,210.3,49.2,26.1,4.0,100.0,99.1,87.4,2026-09
9618217B63558675564153,Upper Momand,mohmand agency,Khyber Pakhtunkhwa,1,712,111869.0,64.3,60.5,412.8,406.8,90.8,36.2,7.9,100.0,100.0,100.0,2026-09
9618217B82493190371101,Yaka Ghund,mohmand agency,Khyber Pakhtunkhwa,1,378,99765.0,49.6,33.4,260.2,210.6,31.6,23.1,2.6,100.0,100.0,79.7,2026-09
9618217B11986805554587,Data Khel,north waziristan agency,Khyber Pakhtunkhwa,1,2573,171612.0,137.4,119.2,826.9,767.6,100.0,95.5,41.8,100.0,100.0,100.0,2026-09
9618217B46789655633865,Dossali,north waziristan agency,Khyber Pakhtunkhwa,1,357,30364.0,94.4,90.3,764.0,765.4,100.0,80.1,19.5,100.0,100.0,100.0,2026-09
9618217B50320195799158,Garyum,north waziristan agency,Khyber Pakhtunkhwa,1,458,14822.0,98.3,83.5,636.0,591.6,100.0,75.8,13.2,100.0,100.0,100.0,2026-09
9618217B55129572621582,Ghulam Khan,north waziristan agency,Khyber Pakhtunkhwa,1,266,13811.0,94.6,88.9,394.6,388.7,100.0,79.5,19.4,100.0,100.0,100.0,2026-09
9618217B16260546865970,Mir Ali,north waziristan agency,Khyber Pakhtunkhwa,1,901,94398.0,64.7,50.9,497.8,487.8,77.4,24.9,4.7,100.0,100.0,100.0,2026-09
9618217B14052675855393,Miran Shah,north waziristan agency,Khyber Pakhtunkhwa,1,572,137662.0,85.0,71.0,569.7,572.9,100.0,46.6,10.1,100.0,100.0,100.0,2026-09
9618217B43456602867297,Razmak,north waziristan agency,Khyber Pakhtunkhwa,1,278,4895.0,87.1,76.7,722.5,721.4,100.0,60.8,11.7,100.0,100.0,100.0,2026-09
9618217B60416920570962,Shewa,north waziristan agency,Khyber Pakhtunkhwa,1,562,37149.0,96.1,85.1,483.4,479.7,100.0,56.2,23.2,100.0,100.0,100.0,2026-09
9618217B25033373041510,Spinwam,north waziristan agency,Khyber Pakhtunkhwa,1,802,30237.0,98.9,90.6,443.1,442.1,100.0,74.0,21.5,100.0,100.0,100.0,2026-09
9618217B82128272858403,Central Orakzai,orakzai agency,Khyber Pakhtunkhwa,1,492,80077.0,57.0,54.3,333.2,328.4,84.5,36.6,1.5,100.0,100.0,97.3,2026-09
9618217B45377904205919,Ismailzai,orakzai agency,Khyber Pakhtunkhwa,1,332,66224.0,51.5,51.9,215.4,219.1,78.8,30.0,2.0,100.0,100.0,82.6,2026-09
9618217B73791785557213,Lower Orakzai,orakzai agency,Khyber Pakhtunkhwa,1,733,90241.0,62.3,60.3,369.8,371.6,86.0,39.5,7.4,100.0,100.0,99.2,2026-09
9618217B17002531383252,Upper Orakzai,orakzai agency,Khyber Pakhtunkhwa,1,364,88635.0,91.9,89.1,463.2,448.2,100.0,75.9,19.6,100.0,100.0,100.0,2026-09
9618217B26139173506241,Birmal,south waziristan agency,Khyber Pakhtunkhwa,1,1187,82430.0,136.2,124.1,1074.5,1046.2,100.0,100.0,41.7,100.0,100.0,100.0,2026-09
9618217B16932570993763,Ladha,south waziristan agency,Khyber Pakhtunkhwa,1,584,99481.0,131.7,99.9,587.3,553.8,100.0,58.7,24.2,100.0,100.0,100.0,2026-09
9618217B3793228482505,Makin,south waziristan agency,Khyber Pakhtunkhwa,1,511,50078.0,118.3,98.5,675.8,621.3,100.0,47.8,25.0,100.0,100.0,100.0,2026-09
9618217B61234163758742,Saraogha,south waziristan agency,Khyber Pakhtunkhwa,1,1056,102079.0,92.4,79.7,313.3,316.2,77.7,46.6,21.1,100.0,99.8,96.9,2026-09
9618217B82679427642430,Serwekai,south waziristan agency,Khyber Pakhtunkhwa,1,490,42086.0,69.5,62.6,359.0,356.9,90.6,39.9,8.1,100.0,100.0,100.0,2026-09
9618217B34807773497614,Tiarza,south waziristan agency,Khyber Pakhtunkhwa,1,942,58458.0,84.4,80.2,607.3,603.0,99.0,65.6,12.1,100.0,100.0,100.0,2026-09
9618217B6011346458997,Toi Khulla,south waziristan agency,Khyber Pakhtunkhwa,1,711,42458.0,141.2,132.5,991.9,989.0,100.0,94.0,60.3,100.0,100.0,100.0,2026-09
9618217B60532697515425,Wana,south waziristan agency,Khyber Pakhtunkhwa,1,3086,135817.0,138.4,97.6,684.0,716.2,99.9,67.3,23.6,100.0,100.0,100.0,2026-09
9618217B77065930061668,Islamabad,islamabad,Islamabad Capital Territory,0,1253,1938994.0,5.4,2.4,49.4,28.7,0.2,0.0,0.0,33.6,13.3,1.4,2026-09
9618217B70325037560475,Astore,astor,Gilgit-Baltistan,0,7370,119013.0,282.6,198.8,794.3,646.0,87.0,74.7,55.9,99.0,97.2,94.3,2026-09
9618217B41750222117386,Chilas,diamir,Gilgit-Baltistan,0,6029,79995.0,283.6,200.2,1027.9,918.7,95.0,83.4,60.2,100.0,100.0,99.7,2026-09
9618217B87521623220935,Darel Tangir,diamir,Gilgit-Baltistan,0,3837,82342.0,488.9,330.8,1134.3,961.7,99.6,98.5,89.2,100.0,100.0,100.0,2026-09
9618217B25754962135590,Khaplu,ghanchi,Gilgit-Baltistan,0,3692,71086.0,438.9,188.1,828.6,483.4,92.1,70.2,42.0,99.8,98.9,91.7,2026-09
9618217B85218379767883,Mashabrum,ghanchi,Gilgit-Baltistan,0,8204,32588.0,1245.9,573.8,2237.6,1243.3,100.0,100.0,69.8,100.0,100.0,100.0,2026-09
9618217B90015961408219,Gupis,ghizer,Gilgit-Baltistan,0,7624,53205.0,518.3,270.3,952.3,556.9,74.5,67.4,52.6,96.5,91.4,83.1,2026-09
9618217B15965056410830,Ishkomen,ghizer,Gilgit-Baltistan,0,3954,22562.0,671.5,327.2,1585.1,1073.0,100.0,88.6,63.4,100.0,100.0,100.0,2026-09
9618217B13486207754369,Punial,ghizer,Gilgit-Baltistan,0,2213,39513.0,405.4,180.2,826.0,600.0,91.3,58.0,41.6,100.0,100.0,100.0,2026-09
9618217B38991384841424,Yasin,ghizer,Gilgit-Baltistan,0,3627,37975.0,604.4,229.9,773.7,368.3,62.6,55.3,41.8,98.5,95.3,79.4,2026-09
9618217B24239170098361,Gilgit,gilgit,Gilgit-Baltistan,0,5768,125421.0,421.4,152.5,711.9,344.4,54.7,44.8,34.4,81.8,76.8,69.6,2026-09
9618217B18607943062555,Aliabad,hunza nagar,Gilgit-Baltistan,0,1162,11386.0,1043.8,367.9,1142.2,431.9,58.7,52.9,42.4,72.8,62.6,55.9,2026-09
9618217B58972864826743,Gojal,hunza nagar,Gilgit-Baltistan,0,15315,31072.0,1171.1,637.8,2267.4,1463.9,90.0,78.2,67.2,100.0,100.0,100.0,2026-09
9618217B7415913583848,Nagar-I,hunza nagar,Gilgit-Baltistan,0,2041,73578.0,892.3,346.0,1190.6,512.5,52.2,46.9,38.8,86.3,76.6,63.7,2026-09
9618217B11035459557122,Nagar-Ii,hunza nagar,Gilgit-Baltistan,0,2102,19526.0,801.9,208.8,1023.2,333.4,51.6,43.7,35.0,94.0,87.5,62.7,2026-09
9618217B83227364220136,Gultari,skardu,Gilgit-Baltistan,0,4858,37729.0,189.8,164.8,927.2,923.4,99.8,92.0,58.4,100.0,100.0,100.0,2026-09
9618217B70387484269248,Kharmang,skardu,Gilgit-Baltistan,0,3628,57915.0,264.3,158.3,755.3,620.5,89.3,73.6,48.6,99.2,98.5,95.0,2026-09
9618217B20972596228202,Rondu,skardu,Gilgit-Baltistan,0,2368,34544.0,386.1,220.5,1018.5,843.7,93.3,81.4,56.5,100.0,100.0,100.0,2026-09
9618217B26900800837648,Shigar,skardu,Gilgit-Baltistan,0,12759,62909.0,1086.8,431.3,1555.1,683.8,68.8,61.0,52.5,98.3,95.7,85.0,2026-09
9618217B88498185372954,Skardu,skardu,Gilgit-Baltistan,0,2753,70116.0,278.8,83.8,529.3,196.7,35.8,30.8,23.5,87.0,64.3,43.8,2026-09
9618217B58090762247590,Abbottabad,abbottabad,Khyber Pakhtunkhwa,0,1902,1254314.0,32.7,16.0,128.1,84.0,16.3,5.5,1.4,62.5,49.7,34.2,2026-09
9618217B10477128024963,Havelian,abbottabad,Khyber Pakhtunkhwa,0,573,300309.0,27.6,21.0,137.7,128.7,22.5,4.4,0.0,99.7,92.0,50.3,2026-09
9618217B86252139157568,Bannu,bannu,Khyber Pakhtunkhwa,0,1114,992097.0,24.6,10.8,161.8,85.9,6.0,0.7,0.2,75.3,52.1,25.6,2026-09
9618217B66102957616794,Domel,bannu,Khyber Pakhtunkhwa,0,533,189964.0,21.5,15.7,120.0,97.8,14.9,0.6,0.0,82.5,64.6,40.0,2026-09
9618217B82118214800407,Alai,batagram,Khyber Pakhtunkhwa,0,1156,212191.0,96.5,72.1,468.4,362.5,62.7,42.3,19.0,97.9,94.9,89.7,2026-09
9618217B42013741972359,Batagram,batagram,Khyber Pakhtunkhwa,0,767,333128.0,70.0,39.3,170.1,123.1,32.6,18.5,9.4,87.9,72.2,42.4,2026-09
9618217B69506225279330,Daggar,buner,Khyber Pakhtunkhwa,0,928,345443.0,45.2,33.9,191.9,171.4,35.8,16.0,5.3,96.2,90.5,73.1,2026-09
9618217B56430132914599,Gagra,buner,Khyber Pakhtunkhwa,0,663,219064.0,56.1,38.4,205.2,157.6,35.3,18.7,8.3,91.7,82.2,55.5,2026-09
9618217B53498554126513,Khado Khel,buner,Khyber Pakhtunkhwa,0,855,321276.0,30.6,24.1,110.3,106.8,26.3,7.5,0.7,95.2,85.1,35.4,2026-09
9618217B75469142361220,Charsadda,charsadda,Khyber Pakhtunkhwa,0,633,928170.0,5.9,4.7,68.3,56.7,0.0,0.0,0.0,72.4,41.5,5.2,2026-09
9618217B19186468029110,Shabqadar,charsadda,Khyber Pakhtunkhwa,0,271,413742.0,6.6,5.3,70.7,60.2,0.0,0.0,0.0,80.8,49.2,1.0,2026-09
9618217B49069937374752,Tangi,charsadda,Khyber Pakhtunkhwa,0,485,451848.0,8.8,5.8,77.4,61.4,0.6,0.1,0.0,80.5,45.4,4.8,2026-09
9618217B14913426707390,Chitral,chitral,Khyber Pakhtunkhwa,0,8362,319850.0,371.8,136.3,625.6,324.1,63.9,50.1,35.4,95.7,91.4,83.4,2026-09
9618217B15142704211186,Mastuj,chitral,Khyber Pakhtunkhwa,0,12619,237288.0,797.8,257.0,1294.3,547.2,66.8,53.8,40.5,97.0,92.5,83.6,2026-09
9618217B8526825785603,D.I.Khan,dera ismail khan,Khyber Pakhtunkhwa,0,1673,521423.0,31.2,12.9,213.5,103.2,13.0,3.5,0.0,68.1,51.6,33.9,2026-09
9618217B74425880095030,Daraban,dera ismail khan,Khyber Pakhtunkhwa,0,1988,150531.0,54.9,50.8,369.1,374.1,76.6,32.3,0.9,100.0,100.0,100.0,2026-09
9618217B58016841629421,Kulachi,dera ismail khan,Khyber Pakhtunkhwa,0,1428,94987.0,55.9,50.4,355.1,362.8,83.5,26.8,1.4,100.0,100.0,100.0,2026-09
9618217B57090337990309,Paharpur,dera ismail khan,Khyber Pakhtunkhwa,0,2738,418895.0,46.5,32.7,295.2,256.0,41.3,11.2,1.2,98.2,96.5,90.2,2026-09
9618217B16017881368538,Paroa,dera ismail khan,Khyber Pakhtunkhwa,0,2284,316629.0,53.8,40.7,255.7,222.1,48.7,22.9,4.3,96.9,93.0,80.5,2026-09
9618217B72358395847423,Hangu,hangu,Khyber Pakhtunkhwa,0,927,353452.0,25.7,19.4,126.4,105.4,21.5,4.1,0.3,86.8,65.1,38.4,2026-09
9618217B83339690098586,Tall,hangu,Khyber Pakhtunkhwa,0,1000,194954.0,56.0,50.8,417.5,410.6,87.0,26.1,0.9,100.0,100.0,100.0,2026-09
9618217B18056507833425,Ghazi,haripur,Khyber Pakhtunkhwa,0,823,193222.0,28.9,17.9,127.4,95.9,17.4,6.5,0.1,84.4,71.4,32.0,2026-09
9618217B53516127317768,Haripur,haripur,Khyber Pakhtunkhwa,0,1880,1022486.0,20.8,11.1,127.0,97.5,7.1,1.4,0.1,81.0,70.3,38.7,2026-09
9618217B86538766181056,Banda Daud Shah,karak,Khyber Pakhtunkhwa,0,1518,195233.0,39.7,32.1,180.3,156.4,42.2,13.4,0.4,96.9,90.2,63.3,2026-09
9618217B36434785765551,Karak,karak,Khyber Pakhtunkhwa,0,1375,329768.0,48.0,34.0,163.9,138.0,31.3,14.7,8.2,92.2,77.9,51.9,2026-09
9618217B28657250175694,Takht E Nasrati,karak,Khyber Pakhtunkhwa,0,790,230287.0,31.2,20.7,122.0,110.0,15.8,8.7,0.3,95.8,84.9,41.1,2026-09
9618217B37478017823501,Kohat,kohat,Khyber Pakhtunkhwa,0,2429,774458.0,31.2,15.4,168.6,108.9,13.9,4.8,0.7,77.3,61.3,39.2,2026-09
9618217B45474288177233,Lachi,kohat,Khyber Pakhtunkhwa,0,1721,211553.0,49.4,37.8,264.1,216.4,48.6,21.2,1.9,95.0,85.9,69.4,2026-09
9618217B96945867102806,Dassu,kohistan,Khyber Pakhtunkhwa,0,5008,254804.0,484.1,375.4,897.3,775.7,88.7,82.1,72.6,98.7,97.1,92.5,2026-09
9618217B42691934354201,Kandia,kohistan,Khyber Pakhtunkhwa,0,2994,77991.0,759.6,536.2,982.4,720.6,96.3,92.3,85.6,99.1,98.4,95.5,2026-09
9618217B98955281089867,Palas,kohistan,Khyber Pakhtunkhwa,0,1999,434014.0,252.1,176.0,633.8,497.7,77.0,68.4,51.4,98.7,98.1,94.6,2026-09
9618217B74983796043949,Pattan,kohistan,Khyber Pakhtunkhwa,0,915,60961.0,551.8,420.4,809.0,719.4,98.4,95.8,91.7,100.0,100.0,100.0,2026-09
9618217B28791527725555,Lakki Marwat,lakki marwat,Khyber Pakhtunkhwa,0,3573,625397.0,39.8,28.4,220.7,206.8,33.6,7.5,1.1,98.4,95.3,83.1,2026-09
9618217B19630672602920,Naurang,lakki marwat,Khyber Pakhtunkhwa,0,822,225515.0,25.9,16.4,131.1,100.5,16.2,3.6,0.0,86.9,65.9,33.5,2026-09
9618217B4451792369461,Adenzai,lower dir,Khyber Pakhtunkhwa,0,546,361592.0,34.2,17.7,125.4,88.4,16.3,7.0,1.4,86.9,59.5,25.9,2026-09
9618217B49164558096656,Lalqilla,lower dir,Khyber Pakhtunkhwa,0,299,133454.0,57.6,32.0,119.7,84.2,27.3,16.2,8.6,74.2,47.9,23.7,2026-09
9618217B64606316264088,Munda,lower dir,Khyber Pakhtunkhwa,0,320,231017.0,26.9,15.9,100.7,83.1,16.7,6.0,0.2,91.3,66.2,15.7,2026-09
9618217B88301409575294,Samarbagh(Barwa),lower dir,Khyber Pakhtunkhwa,0,395,192184.0,48.3,33.9,229.4,195.6,35.2,16.3,4.0,100.0,100.0,90.9,2026-09
9618217B87730202746425,Temergara,lower dir,Khyber Pakhtunkhwa,0,914,522264.0,38.7,22.2,154.6,119.4,20.8,10.2,3.0,77.4,67.2,52.6,2026-09
9618217B54248563822765,Sam Ranizai,malakand,Khyber Pakhtunkhwa,0,380,336192.0,11.3,6.7,62.5,49.1,2.4,0.5,0.0,72.2,30.0,2.4,2026-09
9618217B91992316601631,Swat Ranizai,malakand,Khyber Pakhtunkhwa,0,951,461283.0,32.4,16.1,111.3,70.2,14.3,6.7,1.8,62.7,42.1,21.0,2026-09
9618217B1796422743035,Balakot,mansehra,Khyber Pakhtunkhwa,0,3461,377844.0,204.4,98.1,920.1,495.1,57.8,44.8,29.5,96.0,88.4,70.1,2026-09
9618217B1764376648259,Mansehra,mansehra,Khyber Pakhtunkhwa,0,1919,1015660.0,47.2,18.1,145.2,79.1,13.4,7.4,3.1,71.7,48.4,19.3,2026-09
9618217B99515953512230,Oghi,mansehra,Khyber Pakhtunkhwa,0,678,322106.0,44.6,36.1,146.3,129.1,38.6,18.1,6.6,90.4,78.2,50.2,2026-09
9618217B26511611890245,Katlang,mardan,Khyber Pakhtunkhwa,0,432,358169.0,14.9,12.2,99.0,106.6,3.7,0.6,0.0,95.2,87.4,40.0,2026-09
9618217B99815948205781,Mardan,mardan,Khyber Pakhtunkhwa,0,1312,1509101.0,19.2,7.3,80.6,54.1,3.6,2.1,0.6,65.3,39.6,5.5,2026-09
9618217B56941601966296,Takht Bhai,mardan,Khyber Pakhtunkhwa,0,559,675298.0,9.9,9.4,105.3,108.2,0.0,0.0,0.0,96.3,84.6,41.3,2026-09
9618217B14540535558764,Nowshera,nowshera,Khyber Pakhtunkhwa,0,1874,1109498.0,27.8,13.3,193.8,124.6,10.4,2.6,0.2,82.2,68.0,43.4,2026-09
9618217B85805369832497,Pabbi,nowshera,Khyber Pakhtunkhwa,0,578,458979.0,22.1,12.0,151.8,98.8,6.7,1.0,0.0,86.0,64.0,30.3,2026-09
9618217B67800644266725,Alpuri,shangla,Khyber Pakhtunkhwa,0,811,299166.0,85.2,62.3,181.6,141.9,59.0,35.9,16.4,93.2,81.4,52.2,2026-09
9618217B47007823281887,Bisham,shangla,Khyber Pakhtunkhwa,0,264,88207.0,73.7,50.3,187.6,158.1,41.3,27.3,17.0,90.5,78.7,57.2,2026-09
9618217B39481930993585,Chiksar,shangla,Khyber Pakhtunkhwa,0,339,153043.0,57.4,48.1,161.3,143.9,52.1,29.2,10.1,96.8,91.0,56.1,2026-09
9618217B75574497464279,Martung,shangla,Khyber Pakhtunkhwa,0,213,86651.0,66.9,59.1,271.6,253.6,65.7,30.3,10.7,100.0,100.0,91.0,2026-09
9618217B85285460066544,Puran,shangla,Khyber Pakhtunkhwa,0,344,136523.0,90.2,68.5,135.5,110.6,60.2,41.9,20.4,89.2,69.8,37.3,2026-09
9618217B21660428778225,Lahor,swabi,Khyber Pakhtunkhwa,0,438,361808.0,10.8,8.8,94.4,86.8,0.3,0.0,0.0,82.0,57.4,24.5,2026-09
9618217B51199303566894,Razar,swabi,Khyber Pakhtunkhwa,0,643,579483.0,13.6,7.0,67.6,47.8,3.8,1.7,0.1,66.0,27.0,3.7,2026-09
9618217B86482218713484,Swabi,swabi,Khyber Pakhtunkhwa,0,381,401724.0,7.5,4.8,53.4,41.5,0.5,0.0,0.0,60.4,25.4,0.4,2026-09
9618217B62060167615722,Topi,swabi,Khyber Pakhtunkhwa,0,624,454628.0,21.9,11.4,91.8,63.2,8.7,3.1,0.1,73.9,38.5,14.9,2026-09
9618217B96227356091196,Babuzai,swat,Khyber Pakhtunkhwa,0,462,391816.0,40.9,13.4,113.7,55.5,12.5,5.9,2.8,52.5,34.5,13.8,2026-09
9618217B66331326355874,Bahrain,swat,Khyber Pakhtunkhwa,0,4553,337280.0,365.8,199.9,625.6,422.0,78.9,66.2,53.2,98.3,96.6,93.4,2026-09
9618217B68002200879702,Barikot,swat,Khyber Pakhtunkhwa,0,501,347394.0,49.7,26.7,173.3,129.8,25.6,12.3,4.1,97.4,83.6,51.7,2026-09
9618217B24557098667068,Charbagh,swat,Khyber Pakhtunkhwa,0,188,94825.0,20.4,15.9,100.3,102.3,14.4,2.8,0.6,96.9,87.4,32.1,2026-09
9618217B36757297695869,Kabal,swat,Khyber Pakhtunkhwa,0,574,370664.0,36.0,21.4,117.4,87.8,21.4,10.6,3.1,85.5,60.8,22.1,2026-09
9618217B23020330942802,Khawaza Khela,swat,Khyber Pakhtunkhwa,0,400,214618.0,68.9,35.3,162.5,104.5,32.9,21.1,8.9,79.1,61.1,34.3,2026-09
9618217B40124352215218,Matta,swat,Khyber Pakhtunkhwa,0,972,438485.0,85.0,46.2,257.1,163.6,42.3,26.1,11.9,86.1,74.9,54.5,2026-09
9618217B89518197918808,Tank,tank,Khyber Pakhtunkhwa,0,2306,415163.0,35.4,26.2,170.7,143.5,31.6,8.2,0.4,93.3,84.1,57.6,2026-09
9618217B27486600301498,Torgher,tor ghar,Khyber Pakhtunkhwa,0,660,299636.0,114.5,100.4,340.1,337.2,81.0,53.3,31.2,100.0,100.0,100.0,2026-09
9618217B75611380767926,Dir,upper dir,Khyber Pakhtunkhwa,0,1607,376236.0,80.6,55.2,294.5,243.4,52.6,30.5,13.1,97.5,93.7,82.9,2026-09
9618217B41054895723693,Sharingal,upper dir,Khyber Pakhtunkhwa,0,2814,226890.0,303.9,234.6,726.5,633.4,94.2,77.7,61.3,100.0,100.0,100.0,2026-09
9618217B67850657595713,Wari,upper dir,Khyber Pakhtunkhwa,0,698,249304.0,117.0,88.0,287.1,246.3,62.8,48.0,28.9,99.7,96.8,83.5,2026-09
9618217B50149376018014,Attock,attock,Punjab,0,1524,434285.0,36.2,15.8,164.8,102.4,13.6,5.9,1.0,83.1,64.2,32.1,2026-09
9618217B26191403236071,Fateh Jang,attock,Punjab,0,1822,358501.0,23.6,15.6,161.4,129.3,9.4,2.8,0.5,92.5,84.1,51.7,2026-09
9618217B7124878941911,Hassanabdal,attock,Punjab,0,532,277232.0,15.2,7.6,86.8,65.1,3.8,1.4,0.0,77.0,48.2,10.9,2026-09
9618217B87894448087129,Hazro,attock,Punjab,0,541,408531.0,8.6,6.0,89.4,72.9,0.2,0.0,0.0,87.8,59.4,11.4,2026-09
9618217B26860553208965,Jand,attock,Punjab,0,2957,362837.0,34.6,26.5,247.2,207.0,37.5,7.3,0.0,90.7,83.5,67.5,2026-09
9618217B75704590266710,Pindi Gheb,attock,Punjab,0,2153,323338.0,29.7,22.4,174.4,141.9,25.9,5.2,0.0,89.8,78.2,57.2,2026-09
9618217B66715726514164,Bahawalnagar,bahawalnagar,Punjab,0,2682,987253.0,20.4,14.4,155.4,124.1,8.7,1.3,0.0,86.7,74.3,49.9,2026-09
9618217B28318758204703,Chishtian,bahawalnagar,Punjab,0,2445,829722.0,19.9,12.0,132.1,90.1,7.1,1.0,0.0,81.0,61.5,25.7,2026-09
9618217B32335001423443,Fort Abbas,bahawalnagar,Punjab,0,3161,466004.0,112.7,54.1,438.7,327.8,54.5,28.6,11.1,98.5,95.7,88.3,2026-09
9618217B64963445448677,Haroonabad,bahawalnagar,Punjab,0,1504,605665.0,24.5,20.1,190.4,175.5,14.0,0.4,0.0,98.4,93.5,76.6,2026-09
9618217B99235874147506,Minchinabad,bahawalnagar,Punjab,0,1863,559055.0,46.0,39.9,261.6,284.3,64.4,13.9,0.1,100.0,100.0,98.2,2026-09
9618217B72387286824542,Ahmadpur East,bahawalpur,Punjab,0,1971,1165614.0,22.1,15.2,117.1,90.5,16.1,2.4,0.0,77.8,60.6,29.4,2026-09
9618217B62144943216166,Bahawalpur,bahawalpur,Punjab,0,1578,990127.0,16.5,7.9,91.9,55.2,4.1,0.2,0.0,57.6,34.2,12.0,2026-09
9618217B65956213169788,Bahawalpur City,bahawalpur,Punjab,0,328,346419.0,14.0,4.6,80.6,37.0,1.9,0.0,0.0,38.4,21.6,6.3,2026-09
9618217B38710441468568,Hasilpur,bahawalpur,Punjab,0,1508,516015.0,25.7,12.9,166.0,102.3,10.4,0.8,0.1,80.2,63.1,27.7,2026-09
9618217B97721699112019,Khairpur Tamewali,bahawalpur,Punjab,0,970,304846.0,20.8,16.8,121.2,116.2,12.8,0.8,0.0,94.2,82.1,47.2,2026-09
9618217B66821366213948,Yazman,bahawalpur,Punjab,0,25436,688661.0,142.0,60.2,636.6,299.7,49.3,32.2,16.9,94.3,82.1,61.0,2026-09
9618217B37121610639704,Bhakkar,bhakkar,Punjab,0,2499,696035.0,28.2,20.4,160.6,121.7,18.3,4.4,0.6,87.0,73.1,45.0,2026-09
9618217B62767421306838,Darya Khan,bhakkar,Punjab,0,1895,377691.0,38.9,29.1,284.0,215.2,41.5,9.7,0.0,94.7,88.2,66.5,2026-09
9618217B20876188191816,Kalur Kot,bhakkar,Punjab,0,2406,373882.0,39.1,35.1,274.8,261.9,53.0,12.2,0.1,98.1,95.4,88.8,2026-09
9618217B35028785472961,Mankera,bhakkar,Punjab,0,4877,284663.0,47.5,38.3,234.4,202.9,55.1,20.4,0.1,94.5,89.2,73.2,2026-09
9618217B61688476906431,Chakwal,chakwal,Punjab,0,3036,745059.0,21.1,14.6,118.8,100.9,9.5,1.7,0.0,88.4,73.2,37.2,2026-09
9618217B34165652086565,Choa Saidan Shah,chakwal,Punjab,0,700,177491.0,29.8,19.2,110.0,91.9,17.1,8.3,1.3,86.0,68.5,29.3,2026-09
9618217B86534483810344,Kallar Kahar,chakwal,Punjab,0,1148,248923.0,21.4,13.7,117.5,90.5,10.6,2.1,0.1,81.4,62.3,32.1,2026-09
9618217B62547254689686,Tala Gang,chakwal,Punjab,0,4389,633705.0,35.4,27.8,179.5,152.0,37.1,9.9,0.2,90.9,81.4,60.6,2026-09
9618217B38138021064938,Bhawana,chiniot,Punjab,0,1271,413145.0,16.2,15.3,144.9,142.2,3.9,0.0,0.0,95.2,85.6,64.0,2026-09
9618217B24634136652115,Chiniot,chiniot,Punjab,0,950,609886.0,9.8,6.7,90.8,70.5,0.3,0.0,0.0,74.2,50.7,19.9,2026-09
9618217B62286570878948,Lalian,chiniot,Punjab,0,1343,573715.0,24.6,16.5,131.9,101.3,16.6,3.7,0.0,75.0,59.3,38.8,2026-09
9618217B85950255786241,De-Excluded Area D.G.Khan,dera ghazi khan,Punjab,0,7307,209245.0,149.9,126.7,484.1,463.0,95.9,72.8,42.6,99.9,99.6,97.9,2026-09
9618217B12999720718980,Dera Ghazi Khan,dera ghazi khan,Punjab,0,4871,1906013.0,31.5,14.8,159.9,93.7,15.0,3.2,0.1,71.2,55.3,32.6,2026-09
9618217B56078178956611,Taunsa,dera ghazi khan,Punjab,0,3615,612053.0,31.1,22.3,157.8,124.4,26.3,6.5,0.1,85.0,72.7,47.4,2026-09
9618217B96433352493749,Chak Jhumra,faisalabad,Punjab,0,711,433249.0,9.9,8.9,104.1,102.7,0.0,0.0,0.0,92.1,81.4,41.1,2026-09
9618217B49237159452791,Faisalabad City,faisalabad,Punjab,0,277,3511166.0,1.4,0.9,19.2,13.3,0.0,0.0,0.0,10.1,0.4,0.0,2026-09
9618217B20006160177590,Faisalabad Saddar,faisalabad,Punjab,0,1763,1568314.0,6.5,4.7,71.1,57.3,0.0,0.0,0.0,75.1,40.6,6.5,2026-09
9618217B34983463675633,Jaranwala,faisalabad,Punjab,0,2353,1740279.0,8.4,6.1,78.9,61.6,0.4,0.0,0.0,73.9,47.5,8.4,2026-09
9618217B59102898761017,Samundari,faisalabad,Punjab,0,1179,857104.0,9.9,8.6,101.3,91.3,0.0,0.0,0.0,89.7,75.2,26.2,2026-09
9618217B47443696449960,Tandlianwala,faisalabad,Punjab,0,1835,891560.0,22.5,18.9,133.6,118.0,18.7,1.0,0.0,92.5,80.1,46.8,2026-09
9618217B3934260130404,Gujranwala,gujranwala,Punjab,0,1071,2198581.0,6.2,4.3,60.6,46.8,0.0,0.0,0.0,63.0,30.8,1.3,2026-09
9618217B99363720613400,Gujranwala City,gujranwala,Punjab,0,108,962126.0,1.1,0.8,15.9,13.9,0.0,0.0,0.0,8.3,0.0,0.0,2026-09
9618217B79627750692708,Kamoke,gujranwala,Punjab,0,926,668554.0,11.6,8.7,99.8,79.2,0.0,0.0,0.0,75.4,54.4,28.5,2026-09
9618217B8960364895621,Nowshera Virkhan,gujranwala,Punjab,0,1205,707545.0,9.3,8.6,88.4,85.1,0.0,0.0,0.0,88.0,70.8,20.7,2026-09
9618217B81659950936026,Wazirabad,gujranwala,Punjab,0,1666,1089137.0,9.7,7.1,71.6,60.3,1.5,0.0,0.0,73.7,48.1,6.6,2026-09
9618217B61923659220021,Gujrat,gujrat,Punjab,0,1982,1822676.0,7.0,4.9,59.7,47.5,0.6,0.0,0.0,64.3,35.7,1.0,2026-09
9618217B29572971440693,Kharian,gujrat,Punjab,0,1756,1308899.0,11.6,7.0,72.4,55.4,2.9,0.6,0.0,72.0,40.2,3.7,2026-09
9618217B44942663525229,Sarai Alamgir,gujrat,Punjab,0,676,309850.0,17.4,11.9,126.5,99.0,6.5,0.1,0.0,74.6,62.6,41.9,2026-09
9618217B14601730863516,Hafizabad,hafizabad,Punjab,0,1510,801244.0,12.4,8.5,85.8,67.1,3.6,0.0,0.0,70.0,48.0,18.7,2026-09
9618217B88762426965199,Pindi Bhattian,hafizabad,Punjab,0,1611,580436.0,13.5,9.2,90.7,75.2,4.9,1.0,0.0,80.4,58.4,15.4,2026-09
9618217B97650349828759,18-Hazari,jhang,Punjab,0,2240,385219.0,38.8,25.5,160.1,120.9,34.9,8.1,0.1,89.7,75.8,44.5,2026-09
9618217B8917693813131,Ahmedpur Sial,jhang,Punjab,0,1171,434395.0,30.9,26.1,159.2,159.1,30.7,6.9,0.0,93.7,87.6,67.8,2026-09
9618217B12490857325853,Jhang,jhang,Punjab,0,3561,1623124.0,17.8,11.8,112.5,90.8,8.0,1.1,0.0,79.2,63.9,34.9,2026-09
9618217B73902443176892,Shorkot,jhang,Punjab,0,1666,671986.0,23.5,19.0,136.6,130.9,13.6,3.1,0.0,91.0,83.4,59.1,2026-09
9618217B61242270997195,Dina,jhelum,Punjab,0,996,409909.0,17.8,9.6,85.5,58.2,6.3,0.9,0.0,68.8,40.1,8.7,2026-09
9618217B22857768344293,Jhelum,jhelum,Punjab,0,825,480933.0,19.0,8.5,115.6,67.2,5.9,0.9,0.0,65.1,40.5,18.2,2026-09
9618217B13521614852985,Pind Dadan Khan,jhelum,Punjab,0,1854,440984.0,26.7,19.6,152.2,131.4,14.8,4.0,0.1,94.9,87.9,55.0,2026-09
9618217B97272924784682,Sohawa,jhelum,Punjab,0,1258,206486.0,17.2,13.2,81.8,74.5,7.9,1.9,0.0,78.7,55.4,20.0,2026-09
9618217B67240081969707,Chunian,kasur,Punjab,0,1599,956403.0,23.5,17.3,164.4,140.6,14.7,3.5,0.3,93.3,81.3,55.3,2026-09
9618217B57329099303802,Kasur,kasur,Punjab,0,1899,1229980.0,13.3,8.0,92.9,67.2,2.2,0.4,0.0,71.1,51.1,14.6,2026-09
9618217B52082409863754,Kot Radha Kishan,kasur,Punjab,0,582,601730.0,9.6,5.9,86.4,59.5,0.1,0.0,0.0,73.9,44.4,9.2,2026-09
9618217B53639078484691,Pattoki,kasur,Punjab,0,1144,1044793.0,11.3,6.7,96.5,66.7,1.2,0.3,0.0,71.0,43.8,16.2,2026-09
9618217B47428091720855,Jahanian,khanewal,Punjab,0,673,409907.0,13.4,11.5,123.4,109.5,0.5,0.0,0.0,87.8,76.1,45.8,2026-09
9618217B44181858694402,Kabirwala,khanewal,Punjab,0,2222,1112223.0,18.9,14.0,121.8,109.6,8.5,2.1,0.0,90.3,78.9,43.7,2026-09
9618217B13227622316788,Khanewal,khanewal,Punjab,0,1608,994456.0,16.8,10.8,101.8,74.2,7.4,0.5,0.0,72.3,54.4,21.6,2026-09
9618217B34004324628587,Khushab,khushab,Punjab,0,4042,945546.0,30.5,21.5,196.5,156.8,24.0,4.8,0.1,86.2,77.9,60.9,2026-09
9618217B85617072134869,Noorpur,khushab,Punjab,0,3290,290734.0,40.2,31.1,205.2,195.5,45.3,7.0,0.0,94.1,90.9,82.8,2026-09
9618217B29615375410228,Qaidabad,khushab,Punjab,0,1771,276721.0,34.2,27.1,203.4,182.6,29.9,9.1,0.5,96.5,90.5,77.4,2026-09
9618217B49075471599752,Lahore Cantt,lahore,Punjab,0,1390,6127522.0,4.1,1.7,41.4,20.2,0.1,0.0,0.0,20.4,6.7,0.7,2026-09
9618217B65699035418342,Lahore City,lahore,Punjab,0,888,4219842.0,3.6,1.7,34.3,20.0,0.0,0.0,0.0,21.1,5.4,0.0,2026-09
9618217B97282778757668,Chaubara,layyah,Punjab,0,3993,275411.0,59.9,45.0,303.9,250.4,61.0,26.0,2.3,99.8,97.9,88.1,2026-09
9618217B25737601938543,Karor Lal Esan,layyah,Punjab,0,1923,610855.0,26.3,17.8,150.0,120.7,11.9,2.8,0.0,90.1,80.1,49.3,2026-09
9618217B94010131906460,Layyah,layyah,Punjab,0,2753,978552.0,26.4,14.6,126.0,85.2,11.7,3.9,0.2,75.5,58.0,28.1,2026-09
9618217B46434483477845,Dunya Pur,lodhran,Punjab,0,1083,552000.0,19.7,17.8,176.6,168.6,7.7,0.0,0.0,95.5,90.0,71.5,2026-09
9618217B76392119464219,Karorpacca,lodhran,Punjab,0,957,587753.0,17.0,12.6,139.2,109.5,5.1,0.2,0.0,82.6,71.9,46.1,2026-09
9618217B75337823866281,Lodhran,lodhran,Punjab,0,1531,784761.0,13.6,10.2,101.6,87.1,2.1,0.1,0.0,84.5,67.1,26.7,2026-09
9618217B9300245059383,Malakwal,mandi bahauddin,Punjab,0,1030,480130.0,6.4,5.4,58.9,51.4,0.0,0.0,0.0,71.8,37.8,2.1,2026-09
9618217B95869385333709,Mandi Bahauddin,mandi bahauddin,Punjab,0,1203,774898.0,8.0,6.3,80.2,66.6,0.0,0.0,0.0,74.7,51.2,14.1,2026-09
9618217B39885459266624,Phalia,mandi bahauddin,Punjab,0,1565,658308.0,15.7,11.8,122.6,100.2,6.0,0.6,0.0,82.0,62.0,35.4,2026-09
9618217B2809625814941,Isakhel,mianwali,Punjab,0,2615,436128.0,33.3,25.1,188.2,172.1,27.9,6.4,0.7,92.8,83.2,61.2,2026-09
9618217B65266278076043,Mianwali,mianwali,Punjab,0,4086,881832.0,35.9,22.3,168.4,127.7,22.2,7.5,1.9,83.3,73.8,48.6,2026-09
9618217B68184335330032,Piplan,mianwali,Punjab,0,1656,447056.0,20.9,14.3,114.4,93.0,11.1,1.3,0.0,83.4,62.7,28.4,2026-09
9618217B31922989657242,Jalalpur Pirwala,multan,Punjab,0,1172,591016.0,32.4,30.6,214.6,221.8,48.8,3.3,0.0,98.8,97.6,94.1,2026-09
9618217B19745651984550,Multan City,multan,Punjab,0,379,2445870.0,3.2,1.4,27.5,16.9,0.2,0.0,0.0,15.1,1.8,0.0,2026-09
9618217B64443475206823,Multan Saddar,multan,Punjab,0,2238,1442172.0,12.7,8.4,109.4,84.3,2.2,0.1,0.0,81.6,60.8,27.0,2026-09
9618217B57733979700194,Shujabad,multan,Punjab,0,1128,707859.0,22.4,18.3,151.0,146.1,13.4,0.9,0.0,96.4,88.8,66.9,2026-09
9618217B236770974659,Alipur,muzaffargarh,Punjab,0,1657,676638.0,44.8,24.1,228.9,147.3,23.4,10.4,0.6,84.2,73.6,52.6,2026-09
9618217B43446493864836,Jatoi,muzaffargarh,Punjab,0,1377,707973.0,31.5,20.1,124.4,91.9,17.9,6.3,0.4,83.3,67.1,30.1,2026-09
9618217B46714791587847,Kot Addu,muzaffargarh,Punjab,0,4295,1348234.0,33.5,20.3,165.8,126.1,20.6,5.4,0.4,86.1,72.5,51.6,2026-09
9618217B91139491095405,Muzaffargarh,muzaffargarh,Punjab,0,3001,1632077.0,23.5,15.6,133.8,104.4,13.2,2.6,0.0,79.4,64.0,39.4,2026-09
9618217B3385172362302,Nankana Sahab,nankana sahib,Punjab,0,2218,1123721.0,13.9,11.3,109.4,98.3,3.7,0.1,0.0,83.6,67.9,36.0,2026-09
9618217B66038883173745,Safdarabad,sheikhupura,Punjab,0,828,424387.0,9.7,9.1,84.9,87.2,0.0,0.0,0.0,87.6,71.6,24.3,2026-09
9618217B41899806031215,Shah Kot,nankana sahib,Punjab,0,328,281383.0,6.1,4.9,64.8,55.2,0.0,0.0,0.0,70.9,48.1,1.7,2026-09
9618217B78084704916934,Shangla Hill,nankana sahib,Punjab,0,418,265177.0,8.3,6.6,74.7,64.0,0.0,0.0,0.0,75.6,57.7,0.8,2026-09
9618217B85928513118667,Narowal,narowal,Punjab,0,996,713799.0,9.5,7.1,74.9,63.2,0.6,0.0,0.0,73.8,48.6,9.5,2026-09
9618217B39920522607459,Shakargarh,narowal,Punjab,0,1298,857170.0,20.7,18.5,138.5,134.6,11.6,0.2,0.0,97.8,91.1,58.9,2026-09
9618217B81306509319870,Zafarwal,narowal,Punjab,0,876,461539.0,16.3,13.0,137.4,120.4,5.1,0.2,0.0,90.1,80.5,55.8,2026-09
9618217B85402434096341,Depalpur,okara,Punjab,0,3402,1673395.0,25.1,18.2,145.7,122.7,16.8,4.2,0.1,86.1,73.8,46.3,2026-09
9618217B98814917393050,Okara,okara,Punjab,0,1693,1440658.0,15.4,11.5,130.3,104.1,5.3,0.0,0.0,81.2,66.0,36.5,2026-09
9618217B92677290558981,Renala Khurd,okara,Punjab,0,843,563865.0,14.4,10.5,103.1,83.2,3.5,0.1,0.0,82.9,64.5,19.7,2026-09
9618217B11984200016747,Arifwala,pakpattan,Punjab,0,1557,921075.0,13.9,10.4,104.3,82.7,2.1,0.1,0.0,79.4,57.7,25.0,2026-09
9618217B61411084403748,Pak Pattan,pakpattan,Punjab,0,2081,1130311.0,27.1,19.1,173.0,143.8,17.4,4.8,0.1,84.0,76.1,58.7,2026-09
9618217B15784467436654,Khan Pur,rahim yar khan,Punjab,0,4063,1152380.0,59.9,20.7,283.5,130.7,21.4,6.9,1.0,78.9,66.0,51.9,2026-09
9618217B37482241380967,Liaqat Pur,rahim yar khan,Punjab,0,6146,1084471.0,102.0,22.3,473.0,140.8,18.4,6.6,2.5,91.6,81.9,47.9,2026-09
9618217B89186195387307,Rahim Yar Khan,rahim yar khan,Punjab,0,3477,1710752.0,43.5,18.2,221.2,138.8,17.7,2.2,0.6,83.7,70.9,55.0,2026-09
9618217B8498662451827,Sadiqabad,rahim yar khan,Punjab,0,3351,1290551.0,46.4,17.3,186.9,104.7,14.3,3.6,0.6,85.5,69.4,32.6,2026-09
9618217B9124043146420,De-Excluded Area Rajanpur,rajanpur,Punjab,0,6404,79968.0,270.9,69.0,701.0,214.6,30.2,26.2,21.0,47.2,39.5,30.9,2026-09
9618217B75708704472060,Jampur,rajanpur,Punjab,0,2972,800412.0,50.0,22.0,208.7,110.6,23.6,7.8,2.0,79.7,61.0,31.6,2026-09
9618217B96724689949262,Rajanpur,rajanpur,Punjab,0,3633,644269.0,85.0,25.3,231.3,129.5,25.1,7.8,1.8,85.3,74.5,51.0,2026-09
9618217B59000817640305,Rojhan,rajanpur,Punjab,0,3724,338499.0,106.7,46.8,286.7,214.9,52.4,24.2,4.1,98.6,91.9,77.3,2026-09
9618217B58788233354660,Gujar Khan,rawalpindi,Punjab,0,2056,821571.0,11.5,7.9,69.5,57.6,1.9,0.3,0.0,75.4,45.1,4.4,2026-09
9618217B27271024996955,Kahuta,rawalpindi,Punjab,0,859,281276.0,21.8,14.1,148.9,103.3,12.4,2.5,0.0,77.7,61.7,37.5,2026-09
9618217B54589023039311,Kallar Sayyedan,rawalpindi,Punjab,0,653,233337.0,14.8,10.5,131.5,110.2,2.6,0.4,0.0,94.2,81.7,38.4,2026-09
9618217B3680329268285,Kotli Sattian,rawalpindi,Punjab,0,511,137511.0,25.7,24.7,130.0,126.0,26.2,8.2,0.9,95.3,86.3,59.9,2026-09
9618217B83104421984489,Murree,rawalpindi,Punjab,0,543,279759.0,10.7,7.0,64.2,49.2,3.6,0.6,0.0,67.6,36.3,1.8,2026-09
9618217B34841225665801,Rawalpindi,rawalpindi,Punjab,0,2270,3221489.0,13.3,4.8,91.6,42.8,1.6,0.1,0.0,39.1,28.8,9.9,2026-09
9618217B28592687647846,Taxila,rawalpindi,Punjab,0,392,573097.0,5.3,2.8,50.3,31.2,0.2,0.0,0.0,34.3,14.9,1.2,2026-09
9618217B28010935462292,Chichawatni,sahiwal,Punjab,0,2131,1285272.0,13.9,11.2,108.3,93.7,2.6,0.0,0.0,87.7,67.6,30.3,2026-09
9618217B88637585074135,Sahiwal,sahiwal,Punjab,0,2216,1750200.0,15.4,10.8,130.4,101.5,2.6,0.0,0.0,77.1,65.8,42.5,2026-09
9618217B60331399748679,Bhalwal,sargodha,Punjab,0,1759,783348.0,11.7,9.3,103.5,89.2,0.8,0.0,0.0,81.9,67.9,30.3,2026-09
9618217B54913600718425,Kot Momin,sargodha,Punjab,0,1225,583188.0,21.6,19.6,237.7,235.7,8.3,0.5,0.0,100.0,99.5,94.1,2026-09
9618217B37395969304858,Sahiwal,sargodha,Punjab,0,1042,389259.0,19.2,15.7,135.7,117.6,10.4,0.2,0.0,88.4,78.4,51.2,2026-09
9618217B25240134101987,Sargodha,sargodha,Punjab,0,2005,1809312.0,13.7,9.0,127.4,91.1,1.4,0.0,0.0,71.5,57.2,31.4,2026-09
9618217B47532492281594,Shahpur,sargodha,Punjab,0,1082,445813.0,15.1,12.9,126.6,118.4,3.5,0.2,0.0,87.9,79.1,53.4,2026-09
9618217B39999757497454,Sillanwali,sargodha,Punjab,0,832,404567.0,18.0,14.2,105.2,91.8,7.5,1.1,0.0,88.8,76.4,24.4,2026-09
9618217B78613038993344,Ferozewala,sheikhupura,Punjab,0,637,720979.0,6.0,3.4,57.6,40.1,0.1,0.0,0.0,58.6,18.3,0.7,2026-09
9618217B25351305355541,Muridke,sheikhupura,Punjab,0,1268,687167.0,9.4,6.8,78.7,63.8,0.6,0.0,0.0,74.7,51.1,9.0,2026-09
9618217B71742610929001,Sharak Pur,sheikhupura,Punjab,0,512,277883.0,8.7,7.3,75.1,66.2,0.0,0.0,0.0,84.1,53.7,7.1,2026-09
9618217B80377872224855,Sheikhupura,sheikhupura,Punjab,0,1718,1742533.0,7.5,5.5,76.6,64.7,0.0,0.0,0.0,75.7,53.8,7.8,2026-09
9618217B49647722436552,Daska,sialkot,Punjab,0,1042,1050681.0,8.6,6.8,99.3,85.1,0.0,0.0,0.0,83.1,65.6,22.8,2026-09
9618217B59820493505708,Pasrur,sialkot,Punjab,0,1384,1012577.0,9.7,8.5,103.4,93.9,0.7,0.0,0.0,86.4,69.7,32.5,2026-09
9618217B70438886719057,Sambrial,sialkot,Punjab,0,496,485490.0,7.3,5.2,73.7,56.3,0.0,0.0,0.0,69.8,43.4,7.0,2026-09
9618217B70755531760277,Sialkot,sialkot,Punjab,0,1182,1889310.0,10.8,5.9,112.9,72.5,2.4,0.1,0.0,66.4,48.6,22.6,2026-09
9618217B50459917366598,Gojra,toba tek singh,Punjab,0,930,807288.0,9.0,6.9,98.3,79.7,0.0,0.0,0.0,74.4,58.9,26.5,2026-09
9618217B75645786673360,Toba Tek Singh,toba tek singh,Punjab,0,1721,1030487.0,11.6,9.9,104.2,96.0,0.6,0.0,0.0,86.0,73.6,36.2,2026-09
9618217B87041756430963,Burewala,vehari,Punjab,0,2019,1210702.0,17.0,12.8,109.8,89.7,5.1,0.3,0.0,81.8,64.6,27.6,2026-09
9618217B95257720392722,Mailsi,vehari,Punjab,0,2148,1163126.0,14.3,11.5,117.6,99.9,3.0,0.0,0.0,82.9,67.7,38.6,2026-09
9618217B94265180885968,Vehari,vehari,Punjab,0,1867,1078865.0,15.1,11.8,117.1,105.3,2.8,0.0,0.0,85.2,73.9,46.1,2026-09
9618217B42438762041425,Badin,badin,Sindh,0,2215,459123.0,45.4,33.4,320.1,255.4,51.1,11.1,1.0,95.2,88.8,74.8,2026-09
9618217B51119306822374,Matli,badin,Sindh,0,1375,454341.0,40.5,38.4,305.5,302.2,71.4,6.4,0.0,100.0,100.0,98.6,2026-09
9618217B25857994222098,Shaheed Fazal Rahu,badin,Sindh,0,2251,301992.0,62.1,53.1,299.1,289.0,78.5,32.1,4.2,99.5,97.9,92.4,2026-09
9618217B40875149607138,Talhar,badin,Sindh,0,513,114972.0,41.4,38.0,321.5,306.1,57.5,15.4,0.1,100.0,100.0,95.9,2026-09
9618217B60721372567355,Tando Bago,badin,Sindh,0,1869,394074.0,39.7,38.0,300.4,297.1,65.8,10.2,0.0,99.7,98.9,94.8,2026-09
9618217B7115873754530,Dadu,dadu,Sindh,0,1025,500359.0,22.2,13.7,137.3,94.6,10.1,1.8,0.0,77.9,61.2,34.1,2026-09
9618217B70790113171892,Johi,dadu,Sindh,0,4695,347961.0,80.4,51.2,337.8,272.6,62.3,30.1,5.6,99.5,98.5,90.1,2026-09
9618217B45890743743061,Khairpur Nathan Shah,dadu,Sindh,0,3432,402190.0,215.7,49.4,482.0,174.2,26.5,18.3,13.5,81.2,67.5,46.9,2026-09
9618217B39967878013350,Mehar,dadu,Sindh,0,1327,512625.0,29.1,15.3,112.1,82.6,12.9,3.4,0.4,79.9,60.3,24.6,2026-09
9618217B21460846200179,Daharki,ghotki,Sindh,0,3670,348062.0,103.7,40.9,310.7,135.6,42.0,24.1,7.2,82.1,63.0,39.0,2026-09
9618217B1460109099825,Ghotki,ghotki,Sindh,0,1109,475319.0,22.5,12.2,158.2,106.0,6.6,1.7,0.1,81.7,70.4,41.4,2026-09
9618217B63149022343759,Khangarh,ghotki,Sindh,0,2087,173726.0,108.5,40.3,461.4,287.0,34.8,11.6,6.2,100.0,100.0,100.0,2026-09
9618217B36535563293418,Mirpur Mathelo,ghotki,Sindh,0,588,240468.0,42.6,27.6,213.0,183.2,35.3,8.1,0.0,100.0,99.4,74.1,2026-09
9618217B13430994189110,Ubauro,ghotki,Sindh,0,892,303443.0,29.4,22.4,205.4,181.0,23.2,3.0,0.0,97.3,92.6,77.7,2026-09
9618217B53021961386210,Hyderabad,hyderabad,Sindh,0,947,763586.0,9.0,3.5,88.0,37.9,0.0,0.0,0.0,36.0,21.1,7.7,2026-09
9618217B85288636963898,Latifabad,hyderabad,Sindh,0,362,1603419.0,13.8,2.8,94.2,26.0,1.1,0.1,0.0,24.4,10.3,3.6,2026-09
9618217B89933783783343,Qasimabad,hyderabad,Sindh,0,13,20143.0,3.0,2.9,34.5,33.0,0.0,0.0,0.0,60.6,0.0,0.0,2026-09
9618217B19185229055328,Garhi Khairo,jacobabad,Sindh,0,981,200822.0,43.3,40.8,242.5,231.4,67.1,15.9,0.1,100.0,100.0,94.5,2026-09
9618217B94384438441971,Jacobabad,jacobabad,Sindh,0,914,426168.0,26.4,13.7,161.7,92.5,14.7,1.8,0.0,66.7,49.9,32.1,2026-09
9618217B45730721811496,Thul,jacobabad,Sindh,0,1778,564788.0,48.2,41.1,311.3,311.7,67.3,16.7,0.8,100.0,98.7,94.4,2026-09
9618217B87538747541891,Kotri,jamshoro,Sindh,0,1643,320179.0,94.0,14.2,268.9,75.7,8.6,5.7,3.1,58.8,32.5,19.4,2026-09
9618217B57194515605983,Manjand,jamshoro,Sindh,0,2951,168041.0,91.3,47.8,473.4,345.2,62.7,19.9,7.6,100.0,100.0,100.0,2026-09
9618217B91266058223820,Sehwan,jamshoro,Sindh,0,3031,276542.0,78.3,24.5,407.4,149.4,23.9,12.3,4.0,75.3,63.0,39.5,2026-09
9618217B45415360281153,Thano Bula Khan,jamshoro,Sindh,0,6939,168612.0,119.7,69.0,713.4,591.7,63.3,37.7,17.7,100.0,100.0,99.9,2026-09
9618217B15678878518625,Kandhkot,kashmore,Sindh,0,847,326012.0,33.2,19.3,136.2,85.3,23.4,8.1,0.0,71.8,52.9,27.7,2026-09
9618217B20201553846238,Kashmore,kashmore,Sindh,0,1653,411802.0,42.8,26.9,212.1,155.9,33.9,13.4,0.2,79.9,71.6,60.3,2026-09
9618217B6098151019348,Tangwani,kashmore,Sindh,0,1021,282629.0,46.5,29.4,242.1,176.0,32.0,14.0,2.0,93.3,84.9,62.8,2026-09
9618217B41613201463126,Faiz Ganj,khairpur,Sindh,0,1287,234691.0,54.9,30.2,210.2,178.6,33.0,8.6,1.5,98.6,95.6,80.7,2026-09
9618217B55753153064418,Gambat,khairpur,Sindh,0,719,201708.0,40.3,23.7,130.8,97.4,19.9,11.4,2.3,92.3,68.8,28.5,2026-09
9618217B61566753463089,Khairpur,khairpur,Sindh,0,658,518722.0,10.2,5.4,91.0,57.6,0.2,0.0,0.0,62.1,38.7,13.0,2026-09
9618217B63818850525327,Kingri,khairpur,Sindh,0,746,335373.0,30.2,21.2,122.4,105.5,14.5,7.1,0.0,96.0,83.9,31.8,2026-09
9618217B94972393484147,Kot Diji,khairpur,Sindh,0,672,376021.0,15.8,14.4,128.4,134.8,2.1,0.0,0.0,96.2,89.9,57.3,2026-09
9618217B14625320962806,Mirwah,khairpur,Sindh,0,892,379683.0,19.3,14.5,93.6,81.3,6.9,0.5,0.0,85.2,69.3,17.2,2026-09
9618217B45979968015680,Nara,khairpur,Sindh,0,15088,152786.0,149.3,99.2,688.5,594.5,91.5,61.9,26.4,100.0,99.8,97.6,2026-09
9618217B20409854578986,Sobho Dero,khairpur,Sindh,0,668,283285.0,28.9,15.1,115.8,83.2,12.0,4.4,0.2,83.8,63.5,17.5,2026-09
9618217B93929930107410,Bakrani Taluks,larkana,Sindh,0,531,238996.0,16.5,10.7,92.1,70.3,6.9,0.5,0.0,82.2,54.9,11.2,2026-09
9618217B45151576893474,Dokri,larkana,Sindh,0,542,269643.0,19.3,12.3,111.0,83.6,7.6,1.0,0.0,83.5,62.5,23.2,2026-09
9618217B49297858238659,Larkana,larkana,Sindh,0,655,727372.0,14.1,5.5,73.4,38.0,3.1,0.4,0.0,43.9,21.2,3.3,2026-09
9618217B19893044532303,Ratodero,larkana,Sindh,0,777,364161.0,24.2,12.6,85.2,59.9,9.4,3.5,0.1,76.0,45.1,6.6,2026-09
9618217B17233619866679,Hala,matiari,Sindh,0,538,224385.0,28.4,15.4,124.4,83.8,16.4,5.8,0.1,73.4,56.3,21.6,2026-09
9618217B46709671156622,Matiari,matiari,Sindh,0,909,397208.0,11.8,9.2,109.4,94.7,1.4,0.0,0.0,86.4,71.4,31.5,2026-09
9618217B1054056292153,Saeedabad,matiari,Sindh,0,432,157540.0,15.1,11.6,104.8,92.1,6.3,1.2,0.0,87.6,70.0,28.1,2026-09
9618217B41760593982752,Digri,mirpurkhas,Sindh,0,775,278332.0,21.1,20.0,187.8,185.3,13.0,0.0,0.0,96.8,93.7,81.7,2026-09
9618217B93086233155793,Hussain Bux Mari,mirpurkhas,Sindh,0,398,123379.0,23.4,18.4,177.4,139.8,17.8,0.7,0.0,100.0,86.5,49.2,2026-09
9618217B31440526169514,Jhudo,mirpurkhas,Sindh,0,712,199032.0,18.3,16.0,116.4,105.0,11.3,0.3,0.0,88.9,75.8,38.0,2026-09
9618217B35389385843798,Kot Ghulam Muhammad,mirpurkhas,Sindh,0,1019,284223.0,22.5,19.4,136.9,124.7,16.4,0.7,0.0,95.0,84.5,51.3,2026-09
9618217B77511770733400,Mirpurkhas,mirpurkhas,Sindh,0,643,468675.0,13.3,7.0,111.1,64.1,1.8,0.0,0.0,59.7,37.4,19.1,2026-09
9618217B29212550094263,Sindhri,mirpurkhas,Sindh,0,750,165916.0,29.2,25.3,252.5,235.0,33.7,1.6,0.0,100.0,100.0,92.7,2026-09
9618217B62868670592132,Bhiria,naushehro feroze,Sindh,0,522,290102.0,20.7,17.3,105.4,100.1,17.0,1.7,0.0,94.1,74.9,33.9,2026-09
9618217B6102619181419,Kandiaro,naushehro feroze,Sindh,0,876,292645.0,37.4,23.5,161.9,109.1,27.9,9.9,0.0,81.9,64.6,34.0,2026-09
9618217B49652450587085,Mehrabpur,naushehro feroze,Sindh,0,630,303624.0,27.3,21.0,129.4,108.8,23.5,5.8,0.0,87.4,77.0,42.5,2026-09
9618217B49576506361166,Moro,naushehro feroze,Sindh,0,982,414900.0,27.1,15.7,157.1,108.8,14.1,2.1,0.0,79.1,66.4,42.4,2026-09
9618217B86325725755711,Naushahro Feroze,naushehro feroze,Sindh,0,950,413006.0,26.4,17.8,143.8,110.1,16.1,2.2,0.0,81.9,69.8,49.9,2026-09
9618217B28490473893674,Jam Nawaz Ali,sanghar,Sindh,0,620,146141.0,32.3,27.9,228.2,197.9,40.6,2.7,0.0,100.0,98.8,80.4,2026-09
9618217B44887302893578,Khipro,sanghar,Sindh,0,7212,434733.0,130.6,53.8,434.5,213.5,44.6,28.2,15.3,92.6,83.9,61.3,2026-09
9618217B60302584409093,Sanghar,sanghar,Sindh,0,2868,422847.0,40.1,25.9,238.1,182.2,35.5,6.8,0.4,86.9,79.2,65.1,2026-09
9618217B55526375185371,Shahdadpur,sanghar,Sindh,0,970,481828.0,25.6,21.2,223.1,205.0,17.0,0.4,0.0,100.0,100.0,95.2,2026-09
9618217B1648155290969,Sinjhoro,sanghar,Sindh,0,1089,314287.0,23.8,17.9,155.5,129.9,18.0,1.2,0.0,91.9,78.4,38.9,2026-09
9618217B2465642186397,Tando Adam,sanghar,Sindh,0,539,371878.0,14.5,12.9,105.2,101.2,1.5,0.1,0.0,97.3,90.4,24.8,2026-09
9618217B51536377015215,Kambar Ali Khan,kambar shahdadkot,Sindh,0,3550,425986.0,149.8,40.8,365.2,150.6,29.9,18.2,9.4,77.4,57.3,39.0,2026-09
9618217B27710866346662,Miro Khan,kambar shahdadkot,Sindh,0,516,140106.0,27.5,16.9,147.8,100.4,13.6,4.4,0.0,81.4,64.4,37.1,2026-09
9618217B23821866860121,Nasirabad,kambar shahdadkot,Sindh,0,465,231193.0,19.4,16.5,107.6,112.6,9.4,0.0,0.0,93.3,78.3,51.1,2026-09
9618217B39832154978161,Qubo Saeed Khan,kambar shahdadkot,Sindh,0,819,74480.0,43.5,37.5,311.3,280.6,52.1,16.4,0.7,100.0,100.0,95.9,2026-09
9618217B53525514114395,Shahdad Kot,kambar shahdadkot,Sindh,0,527,205947.0,25.8,12.0,149.7,80.8,12.5,2.2,0.0,60.9,44.2,25.6,2026-09
9618217B35051011521012,Sijawal Junejo,kambar shahdadkot,Sindh,0,495,147115.0,22.5,17.7,122.1,104.8,15.3,3.6,0.0,89.1,73.8,37.3,2026-09
9618217B29537584943692,Warah,kambar shahdadkot,Sindh,0,991,233218.0,35.6,23.2,166.6,146.5,27.9,3.2,0.1,87.9,79.4,57.8,2026-09
9618217B68332779082048,Daur,shaheed benazirabad,Sindh,0,2927,588299.0,58.3,25.7,250.0,153.8,27.6,6.6,1.2,92.3,80.7,51.0,2026-09
9618217B90267247326285,Kazi Ahmed,shaheed benazirabad,Sindh,0,1364,381585.0,24.9,19.2,135.5,115.1,19.5,3.0,0.0,87.7,73.6,44.6,2026-09
9618217B40348494401559,Nawabshah,shaheed benazirabad,Sindh,0,604,355756.0,14.4,8.3,88.6,61.2,3.9,0.2,0.0,60.6,41.7,13.8,2026-09
9618217B26544840461255,Sakrand,shaheed benazirabad,Sindh,0,1125,427299.0,24.0,15.7,153.4,115.1,11.5,3.2,0.0,85.6,72.7,41.3,2026-09
9618217B98376452500740,Garhi Yasin,shikarpur,Sindh,0,1234,368214.0,27.9,21.7,190.0,173.7,19.6,3.4,0.0,100.0,98.6,82.4,2026-09
9618217B94411658070571,Khanpur,shikarpur,Sindh,0,905,325723.0,24.2,19.8,229.5,210.6,14.5,0.4,0.0,100.0,100.0,90.5,2026-09
9618217B46900508177300,Lakhi,shikarpur,Sindh,0,505,300073.0,11.9,9.2,104.3,88.8,0.9,0.0,0.0,82.8,65.0,29.0,2026-09
9618217B27757142897460,Shikarpur,shikarpur,Sindh,0,747,426391.0,30.8,11.4,200.6,93.8,11.0,2.2,0.1,57.1,44.1,30.8,2026-09
9618217B94319031866634,New Sukkur,sukkur,Sindh,0,284,464673.0,17.9,5.6,111.1,53.8,3.6,0.1,0.0,59.0,32.1,9.4,2026-09
9618217B49534384212530,Pano Aqil,sukkur,Sindh,0,1194,393725.0,24.5,12.6,156.5,100.7,10.4,3.1,0.0,82.1,64.6,33.6,2026-09
9618217B29131954662033,Rohri,sukkur,Sindh,0,1376,383075.0,26.8,13.2,224.8,128.3,13.0,0.3,0.0,77.5,66.4,45.6,2026-09
9618217B63859663087686,Salehpat,sukkur,Sindh,0,3877,95124.0,151.4,94.8,719.6,592.4,100.0,63.8,19.2,100.0,100.0,100.0,2026-09
9618217B93488749817642,Sukkur,khairpur,Sindh,0,127,111005.0,17.9,12.5,134.8,129.0,5.0,0.0,0.0,100.0,100.0,69.3,2026-09
9618217B78978409820002,Chamber,tando allah yar,Sindh,0,655,183385.0,22.8,22.4,176.4,174.5,14.3,0.2,0.0,99.0,95.3,83.5,2026-09
9618217B49137359500551,Jhando Mari,tando allah yar,Sindh,0,872,269411.0,21.3,17.9,147.2,126.0,16.0,2.1,0.0,86.6,71.2,47.8,2026-09
9618217B32422016451775,Tando Allah Yar,tando allah yar,Sindh,0,507,344934.0,11.2,10.3,106.3,106.5,0.0,0.0,0.0,96.8,91.0,32.1,2026-09
9618217B55492999245243,Bulri Shah Karim,tando muhammad khan,Sindh,0,1163,324277.0,52.4,49.1,461.4,445.7,85.5,23.5,0.0,100.0,100.0,100.0,2026-09
9618217B32325848684143,Tando Gulam Hyder,tando muhammad khan,Sindh,0,703,180441.0,43.1,39.4,386.3,384.6,72.1,9.7,0.0,100.0,100.0,100.0,2026-09
9618217B84304552690327,Tando Muhammad Khan,tando muhammad khan,Sindh,0,456,213832.0,27.8,24.4,236.3,226.3,25.4,2.6,0.0,95.7,91.2,77.5,2026-09
9618217B62475271488005,Chachro,tharparkar,Sindh,0,8432,559472.0,78.8,82.3,443.1,473.8,97.1,76.0,8.1,100.0,99.7,97.9,2026-09
9618217B1653844923858,Diplo,tharparkar,Sindh,0,5049,254401.0,69.5,54.7,454.1,405.6,77.7,32.7,5.8,99.6,98.2,93.8,2026-09
9618217B71775069847333,Mithi,tharparkar,Sindh,0,6749,382223.0,68.2,59.8,485.2,513.4,83.6,40.6,7.4,99.0,97.6,94.5,2026-09
9618217B33625885361704,Nagar Parkar,tharparkar,Sindh,0,4915,236614.0,64.0,64.2,326.1,336.2,83.9,52.4,5.4,98.2,97.0,92.4,2026-09
9618217B59607324578491,Ghorabari,thatta,Sindh,0,1255,159284.0,34.3,31.6,191.6,194.8,48.1,6.5,0.4,97.7,94.5,79.4,2026-09
9618217B32691002366666,Jati,sajawal,Sindh,0,4483,194507.0,136.4,71.3,470.7,297.0,72.0,35.7,14.6,99.2,97.0,89.8,2026-09
9618217B45821827970586,Keti Bunder,thatta,Sindh,0,940,43539.0,73.2,50.8,347.6,257.1,50.9,28.5,12.2,100.0,95.9,82.8,2026-09
9618217B62953404341439,Kharo Chan,sajawal,Sindh,0,812,40606.0,125.6,98.6,617.6,467.8,98.1,80.5,25.4,100.0,100.0,100.0,2026-09
9618217B32309047499961,Mirpur Bathoro,sajawal,Sindh,0,934,241229.0,52.9,46.9,475.5,445.1,81.2,21.3,0.0,100.0,100.0,100.0,2026-09
9618217B56949362000104,Mirpur Sakro,thatta,Sindh,0,2226,257989.0,36.4,18.1,210.7,152.3,15.3,2.6,0.7,89.3,79.4,58.0,2026-09
9618217B34108592330182,Shah Bunder,sajawal,Sindh,0,3811,163329.0,188.5,119.2,689.5,543.8,100.0,73.1,31.6,100.0,100.0,100.0,2026-09
9618217B63801206412538,Sujawal,sajawal,Sindh,0,920,203400.0,34.4,30.7,279.7,280.8,43.9,3.1,0.0,100.0,99.9,98.8,2026-09
9618217B1372842276225,Thatta,thatta,Sindh,0,4778,404490.0,44.4,25.8,331.4,218.8,35.7,8.2,0.6,87.5,75.6,60.7,2026-09
9618217B8905165567728,Kunri,umerkot,Sindh,0,931,253116.0,18.8,15.0,129.2,108.5,9.7,0.3,0.0,86.9,69.4,38.6,2026-09
9618217B67314083220757,Pithoro,umerkot,Sindh,0,661,130975.0,23.6,22.3,186.7,194.1,20.2,0.1,0.0,97.1,93.2,81.7,2026-09
9618217B7598168398580,Samaro,umerkot,Sindh,0,778,178548.0,28.7,26.3,193.1,190.2,31.5,2.1,0.0,100.0,99.9,87.9,2026-09
9618217B80289626540526,Umer Kot,umerkot,Sindh,0,4719,495089.0,51.0,29.2,400.0,254.3,33.7,15.2,1.0,95.7,84.4,64.7,2026-09
9618217B32153440891541,Peshawar I,peshawar,Khyber Pakhtunkhwa,0,33,274113.0,0.8,0.7,10.3,9.7,0.0,0.0,0.0,0.0,0.0,0.0,2026-09
9618217B43929929180637,Peshawar Ii,peshawar,Khyber Pakhtunkhwa,0,584,1038352.0,5.9,4.8,68.4,59.0,0.0,0.0,0.0,64.3,39.7,13.3,2026-09
9618217B47765758459312,Peshawar Iii,peshawar,Khyber Pakhtunkhwa,0,226,923744.0,2.7,1.9,30.3,22.6,0.0,0.0,0.0,26.0,2.9,0.0,2026-09
9618217B71604704168129,Peshawar Iv,peshawar,Khyber Pakhtunkhwa,0,896,1003219.0,10.1,5.9,65.2,48.5,1.1,0.2,0.0,60.6,30.6,5.3,2026-09
9618217B11440538053000,Peshawar Cantonment,peshawar,Khyber Pakhtunkhwa,0,22,202850.0,0.7,0.6,8.2,7.6,0.0,0.0,0.0,0.0,0.0,0.0,2026-09
9618217B74562422953001,Gadap Town,karachi,Sindh,0,2778,1626340.0,34.2,4.6,228.4,51.3,1.4,0.5,0.0,60.0,28.7,5.4,2026-09
9618217B81288119698045,Bin Qasim Town,karachi,Sindh,0,685,467009.0,9.8,4.2,77.7,46.4,0.2,0.0,0.0,61.0,27.6,2.4,2026-09
9618217B81972657940854,Lyari Town,karachi,Sindh,0,11,294738.0,0.4,0.4,7.0,6.8,0.0,0.0,0.0,0.0,0.0,0.0,2026-09
9618217B27836216786447,Site Town,karachi,Sindh,0,32,661888.0,0.9,0.8,11.7,11.7,0.0,0.0,0.0,0.0,0.0,0.0,2026-09
9618217B49298824887871,Gulberg Town,karachi,Sindh,0,20,865374.0,0.3,0.3,5.0,4.6,0.0,0.0,0.0,0.0,0.0,0.0,2026-09
9618217B68715976569755,N.Nazimabad Town,karachi,Sindh,0,21,791207.0,0.4,0.4,5.3,5.3,0.0,0.0,0.0,0.0,0.0,0.0,2026-09
9618217B18146394864332,Orangi Town,karachi,Sindh,0,32,272236.0,1.6,1.4,23.6,20.9,0.0,0.0,0.0,22.1,2.5,0.0,2026-09
9618217B71654380557394,Baldia Town,karachi,Sindh,0,33,316852.0,1.0,0.8,14.9,12.3,0.0,0.0,0.0,5.9,0.0,0.0,2026-09
9618217B3059727908268,Malir Cantonment,karachi,Sindh,0,91,204149.0,1.8,1.5,23.8,20.2,0.0,0.0,0.0,18.1,1.3,0.0,2026-09
9618217B33191916593922,Malir,karachi,Sindh,0,22,289591.0,0.7,0.6,8.5,7.3,0.0,0.0,0.0,0.0,0.0,0.0,2026-09
9618217B41060752255967,Faisal Cantonment,karachi,Sindh,0,53,604128.0,1.2,0.8,16.9,12.1,0.0,0.0,0.0,6.9,0.0,0.0,2026-09
9618217B23633640265691,Shah Faisal Town,karachi,Sindh,0,12,167074.0,0.6,0.6,8.8,9.2,0.0,0.0,0.0,0.0,0.0,0.0,2026-09
9618217B49959130600238,Saddar Town,karachi,Sindh,0,30,1064843.0,0.5,0.5,7.9,7.7,0.0,0.0,0.0,0.0,0.0,0.0,2026-09
9618217B80577698749666,Kiamari Town,karachi,Sindh,0,492,1124505.0,13.0,4.9,122.7,53.2,0.5,0.0,0.0,49.8,27.5,12.1,2026-09
9618217B15353511562764,Clifton Cantonment,karachi,Sindh,0,29,820706.0,0.8,0.7,12.0,10.1,0.0,0.0,0.0,0.2,0.0,0.0,2026-09
9618217B10928152590242,Korangi Creek Cantonment,karachi,Sindh,0,25,136113.0,2.6,0.9,21.5,10.9,0.0,0.0,0.0,4.4,0.0,0.0,2026-09
9618217B4743832450258,Korangi Town,karachi,Sindh,0,50,948928.0,1.0,1.0,14.2,14.0,0.0,0.0,0.0,7.5,0.0,0.0,2026-09
9618217B32801209797118,Landhi Town,karachi,Sindh,0,54,473341.0,1.2,1.0,16.4,14.1,0.0,0.0,0.0,5.1,0.0,0.0,2026-09
9618217B32835633358061,Liaqatabad Town,karachi,Sindh,0,12,579652.0,0.3,0.3,5.1,5.2,0.0,0.0,0.0,0.0,0.0,0.0,2026-09
9618217B68188288692229,Jamshed Town,karachi,Sindh,0,29,834637.0,0.4,0.4,6.5,6.7,0.0,0.0,0.0,0.0,0.0,0.0,2026-09
9618217B80151254256120,Gulshan E Iqbal Town,karachi,Sindh,0,72,1390997.0,0.6,0.4,8.3,6.6,0.0,0.0,0.0,0.0,0.0,0.0,2026-09
9618217B85691850097760,Karachi Cantonment,karachi,Sindh,0,7,251620.0,0.3,0.3,4.3,4.9,0.0,0.0,0.0,0.0,0.0,0.0,2026-09
9618217B84997176527728,Manora Cantonment,karachi,Sindh,0,0,,,,,,,,,,,,2026-09
9618217B94506415006873,New Karachi Town,karachi,Sindh,0,26,896073.0,0.6,0.5,7.8,7.5,0.0,0.0,0.0,0.0,0.0,0.0,2026-09
9618217B66803850841385,Kamalia,toba tek singh,Punjab,0,1515,840268.0,14.7,11.1,99.3,82.6,4.7,0.2,0.0,80.3,63.4,22.7,2026-09
9618217B9822491870028,Mian Channu,khanewal,Punjab,0,1389,928237.0,11.0,8.2,80.3,68.7,1.1,0.0,0.0,81.3,57.6,9.4,2026-09
