dds_id,province_area,district,unit,unit_type,pbs_district_code,pbs_district_name,pbs_tehsil_code,pbs_tehsil_name,adm3_pcode,dd_id,method
DDS-BA-0001,BALOCHISTAN,AWARAN DISTRICT,AWARAN SUB-DIVISION,sub_division,085,AWARAN DISTRICT,314,AWARAN SUB-DIVISION,PK20101,9618217B88045410049707,mouza
DDS-BA-0002,BALOCHISTAN,AWARAN DISTRICT,GISHKORE TEHSIL,tehsil,085,AWARAN DISTRICT,315,GISHKORE TEHSIL,PK20104,,cod
DDS-BA-0003,BALOCHISTAN,AWARAN DISTRICT,JHAL JAO TEHSIL,tehsil,085,AWARAN DISTRICT,715,JHAL JAO TEHSIL,PK20102,9618217B51211868721813,fuzzy
DDS-BA-0004,BALOCHISTAN,AWARAN DISTRICT,KORAK JHAO TEHSIL,tehsil,085,AWARAN DISTRICT,316,KORAK JHAO TEHSIL,,9618217B51211868721813,mouza
DDS-BA-0005,BALOCHISTAN,AWARAN DISTRICT,MASHKAI TEHSIL,tehsil,085,AWARAN DISTRICT,317,MASHKAI TEHSIL,PK20103,9618217B85729493897021,mouza
DDS-BA-0006,BALOCHISTAN,BARKHAN DISTRICT,BARKHAN TEHSIL,tehsil,109,BARKHAN DISTRICT,427,BARKHAN TEHSIL,PK20201,9618217B63340805873154,mouza
DDS-BA-0007,BALOCHISTAN,CHAGAI DISTRICT,CHAGAI TEHSIL,tehsil,099,CHAGAI DISTRICT,388,CHAGAI TEHSIL,PK20304,,cod
DDS-BA-0008,BALOCHISTAN,CHAGAI DISTRICT,DALBANDIN SUB-DIVISION,sub_division,099,CHAGAI DISTRICT,389,DALBANDIN SUB-DIVISION,PK20301,9618217B63356701438573,mouza
DDS-BA-0009,BALOCHISTAN,CHAGAI DISTRICT,NOKUNDI TEHSIL,tehsil,099,CHAGAI DISTRICT,390,NOKUNDI TEHSIL,PK20302,,cod
DDS-BA-0010,BALOCHISTAN,CHAGAI DISTRICT,TAFTAN SUB-DIVISION,sub_division,099,CHAGAI DISTRICT,391,TAFTAN SUB-DIVISION,PK20303,9618217B2962159940384,boundary
DDS-BA-0011,BALOCHISTAN,CHAGAI DISTRICT,YAK MACHH SUB-TEHSIL,sub_tehsil,099,CHAGAI DISTRICT,710,YAK MACHH SUB-TEHSIL,,,withheld
DDS-BA-0012,BALOCHISTAN,CHAMAN DISTRICT,CHAMAN CITY SUB-DIVISION,sub_division,167,CHAMAN DISTRICT,723,CHAMAN CITY SUB-DIVISION,,,withheld
DDS-BA-0013,BALOCHISTAN,CHAMAN DISTRICT,CHAMAN SADDAR SUB-DIVISION,sub_division,167,CHAMAN DISTRICT,392,CHAMAN SADDAR SUB-DIVISION,,,withheld
DDS-BA-0014,BALOCHISTAN,DERA BUGTI DISTRICT,BAIKER SUB-TEHSIL,sub_tehsil,104,DERA BUGTI DISTRICT,405,BAIKER SUB-TEHSIL,,,withheld
DDS-BA-0015,BALOCHISTAN,DERA BUGTI DISTRICT,DERA BUGTI SUB-DIVISION,sub_division,104,DERA BUGTI DISTRICT,406,DERA BUGTI SUB-DIVISION,PK20401,9618217B2743598749374,mouza
DDS-BA-0016,BALOCHISTAN,DERA BUGTI DISTRICT,LOTI SUB-TEHSIL,sub_tehsil,104,DERA BUGTI DISTRICT,407,LOTI SUB-TEHSIL,,9618217B77093701307545,mouza
DDS-BA-0017,BALOCHISTAN,DERA BUGTI DISTRICT,MALAM SUB-TEHSIL,sub_tehsil,104,DERA BUGTI DISTRICT,408,MALAM SUB-TEHSIL,,,withheld
DDS-BA-0018,BALOCHISTAN,DERA BUGTI DISTRICT,PIR KOH SUB-TEHSIL,sub_tehsil,104,DERA BUGTI DISTRICT,410,PIR KOH SUB-TEHSIL,,9618217B88157141720141,mouza
DDS-BA-0019,BALOCHISTAN,DERA BUGTI DISTRICT,QADIRABAD SUB-DIVISION,sub_division,104,DERA BUGTI DISTRICT,409,QADIRABAD SUB-DIVISION,,,withheld
DDS-BA-0020,BALOCHISTAN,DERA BUGTI DISTRICT,SANGSILLAH SUB-TEHSIL,sub_tehsil,104,DERA BUGTI DISTRICT,411,SANGSILLAH SUB-TEHSIL,,9618217B73869134124680,fuzzy
DDS-BA-0021,BALOCHISTAN,DERA BUGTI DISTRICT,SUI SUB-DIVISION,sub_division,104,DERA BUGTI DISTRICT,412,SUI SUB-DIVISION,PK20403,9618217B39625992285529,mouza
DDS-BA-0022,BALOCHISTAN,DUKI DISTRICT,DUKI SUB-DIVISION,sub_division,165,DUKI DISTRICT,436,DUKI SUB-DIVISION,PK23401,9618217B54428312139149,mouza
DDS-BA-0023,BALOCHISTAN,DUKI DISTRICT,LUNI SUB-DIVISION,sub_division,165,DUKI DISTRICT,707,LUNI SUB-DIVISION,,,withheld
DDS-BA-0024,BALOCHISTAN,DUKI DISTRICT,TALAO SUB-TEHSIL,sub_tehsil,165,DUKI DISTRICT,708,TALAO SUB-TEHSIL,,,withheld
DDS-BA-0025,BALOCHISTAN,DUKI DISTRICT,THAL CHUTYALI SUB-DIVISION,sub_division,165,DUKI DISTRICT,709,THAL CHUTYALI SUB-DIVISION,,,withheld
DDS-BA-0026,BALOCHISTAN,GWADAR DISTRICT,GWADAR SUB-DIVISION,sub_division,092,GWADAR DISTRICT,353,GWADAR SUB-DIVISION,PK20501,9618217B73177395836711,boundary
DDS-BA-0027,BALOCHISTAN,GWADAR DISTRICT,JIWANI TEHSIL,tehsil,092,GWADAR DISTRICT,354,JIWANI TEHSIL,PK20502,9618217B19586931991950,boundary
DDS-BA-0028,BALOCHISTAN,GWADAR DISTRICT,ORMARA TEHSIL,tehsil,092,GWADAR DISTRICT,355,ORMARA TEHSIL,PK20503,9618217B66549368810061,mouza
DDS-BA-0029,BALOCHISTAN,GWADAR DISTRICT,PASNI SUB-DIVISION,sub_division,092,GWADAR DISTRICT,356,PASNI SUB-DIVISION,PK20504,9618217B43513523941512,mouza
DDS-BA-0030,BALOCHISTAN,GWADAR DISTRICT,SUNTSER SUB-TEHSIL,sub_tehsil,092,GWADAR DISTRICT,357,SUNTSER SUB-TEHSIL,PK20505,9618217B87381485340477,mouza
DDS-BA-0031,BALOCHISTAN,HARNAI DISTRICT,HARNAI SUB-DIVISION,sub_division,105,HARNAI DISTRICT,413,HARNAI SUB-DIVISION,PK20601,9618217B37623205029699,mouza
DDS-BA-0032,BALOCHISTAN,HARNAI DISTRICT,KHOAST SUB-DIVISION,sub_division,105,HARNAI DISTRICT,414,KHOAST SUB-DIVISION,,9618217B63716992539538,fuzzy
DDS-BA-0033,BALOCHISTAN,HARNAI DISTRICT,SHAHRIG TEHSIL,tehsil,105,HARNAI DISTRICT,415,SHAHRIG TEHSIL,PK20602,9618217B40498101001050,mouza
DDS-BA-0034,BALOCHISTAN,JAFFARABAD DISTRICT,GANDAKHA TEHSIL,tehsil,095,JAFFARABAD DISTRICT,370,GANDAKHA TEHSIL,PK20701,9618217B10228752646001,fuzzy
DDS-BA-0035,BALOCHISTAN,JAFFARABAD DISTRICT,JHAT PAT SUB-DIVISION,sub_division,095,JAFFARABAD DISTRICT,371,JHAT PAT SUB-DIVISION,PK20702,9618217B86464903653788,mouza
DDS-BA-0036,BALOCHISTAN,JAFFARABAD DISTRICT,USTA MUHAMMAD SUB-DIVISION,sub_division,095,JAFFARABAD DISTRICT,373,USTA MUHAMMAD SUB-DIVISION,PK20703,9618217B27708571372610,mouza
DDS-BA-0037,BALOCHISTAN,JHAL MAGSI DISTRICT,GANDAWA TEHSIL,tehsil,096,JHAL MAGSI DISTRICT,374,GANDAWA TEHSIL,PK20801,9618217B37966221621202,mouza
DDS-BA-0038,BALOCHISTAN,JHAL MAGSI DISTRICT,JHAL MAGSI TEHSIL,tehsil,096,JHAL MAGSI DISTRICT,375,JHAL MAGSI TEHSIL,PK20802,9618217B12027487695459,mouza
DDS-BA-0039,BALOCHISTAN,JHAL MAGSI DISTRICT,MIRPUR SUB-TEHSIL,sub_tehsil,096,JHAL MAGSI DISTRICT,376,MIRPUR SUB-TEHSIL,,9618217B94086344698677,boundary
DDS-BA-0040,BALOCHISTAN,KACHHI DISTRICT,BALANARI SUB-TEHSIL,sub_tehsil,097,KACHHI DISTRICT,377,BALANARI SUB-TEHSIL,PK20904,,cod
DDS-BA-0041,BALOCHISTAN,KACHHI DISTRICT,BHAG SUB-DIVISION,sub_division,097,KACHHI DISTRICT,378,BHAG SUB-DIVISION,,9618217B70834513221374,mouza
DDS-BA-0042,BALOCHISTAN,KACHHI DISTRICT,DHADAR SUB-DIVISION,sub_division,097,KACHHI DISTRICT,379,DHADAR SUB-DIVISION,PK20901,9618217B75567275115944,mouza
DDS-BA-0043,BALOCHISTAN,KACHHI DISTRICT,KHATTAN SUB-TEHSIL,sub_tehsil,097,KACHHI DISTRICT,380,KHATTAN SUB-TEHSIL,PK20905,,cod
DDS-BA-0044,BALOCHISTAN,KACHHI DISTRICT,MACH SUB-DIVISION,sub_division,097,KACHHI DISTRICT,381,MACH SUB-DIVISION,PK20902,,cod
DDS-BA-0045,BALOCHISTAN,KACHHI DISTRICT,SANNI SUB-DIVISION,sub_division,097,KACHHI DISTRICT,383,SANNI SUB-DIVISION,PK20903,,cod
DDS-BA-0046,BALOCHISTAN,KALAT DISTRICT,GAZG SUB-TEHSIL,sub_tehsil,086,KALAT DISTRICT,318,GAZG SUB-TEHSIL,,9618217B17885121566588,boundary
DDS-BA-0047,BALOCHISTAN,KALAT DISTRICT,JOHAN SUB-TEHSIL,sub_tehsil,086,KALAT DISTRICT,319,JOHAN SUB-TEHSIL,,9618217B91467173275468,boundary
DDS-BA-0048,BALOCHISTAN,KALAT DISTRICT,KALAT SUB-DIVISION,sub_division,086,KALAT DISTRICT,320,KALAT SUB-DIVISION,PK21001,9618217B40739671025115,mouza
DDS-BA-0049,BALOCHISTAN,KALAT DISTRICT,MANGOCHAR SUB-DIVISION,sub_division,086,KALAT DISTRICT,321,MANGOCHAR SUB-DIVISION,,9618217B5840923689995,mouza
DDS-BA-0050,BALOCHISTAN,KECH DISTRICT,BALNIGORE SUB-TEHSIL,sub_tehsil,093,KECH DISTRICT,358,BALNIGORE SUB-TEHSIL,,9618217B85681439003421,mouza
DDS-BA-0051,BALOCHISTAN,KECH DISTRICT,BULAIDA SUB-DIVISION,sub_division,093,KECH DISTRICT,359,BULAIDA SUB-DIVISION,,9618217B70240658771261,mouza
DDS-BA-0052,BALOCHISTAN,KECH DISTRICT,DASHT SUB-DIVISION,sub_division,093,KECH DISTRICT,360,DASHT SUB-DIVISION,PK21102,9618217B81095673790392,mouza
DDS-BA-0053,BALOCHISTAN,KECH DISTRICT,HOSHAB SUB-TEHSIL,sub_tehsil,093,KECH DISTRICT,361,HOSHAB SUB-TEHSIL,,9618217B56246486806775,mouza
DDS-BA-0054,BALOCHISTAN,KECH DISTRICT,MAND TEHSIL,tehsil,093,KECH DISTRICT,363,MAND TEHSIL,PK21104,9618217B99249207678304,mouza
DDS-BA-0055,BALOCHISTAN,KECH DISTRICT,TUMP SUB-DIVISION,sub_division,093,KECH DISTRICT,364,TUMP SUB-DIVISION,PK21105,9618217B61046651400607,mouza
DDS-BA-0056,BALOCHISTAN,KECH DISTRICT,TURBAT SUB-DIVISION,sub_division,093,KECH DISTRICT,362,TURBAT SUB-DIVISION,,,withheld
DDS-BA-0057,BALOCHISTAN,KECH DISTRICT,ZAMORAN SUB-TEHSIL,sub_tehsil,093,KECH DISTRICT,365,ZAMORAN SUB-TEHSIL,,9618217B31776958523982,mouza
DDS-BA-0058,BALOCHISTAN,KHARAN DISTRICT,KHARAN SUB-DIVISION,sub_division,087,KHARAN DISTRICT,323,KHARAN SUB-DIVISION,PK21201,9618217B32253439361062,mouza
DDS-BA-0059,BALOCHISTAN,KHARAN DISTRICT,PATKAIN SUB-TEHSIL,sub_tehsil,087,KHARAN DISTRICT,613,PATKAIN SUB-TEHSIL,,,withheld
DDS-BA-0060,BALOCHISTAN,KHARAN DISTRICT,SAR KHARAN SUB-DIVISION,sub_division,087,KHARAN DISTRICT,324,SAR KHARAN SUB-DIVISION,PK21202,9618217B32253439361062,mouza
DDS-BA-0061,BALOCHISTAN,KHARAN DISTRICT,TOHMULK SUB-TEHSIL,sub_tehsil,087,KHARAN DISTRICT,325,TOHMULK SUB-TEHSIL,PK21203,9618217B32253439361062,mouza
DDS-BA-0062,BALOCHISTAN,KHUZDAR DISTRICT,ARANJI SUB-TEHSIL,sub_tehsil,088,KHUZDAR DISTRICT,326,ARANJI SUB-TEHSIL,,9618217B11648805809549,mouza
DDS-BA-0063,BALOCHISTAN,KHUZDAR DISTRICT,GRESHA SUB-TEHSIL,sub_tehsil,088,KHUZDAR DISTRICT,714,GRESHA SUB-TEHSIL,,,withheld
DDS-BA-0064,BALOCHISTAN,KHUZDAR DISTRICT,KARAKH SUB-DIVISION,sub_division,088,KHUZDAR DISTRICT,327,KARAKH SUB-DIVISION,,9618217B33490679855375,mouza
DDS-BA-0065,BALOCHISTAN,KHUZDAR DISTRICT,KHUZDAR SUB-DIVISION,sub_division,088,KHUZDAR DISTRICT,328,KHUZDAR SUB-DIVISION,PK21301,9618217B50718655065252,mouza
DDS-BA-0066,BALOCHISTAN,KHUZDAR DISTRICT,MOOLA SUB-TEHSIL,sub_tehsil,088,KHUZDAR DISTRICT,329,MOOLA SUB-TEHSIL,PK21302,9618217B96635304342084,mouza
DDS-BA-0067,BALOCHISTAN,KHUZDAR DISTRICT,NAL SUB-DIVISION,sub_division,088,KHUZDAR DISTRICT,330,NAL SUB-DIVISION,PK21303,9618217B18272036828673,mouza
DDS-BA-0068,BALOCHISTAN,KHUZDAR DISTRICT,ORNACH SUB-DIVISION,sub_division,088,KHUZDAR DISTRICT,331,ORNACH SUB-DIVISION,,9618217B12126547852790,mouza
DDS-BA-0069,BALOCHISTAN,KHUZDAR DISTRICT,SAROONA SUB-TEHSIL,sub_tehsil,088,KHUZDAR DISTRICT,332,SAROONA SUB-TEHSIL,,9618217B91485765143989,mouza
DDS-BA-0070,BALOCHISTAN,KHUZDAR DISTRICT,WADH SUB-DIVISION,sub_division,088,KHUZDAR DISTRICT,333,WADH SUB-DIVISION,PK21304,9618217B64812990154889,mouza
DDS-BA-0071,BALOCHISTAN,KHUZDAR DISTRICT,ZEHRI SUB-DIVISION,sub_division,088,KHUZDAR DISTRICT,334,ZEHRI SUB-DIVISION,PK21305,9618217B67299381221995,mouza
DDS-BA-0072,BALOCHISTAN,KILLA ABDULLAH DISTRICT,DOBANDI SUB-TEHSIL,sub_tehsil,100,KILLA ABDULLAH DISTRICT,393,DOBANDI SUB-TEHSIL,PK21402,,cod
DDS-BA-0073,BALOCHISTAN,KILLA ABDULLAH DISTRICT,GULISTAN SUB-DIVISION,sub_division,100,KILLA ABDULLAH DISTRICT,394,GULISTAN SUB-DIVISION,PK21403,9618217B91592942596902,mouza
DDS-BA-0074,BALOCHISTAN,KILLA ABDULLAH DISTRICT,KILLA ABDULLAH SUB-DIVISION,sub_division,100,KILLA ABDULLAH DISTRICT,395,KILLA ABDULLAH SUB-DIVISION,PK21404,9618217B95880920638679,mouza
DDS-BA-0075,BALOCHISTAN,KILLA SAIFULLAH DISTRICT,BADINI SUB-TEHSIL,sub_tehsil,110,KILLA SAIFULLAH DISTRICT,428,BADINI SUB-TEHSIL,,9618217B47686885177942,boundary
DDS-BA-0076,BALOCHISTAN,KILLA SAIFULLAH DISTRICT,KAN MEHTARZAI SUB-TEHSIL,sub_tehsil,110,KILLA SAIFULLAH DISTRICT,429,KAN MEHTARZAI SUB-TEHSIL,,9618217B18879360320447,boundary
DDS-BA-0077,BALOCHISTAN,KILLA SAIFULLAH DISTRICT,KILLA SAIFULLAH SUB-DIVISION,sub_division,110,KILLA SAIFULLAH DISTRICT,430,KILLA SAIFULLAH SUB-DIVISION,PK21501,9618217B75776093214178,mouza
DDS-BA-0078,BALOCHISTAN,KILLA SAIFULLAH DISTRICT,LOIBAND TEHSIL,tehsil,110,KILLA SAIFULLAH DISTRICT,431,LOIBAND TEHSIL,,9618217B24347530358386,mouza
DDS-BA-0079,BALOCHISTAN,KILLA SAIFULLAH DISTRICT,MUSLIM BAGH TEHSIL,tehsil,110,KILLA SAIFULLAH DISTRICT,432,MUSLIM BAGH TEHSIL,PK21502,9618217B20003920903037,mouza
DDS-BA-0080,BALOCHISTAN,KILLA SAIFULLAH DISTRICT,SHINKI SUB-TEHSIL,sub_tehsil,110,KILLA SAIFULLAH DISTRICT,434,SHINKI SUB-TEHSIL,,9618217B21963580528882,fuzzy
DDS-BA-0081,BALOCHISTAN,KOHLU DISTRICT,GRISANI SUB-TEHSIL,sub_tehsil,106,KOHLU DISTRICT,416,GRISANI SUB-TEHSIL,,9618217B37909865693322,mouza
DDS-BA-0082,BALOCHISTAN,KOHLU DISTRICT,KAHAN SUB-DIVISION,sub_division,106,KOHLU DISTRICT,417,KAHAN SUB-DIVISION,PK21601,9618217B9408880403437,mouza
DDS-BA-0083,BALOCHISTAN,KOHLU DISTRICT,KOHLU SUB-DIVISION,sub_division,106,KOHLU DISTRICT,418,KOHLU SUB-DIVISION,PK21602,9618217B74056988433955,mouza
DDS-BA-0084,BALOCHISTAN,KOHLU DISTRICT,MAWAND SUB-DIVISION,sub_division,106,KOHLU DISTRICT,419,MAWAND SUB-DIVISION,PK21603,9618217B95908919699948,mouza
DDS-BA-0085,BALOCHISTAN,KOHLU DISTRICT,TAMBOO SUB-TEHSIL,sub_tehsil,106,KOHLU DISTRICT,420,TAMBOO SUB-TEHSIL,,9618217B3811193083348,mouza
DDS-BA-0086,BALOCHISTAN,LASBELA DISTRICT,BELA SUB-DIVISION,sub_division,089,LASBELA DISTRICT,335,BELA SUB-DIVISION,PK21701,9618217B38765345980934,mouza
DDS-BA-0087,BALOCHISTAN,LASBELA DISTRICT,DUREJI SUB-DIVISION,sub_division,089,LASBELA DISTRICT,336,DUREJI SUB-DIVISION,PK21702,9618217B95179806844148,mouza
DDS-BA-0088,BALOCHISTAN,LASBELA DISTRICT,GADDANI TEHSIL,tehsil,089,LASBELA DISTRICT,337,GADDANI TEHSIL,PK21703,9618217B86858446563765,mouza
DDS-BA-0089,BALOCHISTAN,LASBELA DISTRICT,HUB SUB-DIVISION,sub_division,089,LASBELA DISTRICT,338,HUB SUB-DIVISION,PK21704,9618217B12237594519463,mouza
DDS-BA-0090,BALOCHISTAN,LASBELA DISTRICT,KANRAJ SUB-DIVISION,sub_division,089,LASBELA DISTRICT,339,KANRAJ SUB-DIVISION,PK21705,9618217B39521024943226,mouza
DDS-BA-0091,BALOCHISTAN,LASBELA DISTRICT,LAKHRA TEHSIL,tehsil,089,LASBELA DISTRICT,340,LAKHRA TEHSIL,PK21708,9618217B70316302358035,mouza
DDS-BA-0092,BALOCHISTAN,LASBELA DISTRICT,LIARI SUB-TEHSIL,sub_tehsil,089,LASBELA DISTRICT,341,LIARI SUB-TEHSIL,,9618217B27175149081745,mouza
DDS-BA-0093,BALOCHISTAN,LASBELA DISTRICT,SONMIANI/WINDER TEHSIL,tehsil,089,LASBELA DISTRICT,342,SONMIANI/WINDER TEHSIL,,9618217B86665675475566,mouza
DDS-BA-0094,BALOCHISTAN,LASBELA DISTRICT,UTHAL SUB-DIVISION,sub_division,089,LASBELA DISTRICT,343,UTHAL SUB-DIVISION,PK21707,9618217B76630628026692,mouza
DDS-BA-0095,BALOCHISTAN,LORALAI DISTRICT,BORI SUB-DIVISION,sub_division,111,LORALAI DISTRICT,437,BORI SUB-DIVISION,,9618217B59230505353758,mouza
DDS-BA-0096,BALOCHISTAN,LORALAI DISTRICT,MEKHTAR SUB-DIVISION,sub_division,111,LORALAI DISTRICT,438,MEKHTAR SUB-DIVISION,PK21902,9618217B55998475247860,boundary
DDS-BA-0097,BALOCHISTAN,MASTUNG DISTRICT,DASHT SUB-DIVISION,sub_division,090,MASTUNG DISTRICT,344,DASHT SUB-DIVISION,,9618217B81095673790392,mouza
DDS-BA-0098,BALOCHISTAN,MASTUNG DISTRICT,KHAD KOCHA SUB-TEHSIL,sub_tehsil,090,MASTUNG DISTRICT,345,KHAD KOCHA SUB-TEHSIL,,9618217B21974978317228,fuzzy
DDS-BA-0099,BALOCHISTAN,MASTUNG DISTRICT,KIRDGAP SUB-DIVISION,sub_division,090,MASTUNG DISTRICT,346,KIRDGAP SUB-DIVISION,PK22002,,cod
DDS-BA-0100,BALOCHISTAN,MASTUNG DISTRICT,MASTUNG SUB-DIVISION,sub_division,090,MASTUNG DISTRICT,347,MASTUNG SUB-DIVISION,PK22003,9618217B61021693970064,mouza
DDS-BA-0101,BALOCHISTAN,MUSAKHEL DISTRICT,DRUG TEHSIL,tehsil,112,MUSAKHEL DISTRICT,439,DRUG TEHSIL,PK22101,9618217B62923192711527,mouza
DDS-BA-0102,BALOCHISTAN,MUSAKHEL DISTRICT,KINGRI TEHSIL,tehsil,112,MUSAKHEL DISTRICT,440,KINGRI TEHSIL,PK22102,9618217B65198608234722,mouza
DDS-BA-0103,BALOCHISTAN,MUSAKHEL DISTRICT,MUSAKHEL TEHSIL,tehsil,112,MUSAKHEL DISTRICT,441,MUSAKHEL TEHSIL,PK22103,9618217B29929623589579,mouza
DDS-BA-0104,BALOCHISTAN,MUSAKHEL DISTRICT,TIYAR ESSOT SUB-TEHSIL,sub_tehsil,112,MUSAKHEL DISTRICT,704,TIYAR ESSOT SUB-TEHSIL,,,withheld
DDS-BA-0105,BALOCHISTAN,MUSAKHEL DISTRICT,TOISAR TEHSIL,tehsil,112,MUSAKHEL DISTRICT,705,TOISAR TEHSIL,,,withheld
DDS-BA-0106,BALOCHISTAN,MUSAKHEL DISTRICT,ZIMRI PLASEEN SUB-TEHSIL,sub_tehsil,112,MUSAKHEL DISTRICT,706,ZIMRI PLASEEN SUB-TEHSIL,,,withheld
DDS-BA-0107,BALOCHISTAN,NASIRABAD DISTRICT,BABA KOT TEHSIL,tehsil,098,NASIRABAD DISTRICT,384,BABA KOT TEHSIL,,9618217B38525162570146,mouza
DDS-BA-0108,BALOCHISTAN,NASIRABAD DISTRICT,CHATTAR SUB-DIVISION,sub_division,098,NASIRABAD DISTRICT,385,CHATTAR SUB-DIVISION,PK22201,9618217B47994085217502,boundary
DDS-BA-0109,BALOCHISTAN,NASIRABAD DISTRICT,DERA MURAD JAMALI SUB-DIVISION,sub_division,098,NASIRABAD DISTRICT,386,DERA MURAD JAMALI SUB-DIVISION,PK22202,9618217B33653411601035,mouza
DDS-BA-0110,BALOCHISTAN,NASIRABAD DISTRICT,LANDHI TEHSIL,tehsil,098,NASIRABAD DISTRICT,682,LANDHI TEHSIL,,9618217B33653411601035,mouza
DDS-BA-0111,BALOCHISTAN,NASIRABAD DISTRICT,MIR HASSAN KHOSA TEHSIL,tehsil,098,NASIRABAD DISTRICT,675,MIR HASSAN KHOSA TEHSIL,,,withheld
DDS-BA-0112,BALOCHISTAN,NASIRABAD DISTRICT,TAMBOO TEHSIL,tehsil,098,NASIRABAD DISTRICT,387,TAMBOO TEHSIL,PK22203,9618217B3811193083348,mouza
DDS-BA-0113,BALOCHISTAN,NUSHKI DISTRICT,DAK SUB-TEHSIL,sub_tehsil,101,NUSHKI DISTRICT,713,DAK SUB-TEHSIL,,9618217B67348092180466,boundary
DDS-BA-0114,BALOCHISTAN,NUSHKI DISTRICT,NUSHKI SUB-DIVISION,sub_division,101,NUSHKI DISTRICT,396,NUSHKI SUB-DIVISION,PK22301,9618217B76899423597402,mouza
DDS-BA-0115,BALOCHISTAN,PANJGUR DISTRICT,GICHK SUB-TEHSIL,sub_tehsil,094,PANJGUR DISTRICT,366,GICHK SUB-TEHSIL,PK22404,9618217B60261397495860,mouza
DDS-BA-0116,BALOCHISTAN,PANJGUR DISTRICT,GOWARGO SUB-DIVISION,sub_division,094,PANJGUR DISTRICT,367,GOWARGO SUB-DIVISION,PK22401,9618217B73703267725244,mouza
DDS-BA-0117,BALOCHISTAN,PANJGUR DISTRICT,JAHEEN PAROME TEHSIL,tehsil,094,PANJGUR DISTRICT,369,JAHEEN PAROME TEHSIL,PK22402,,cod
DDS-BA-0118,BALOCHISTAN,PANJGUR DISTRICT,KALLAG SUB-TEHSIL,sub_tehsil,094,PANJGUR DISTRICT,716,KALLAG SUB-TEHSIL,,,withheld
DDS-BA-0119,BALOCHISTAN,PANJGUR DISTRICT,PANJGUR SUB-DIVISION,sub_division,094,PANJGUR DISTRICT,368,PANJGUR SUB-DIVISION,PK22403,9618217B16143636802811,mouza
DDS-BA-0120,BALOCHISTAN,PISHIN DISTRICT,BARSHORE TEHSIL,tehsil,102,PISHIN DISTRICT,397,BARSHORE TEHSIL,PK22501,9618217B2205255569081,boundary
DDS-BA-0121,BALOCHISTAN,PISHIN DISTRICT,BOSTAN TEHSIL,tehsil,102,PISHIN DISTRICT,727,BOSTAN TEHSIL,,,withheld
DDS-BA-0122,BALOCHISTAN,PISHIN DISTRICT,HURRAM ZAI SUB-DIVISION,sub_division,102,PISHIN DISTRICT,398,HURRAM ZAI SUB-DIVISION,PK22502,9618217B42200782607352,fuzzy
DDS-BA-0123,BALOCHISTAN,PISHIN DISTRICT,KAREZAT SUB-DIVISION,sub_division,102,PISHIN DISTRICT,399,KAREZAT SUB-DIVISION,PK22503,9618217B76048857518190,boundary
DDS-BA-0124,BALOCHISTAN,PISHIN DISTRICT,NANA SAHIB TEHSIL,tehsil,102,PISHIN DISTRICT,724,NANA SAHIB TEHSIL,,,withheld
DDS-BA-0125,BALOCHISTAN,PISHIN DISTRICT,PISHIN SUB-DIVISION,sub_division,102,PISHIN DISTRICT,400,PISHIN SUB-DIVISION,PK22504,9618217B19963285871914,mouza
DDS-BA-0126,BALOCHISTAN,PISHIN DISTRICT,SARANAN TEHSIL,tehsil,102,PISHIN DISTRICT,401,SARANAN TEHSIL,PK22505,9618217B26394123733067,mouza
DDS-BA-0127,BALOCHISTAN,QUETTA DISTRICT,SUB-DIVISION CITY,sub_division,103,QUETTA DISTRICT,728,CITY SUB-DIVISION,,9618217B63682084587277,boundary
DDS-BA-0128,BALOCHISTAN,QUETTA DISTRICT,SUB-DIVISION KUCHLAK,sub_division,103,QUETTA DISTRICT,674,KUCHLAK SUB-DIVISION,,,withheld
DDS-BA-0129,BALOCHISTAN,QUETTA DISTRICT,SUB-DIVISION SADDAR TEHSIL,sub_division,103,QUETTA DISTRICT,404,SADDAR TEHSIL,,9618217B49959130600238,boundary
DDS-BA-0130,BALOCHISTAN,QUETTA DISTRICT,SUB-DIVISION SARIAB,sub_division,103,QUETTA DISTRICT,673,SARIAB SUB-DIVISION,,,withheld
DDS-BA-0131,BALOCHISTAN,QUETTA DISTRICT,SUB-TEHSIL PANJPAI,sub_tehsil,103,QUETTA DISTRICT,402,PANJPAI SUB-DIVISION,PK22601,,cod
DDS-BA-0132,BALOCHISTAN,SHERANI DISTRICT,SHERANI SUB-DIVISION,sub_division,113,SHERANI DISTRICT,442,SHERANI SUB-DIVISION,PK22701,9618217B12512882766992,mouza
DDS-BA-0133,BALOCHISTAN,SIBI DISTRICT,KOT MANDAI SUB-TEHSIL,sub_tehsil,107,SIBI DISTRICT,421,KOT MANDAI SUB-TEHSIL,,9618217B12752349345390,fuzzy
DDS-BA-0134,BALOCHISTAN,SIBI DISTRICT,LEHRI SUB-DIVISION,sub_division,107,SIBI DISTRICT,422,LEHRI SUB-DIVISION,,9618217B18368882513354,mouza
DDS-BA-0135,BALOCHISTAN,SIBI DISTRICT,SANGAN SUB-TEHSIL,sub_tehsil,107,SIBI DISTRICT,423,SANGAN SUB-TEHSIL,,9618217B85158688879478,boundary
DDS-BA-0136,BALOCHISTAN,SIBI DISTRICT,SIBI SUB-DIVISION,sub_division,107,SIBI DISTRICT,424,SIBI SUB-DIVISION,PK22801,9618217B82477184644412,mouza
DDS-BA-0137,BALOCHISTAN,SOHBATPUR DISTRICT,FARIDABAD TEHSIL,tehsil,153,SOHBATPUR DISTRICT,598,FARIDABAD TEHSIL,,9618217B40305274039011,mouza
DDS-BA-0138,BALOCHISTAN,SOHBATPUR DISTRICT,HAIR DIN TEHSIL,tehsil,153,SOHBATPUR DISTRICT,718,HAIR DIN TEHSIL,,,withheld
DDS-BA-0139,BALOCHISTAN,SOHBATPUR DISTRICT,MANJHIPUR TEHSIL,tehsil,153,SOHBATPUR DISTRICT,717,MANJHIPUR TEHSIL,,9618217B40305274039011,mouza
DDS-BA-0140,BALOCHISTAN,SOHBATPUR DISTRICT,PANHWAR TEHSIL,tehsil,153,SOHBATPUR DISTRICT,712,PANHWAR TEHSIL,,9618217B40305274039011,mouza
DDS-BA-0141,BALOCHISTAN,SOHBATPUR DISTRICT,SAEED MUHAMMAD KANRANI TEHSIL,tehsil,153,SOHBATPUR DISTRICT,711,SAEED MUHAMMAD KANRANI TEHSIL,,,withheld
DDS-BA-0142,BALOCHISTAN,SOHBATPUR DISTRICT,SOHBATPUR SUB-DIVISION,sub_division,153,SOHBATPUR DISTRICT,372,SOHBATPUR SUB-DIVISION,PK22901,9618217B40305274039011,mouza
DDS-BA-0143,BALOCHISTAN,SURAB DISTRICT,DASHT E GORAN SUB-DIVISION,sub_division,164,SURAB DISTRICT,720,DASHT E GORAN SUB-DIVISION,,,withheld
DDS-BA-0144,BALOCHISTAN,SURAB DISTRICT,GIDDER SUB-DIVISION,sub_division,164,SURAB DISTRICT,719,GIDDER SUB-DIVISION,,,withheld
DDS-BA-0145,BALOCHISTAN,SURAB DISTRICT,SHAHEED MEHARABAD ZEHRI SUB-DIVISION,sub_division,164,SURAB DISTRICT,721,SHAHEED MEHARABAD ZEHRI SUB-DIVISION,,,withheld
DDS-BA-0146,BALOCHISTAN,SURAB DISTRICT,SURAB SUB-DIVISION,sub_division,164,SURAB DISTRICT,322,SURAB SUB-DIVISION,,9618217B81975811571171,boundary
DDS-BA-0147,BALOCHISTAN,WASHUK DISTRICT,BESIMA SUB-DIVISION,sub_division,091,WASHUK DISTRICT,348,BESIMA SUB-DIVISION,,9618217B31193042816030,boundary
DDS-BA-0148,BALOCHISTAN,WASHUK DISTRICT,MASHKHEL SUB-DIVISION,sub_division,091,WASHUK DISTRICT,349,MASHKHEL SUB-DIVISION,PK23001,9618217B35884329739488,boundary
DDS-BA-0149,BALOCHISTAN,WASHUK DISTRICT,NAG SUB-TEHSIL,sub_tehsil,091,WASHUK DISTRICT,350,NAG SUB-TEHSIL,PK23004,9618217B53771355824836,mouza
DDS-BA-0150,BALOCHISTAN,WASHUK DISTRICT,SHAHOO GARHI SUB-TEHSIL,sub_tehsil,091,WASHUK DISTRICT,351,SHAHOO GARHI SUB-TEHSIL,,,withheld
DDS-BA-0151,BALOCHISTAN,WASHUK DISTRICT,WASHUK SUB-DIVISION,sub_division,091,WASHUK DISTRICT,352,WASHUK SUB-DIVISION,PK23003,9618217B15164271077712,mouza
DDS-BA-0152,BALOCHISTAN,ZHOB DISTRICT,ASHWAT SUB-TEHSIL,sub_tehsil,114,ZHOB DISTRICT,443,ASHWAT SUB-TEHSIL,,9618217B84397370421850,mouza
DDS-BA-0153,BALOCHISTAN,ZHOB DISTRICT,KAKAR KHURASAN SUB-DIVISION,sub_division,114,ZHOB DISTRICT,445,KAKAR KHURASAN SUB-DIVISION,PK23101,,cod
DDS-BA-0154,BALOCHISTAN,ZHOB DISTRICT,KASHATOO SUB-TEHSIL,sub_tehsil,114,ZHOB DISTRICT,444,KASHATOO SUB-TEHSIL,,,withheld
DDS-BA-0155,BALOCHISTAN,ZHOB DISTRICT,SAMBAZA SUB-TEHSIL,sub_tehsil,114,ZHOB DISTRICT,446,SAMBAZA SUB-TEHSIL,,,withheld
DDS-BA-0156,BALOCHISTAN,ZHOB DISTRICT,ZHOB SUB-DIVISION,sub_division,114,ZHOB DISTRICT,447,ZHOB SUB-DIVISION,PK23102,9618217B4405082245846,mouza
DDS-BA-0157,BALOCHISTAN,ZIARAT DISTRICT,SINJAWI SUB-DIVISION,sub_division,108,ZIARAT DISTRICT,425,SINJAWI SUB-DIVISION,PK23201,,cod
DDS-BA-0158,BALOCHISTAN,ZIARAT DISTRICT,ZIARAT SUB-DIVISION,sub_division,108,ZIARAT DISTRICT,426,ZIARAT SUB-DIVISION,PK23202,9618217B66698483777033,mouza
DDS-IS-0159,ISLAMABAD,ISLAMABAD DISTRICT,ISLAMABAD TEHSIL,tehsil,128,ISLAMABAD DISTRICT,492,ISLAMABAD TEHSIL,PK40101,9618217B77065930061668,mouza
DDS-KP-0160,KHYBER PAKHTUNKHWA,ABBOTTABAD DISTRICT,ABBOTTABAD TEHSIL,tehsil,005,ABBOTTABAD DISTRICT,011,ABBOTTABAD TEHSIL,PK50101,9618217B58090762247590,mouza
DDS-KP-0161,KHYBER PAKHTUNKHWA,ABBOTTABAD DISTRICT,HAVELIAN TEHSIL,tehsil,005,ABBOTTABAD DISTRICT,012,HAVELIAN TEHSIL,PK50102,9618217B10477128024963,mouza
DDS-KP-0162,KHYBER PAKHTUNKHWA,ABBOTTABAD DISTRICT,LORA TEHSIL,tehsil,005,ABBOTTABAD DISTRICT,617,LORA TEHSIL,PK50103,9618217B58090762247590,mouza
DDS-KP-0163,KHYBER PAKHTUNKHWA,ABBOTTABAD DISTRICT,LOWER TANAWAL TEHSIL,tehsil,005,ABBOTTABAD DISTRICT,618,LOWER TANAWAL TEHSIL,PK50104,9618217B58090762247590,mouza
DDS-KP-0164,KHYBER PAKHTUNKHWA,BAJAUR DISTRICT,BAR CHAMER KAND TEHSIL,tehsil,115,BAJAUR DISTRICT,448,BAR CHAMER KAND TEHSIL,PK50201,9618217B38361138378149,mouza
DDS-KP-0165,KHYBER PAKHTUNKHWA,BAJAUR DISTRICT,BARANG TEHSIL,tehsil,115,BAJAUR DISTRICT,449,BARANG TEHSIL,PK50202,9618217B27103402875346,mouza
DDS-KP-0166,KHYBER PAKHTUNKHWA,BAJAUR DISTRICT,KHAR BAJAUR TEHSIL,tehsil,115,BAJAUR DISTRICT,450,KHAR BAJAUR TEHSIL,,9618217B31254576320005,mouza
DDS-KP-0167,KHYBER PAKHTUNKHWA,BAJAUR DISTRICT,MAMUND TEHSIL,tehsil,115,BAJAUR DISTRICT,451,MAMUND TEHSIL,PK50204,9618217B90172425710539,mouza
DDS-KP-0168,KHYBER PAKHTUNKHWA,BAJAUR DISTRICT,NAWAGAI TEHSIL,tehsil,115,BAJAUR DISTRICT,452,NAWAGAI TEHSIL,PK50205,9618217B6749340310851,mouza
DDS-KP-0169,KHYBER PAKHTUNKHWA,BAJAUR DISTRICT,SALARZAI TEHSIL,tehsil,115,BAJAUR DISTRICT,453,SALARZAI TEHSIL,PK50206,9618217B53890861075426,mouza
DDS-KP-0170,KHYBER PAKHTUNKHWA,BAJAUR DISTRICT,UTMAN KHEL TEHSIL,tehsil,115,BAJAUR DISTRICT,454,UTMAN KHEL TEHSIL,PK50207,9618217B58376820156413,mouza
DDS-KP-0171,KHYBER PAKHTUNKHWA,BANNU DISTRICT,BAKKA KHEL TEHSIL,tehsil,001,BANNU DISTRICT,664,BAKKA KHEL TEHSIL,PK50302,,cod
DDS-KP-0172,KHYBER PAKHTUNKHWA,BANNU DISTRICT,BANNU TEHSIL,tehsil,001,BANNU DISTRICT,001,BANNU TEHSIL,PK50301,9618217B86252139157568,mouza
DDS-KP-0173,KHYBER PAKHTUNKHWA,BANNU DISTRICT,DOMEL TEHSIL,tehsil,001,BANNU DISTRICT,002,DOMEL TEHSIL,PK50303,9618217B66102957616794,mouza
DDS-KP-0174,KHYBER PAKHTUNKHWA,BANNU DISTRICT,KAKKI TEHSIL,tehsil,001,BANNU DISTRICT,621,KAKKI TEHSIL,PK50304,,cod
DDS-KP-0175,KHYBER PAKHTUNKHWA,BANNU DISTRICT,MERYAN TEHSIL,tehsil,001,BANNU DISTRICT,678,MERYAN TEHSIL,,,withheld
DDS-KP-0176,KHYBER PAKHTUNKHWA,BANNU DISTRICT,WAZIR SUB-DIVISION,sub_division,001,BANNU DISTRICT,603,WAZIR SUB-DIVISION,PK50306,,cod
DDS-KP-0177,KHYBER PAKHTUNKHWA,BATAGRAM DISTRICT,ALLAI TEHSIL,tehsil,006,BATAGRAM DISTRICT,013,ALLAI TEHSIL,PK50401,9618217B82118214800407,mouza
DDS-KP-0178,KHYBER PAKHTUNKHWA,BATAGRAM DISTRICT,BATAGRAM TEHSIL,tehsil,006,BATAGRAM DISTRICT,014,BATAGRAM TEHSIL,PK50402,9618217B42013741972359,mouza
DDS-KP-0179,KHYBER PAKHTUNKHWA,BUNER DISTRICT,CHAGHARZAI TEHSIL,tehsil,014,BUNER DISTRICT,680,CHAGHARZAI TEHSIL,,,withheld
DDS-KP-0180,KHYBER PAKHTUNKHWA,BUNER DISTRICT,DAGGAR TEHSIL,tehsil,014,BUNER DISTRICT,032,DAGGAR TEHSIL,PK50501,9618217B69506225279330,mouza
DDS-KP-0181,KHYBER PAKHTUNKHWA,BUNER DISTRICT,GADEZAI TEHSIL,tehsil,014,BUNER DISTRICT,679,GADEZAI TEHSIL,,,withheld
DDS-KP-0182,KHYBER PAKHTUNKHWA,BUNER DISTRICT,GAGRA TEHSIL,tehsil,014,BUNER DISTRICT,033,GAGRA TEHSIL,PK50502,9618217B56430132914599,mouza
DDS-KP-0183,KHYBER PAKHTUNKHWA,BUNER DISTRICT,KHADO KHEL TEHSIL,tehsil,014,BUNER DISTRICT,034,KHADO KHEL TEHSIL,PK50503,9618217B53498554126513,mouza
DDS-KP-0184,KHYBER PAKHTUNKHWA,BUNER DISTRICT,MANDANR TEHSIL,tehsil,014,BUNER DISTRICT,035,MANDANR TEHSIL,PK50504,9618217B69506225279330,mouza
DDS-KP-0185,KHYBER PAKHTUNKHWA,CHARSADDA DISTRICT,CHARSADDA TEHSIL,tehsil,023,CHARSADDA DISTRICT,063,CHARSADDA TEHSIL,PK50601,9618217B75469142361220,mouza
DDS-KP-0186,KHYBER PAKHTUNKHWA,CHARSADDA DISTRICT,SHABQADAR TEHSIL,tehsil,023,CHARSADDA DISTRICT,064,SHABQADAR TEHSIL,PK50602,9618217B19186468029110,mouza
DDS-KP-0187,KHYBER PAKHTUNKHWA,CHARSADDA DISTRICT,TANGI TEHSIL,tehsil,023,CHARSADDA DISTRICT,065,TANGI TEHSIL,PK50603,9618217B49069937374752,mouza
DDS-KP-0188,KHYBER PAKHTUNKHWA,DERA ISMAIL KHAN DISTRICT,DARABAN TEHSIL,tehsil,003,DERA ISMAIL KHAN DISTRICT,006,DARABAN TEHSIL,PK50902,9618217B74425880095030,mouza
DDS-KP-0189,KHYBER PAKHTUNKHWA,DERA ISMAIL KHAN DISTRICT,DERA ISMAIL KHAN TEHSIL,tehsil,003,DERA ISMAIL KHAN DISTRICT,005,DERA ISMAIL KHAN TEHSIL,PK50901,9618217B8526825785603,mouza
DDS-KP-0190,KHYBER PAKHTUNKHWA,DERA ISMAIL KHAN DISTRICT,DRAZANDA SUB-DIVISION,sub_division,003,DERA ISMAIL KHAN DISTRICT,605,DRAZANDA SUB-DIVISION,,9618217B12477470393515,mouza
DDS-KP-0191,KHYBER PAKHTUNKHWA,DERA ISMAIL KHAN DISTRICT,KULACHI TEHSIL,tehsil,003,DERA ISMAIL KHAN DISTRICT,007,KULACHI TEHSIL,PK50903,9618217B58016841629421,mouza
DDS-KP-0192,KHYBER PAKHTUNKHWA,DERA ISMAIL KHAN DISTRICT,PAHARPUR TEHSIL,tehsil,003,DERA ISMAIL KHAN DISTRICT,008,PAHARPUR TEHSIL,PK50904,9618217B57090337990309,mouza
DDS-KP-0193,KHYBER PAKHTUNKHWA,DERA ISMAIL KHAN DISTRICT,PAROA TEHSIL,tehsil,003,DERA ISMAIL KHAN DISTRICT,009,PAROA TEHSIL,PK50905,9618217B16017881368538,mouza
DDS-KP-0194,KHYBER PAKHTUNKHWA,HANGU DISTRICT,HANGU TEHSIL,tehsil,011,HANGU DISTRICT,025,HANGU TEHSIL,PK51001,9618217B72358395847423,mouza
DDS-KP-0195,KHYBER PAKHTUNKHWA,HANGU DISTRICT,TALL TEHSIL,tehsil,011,HANGU DISTRICT,026,TALL TEHSIL,PK51002,9618217B83339690098586,boundary
DDS-KP-0196,KHYBER PAKHTUNKHWA,HARIPUR DISTRICT,GHAZI TEHSIL,tehsil,007,HARIPUR DISTRICT,015,GHAZI TEHSIL,PK51101,9618217B18056507833425,mouza
DDS-KP-0197,KHYBER PAKHTUNKHWA,HARIPUR DISTRICT,HARIPUR TEHSIL,tehsil,007,HARIPUR DISTRICT,016,HARIPUR TEHSIL,PK51102,9618217B53516127317768,mouza
DDS-KP-0198,KHYBER PAKHTUNKHWA,HARIPUR DISTRICT,KHANPUR TEHSIL,tehsil,007,HARIPUR DISTRICT,619,KHANPUR TEHSIL,PK51103,9618217B53516127317768,mouza
DDS-KP-0199,KHYBER PAKHTUNKHWA,KARAK DISTRICT,BANDA DAUD SHAH TEHSIL,tehsil,012,KARAK DISTRICT,027,BANDA DAUD SHAH TEHSIL,PK51201,9618217B86538766181056,mouza
DDS-KP-0200,KHYBER PAKHTUNKHWA,KARAK DISTRICT,KARAK TEHSIL,tehsil,012,KARAK DISTRICT,028,KARAK TEHSIL,PK51202,9618217B36434785765551,mouza
DDS-KP-0201,KHYBER PAKHTUNKHWA,KARAK DISTRICT,TAKHT-E-NASRATI TEHSIL,tehsil,012,KARAK DISTRICT,029,TAKHT-E-NASRATI TEHSIL,PK51203,9618217B28657250175694,mouza
DDS-KP-0202,KHYBER PAKHTUNKHWA,KHYBER DISTRICT,BARA TEHSIL,tehsil,116,KHYBER DISTRICT,455,BARA TEHSIL,PK51301,9618217B27388776429495,mouza
DDS-KP-0203,KHYBER PAKHTUNKHWA,KHYBER DISTRICT,JAMRUD TEHSIL,tehsil,116,KHYBER DISTRICT,456,JAMRUD TEHSIL,PK51302,9618217B97741945610446,mouza
DDS-KP-0204,KHYBER PAKHTUNKHWA,KHYBER DISTRICT,LANDI KOTAL TEHSIL,tehsil,116,KHYBER DISTRICT,457,LANDI KOTAL TEHSIL,PK51303,9618217B35987854225863,mouza
DDS-KP-0205,KHYBER PAKHTUNKHWA,KHYBER DISTRICT,MULLA GORI TEHSIL,tehsil,116,KHYBER DISTRICT,458,MULLA GORI TEHSIL,PK51304,9618217B97741945610446,mouza
DDS-KP-0206,KHYBER PAKHTUNKHWA,KOHAT DISTRICT,DARRA ADAM KHEL SUB-DIVISION,sub_division,013,KOHAT DISTRICT,607,DARRA ADAM KHEL SUB-DIVISION,PK51404,,cod
DDS-KP-0207,KHYBER PAKHTUNKHWA,KOHAT DISTRICT,GUMBAT TEHSIL,tehsil,013,KOHAT DISTRICT,622,GUMBAT TEHSIL,PK51403,,cod
DDS-KP-0208,KHYBER PAKHTUNKHWA,KOHAT DISTRICT,KOHAT TEHSIL,tehsil,013,KOHAT DISTRICT,030,KOHAT TEHSIL,PK51401,9618217B37478017823501,mouza
DDS-KP-0209,KHYBER PAKHTUNKHWA,KOHAT DISTRICT,LACHI TEHSIL,tehsil,013,KOHAT DISTRICT,031,LACHI TEHSIL,PK51402,9618217B45474288177233,mouza
DDS-KP-0210,KHYBER PAKHTUNKHWA,KOLAI PALAS KOHISTAN DISTRICT,BATTAIRA SUB-DIVISION,sub_division,008,KOLAI PALAS KOHISTAN DISTRICT,685,BATTAIRA SUB-DIVISION,,,withheld
DDS-KP-0211,KHYBER PAKHTUNKHWA,KOLAI PALAS KOHISTAN DISTRICT,PALAS SUB-DIVISION,sub_division,008,KOLAI PALAS KOHISTAN DISTRICT,019,PALAS SUB-DIVISION,PK51701,9618217B98955281089867,mouza
DDS-KP-0212,KHYBER PAKHTUNKHWA,KURRAM DISTRICT,CENTRAL KURRAM F.R TEHSIL,tehsil,117,KURRAM DISTRICT,459,CENTRAL KURRAM F.R TEHSIL,PK51801,9618217B69891825710142,mouza
DDS-KP-0213,KHYBER PAKHTUNKHWA,KURRAM DISTRICT,LOWER KURRAM TEHSIL,tehsil,117,KURRAM DISTRICT,460,LOWER KURRAM TEHSIL,PK51802,9618217B46030390609191,mouza
DDS-KP-0214,KHYBER PAKHTUNKHWA,KURRAM DISTRICT,UPPER KURRAM TEHSIL,tehsil,117,KURRAM DISTRICT,461,UPPER KURRAM TEHSIL,PK51803,9618217B79241141393082,mouza
DDS-KP-0215,KHYBER PAKHTUNKHWA,LAKKI MARWAT DISTRICT,BETTANI SUB-DIVISION,sub_division,002,LAKKI MARWAT DISTRICT,604,BETTANI SUB-DIVISION,PK51903,,cod
DDS-KP-0216,KHYBER PAKHTUNKHWA,LAKKI MARWAT DISTRICT,GHAZNI KHEL TEHSIL,tehsil,002,LAKKI MARWAT DISTRICT,677,GHAZNI KHEL TEHSIL,,,withheld
DDS-KP-0217,KHYBER PAKHTUNKHWA,LAKKI MARWAT DISTRICT,LAKKI MARWAT TEHSIL,tehsil,002,LAKKI MARWAT DISTRICT,003,LAKKI MARWAT TEHSIL,PK51901,9618217B28791527725555,mouza
DDS-KP-0218,KHYBER PAKHTUNKHWA,LAKKI MARWAT DISTRICT,SARAI NAURANG TEHSIL,tehsil,002,LAKKI MARWAT DISTRICT,004,SARAI NAURANG TEHSIL,PK51902,9618217B19630672602920,mouza
DDS-KP-0219,KHYBER PAKHTUNKHWA,LOWER CHITRAL DISTRICT,CHITRAL SUB-DIVISION,sub_division,015,LOWER CHITRAL DISTRICT,036,CHITRAL SUB-DIVISION,,9618217B14913426707390,mouza
DDS-KP-0220,KHYBER PAKHTUNKHWA,LOWER CHITRAL DISTRICT,DROSH SUB-DIVISION,sub_division,015,LOWER CHITRAL DISTRICT,699,DROSH SUB-DIVISION,,9618217B14913426707390,mouza
DDS-KP-0221,KHYBER PAKHTUNKHWA,LOWER DIR DISTRICT,ADENZAI SUB-DIVISION,sub_division,016,LOWER DIR DISTRICT,038,ADENZAI SUB-DIVISION,PK52001,9618217B4451792369461,mouza
DDS-KP-0222,KHYBER PAKHTUNKHWA,LOWER DIR DISTRICT,LAL QILA SUB-DIVISION,sub_division,016,LOWER DIR DISTRICT,039,LAL QILA SUB-DIVISION,PK52003,9618217B49164558096656,mouza
DDS-KP-0223,KHYBER PAKHTUNKHWA,LOWER DIR DISTRICT,SAMARBAGH SUB-DIVISION,sub_division,016,LOWER DIR DISTRICT,040,SAMARBAGH SUB-DIVISION,PK52005,9618217B88301409575294,mouza
DDS-KP-0224,KHYBER PAKHTUNKHWA,LOWER DIR DISTRICT,TEMERGARA SUB-DIVISION,sub_division,016,LOWER DIR DISTRICT,041,TEMERGARA SUB-DIVISION,PK52006,9618217B87730202746425,mouza
DDS-KP-0225,KHYBER PAKHTUNKHWA,LOWER KOHISTAN DISTRICT,BANKAND RANOLIA TEHSIL,tehsil,169,LOWER KOHISTAN DISTRICT,686,BANKAND RANOLIA TEHSIL,,,withheld
DDS-KP-0226,KHYBER PAKHTUNKHWA,LOWER KOHISTAN DISTRICT,PATTAN SUB-DIVISION,sub_division,169,LOWER KOHISTAN DISTRICT,020,PATTAN SUB-DIVISION,,9618217B74983796043949,mouza
DDS-KP-0227,KHYBER PAKHTUNKHWA,MALAKAND DISTRICT,SAM RANI ZAI SUB-DIVISION,sub_division,017,MALAKAND PROTECTED AREA,042,SAM RANI ZAI SUB-DIVISION,,9618217B54248563822765,boundary
DDS-KP-0228,KHYBER PAKHTUNKHWA,MALAKAND DISTRICT,SWAT RANI ZAI SUB-DIVISION,sub_division,017,MALAKAND PROTECTED AREA,043,SWAT RANI ZAI SUB-DIVISION,,9618217B91992316601631,boundary
DDS-KP-0229,KHYBER PAKHTUNKHWA,MANSEHRA DISTRICT,BAFFA PAKHAL TEHSIL,tehsil,009,MANSEHRA DISTRICT,616,BAFFA PAKHAL TEHSIL,PK52204,9618217B1764376648259,mouza
DDS-KP-0230,KHYBER PAKHTUNKHWA,MANSEHRA DISTRICT,BALAKOT TEHSIL,tehsil,009,MANSEHRA DISTRICT,021,BALAKOT TEHSIL,PK52201,9618217B1796422743035,mouza
DDS-KP-0231,KHYBER PAKHTUNKHWA,MANSEHRA DISTRICT,DARBAND TEHSIL,tehsil,009,MANSEHRA DISTRICT,615,DARBAND TEHSIL,PK52205,9618217B99515953512230,mouza
DDS-KP-0232,KHYBER PAKHTUNKHWA,MANSEHRA DISTRICT,MANSEHRA TEHSIL,tehsil,009,MANSEHRA DISTRICT,022,MANSEHRA TEHSIL,PK52202,9618217B1764376648259,mouza
DDS-KP-0233,KHYBER PAKHTUNKHWA,MANSEHRA DISTRICT,OGHI TEHSIL,tehsil,009,MANSEHRA DISTRICT,023,OGHI TEHSIL,PK52203,9618217B99515953512230,mouza
DDS-KP-0234,KHYBER PAKHTUNKHWA,MARDAN DISTRICT,GHARI KAPOORA TEHSIL,tehsil,021,MARDAN DISTRICT,663,GHARI KAPOORA TEHSIL,,,withheld
DDS-KP-0235,KHYBER PAKHTUNKHWA,MARDAN DISTRICT,KATLANG TEHSIL,tehsil,021,MARDAN DISTRICT,056,KATLANG TEHSIL,PK52301,9618217B26511611890245,mouza
DDS-KP-0236,KHYBER PAKHTUNKHWA,MARDAN DISTRICT,MARDAN TEHSIL,tehsil,021,MARDAN DISTRICT,057,MARDAN TEHSIL,PK52302,9618217B99815948205781,mouza
DDS-KP-0237,KHYBER PAKHTUNKHWA,MARDAN DISTRICT,RUSTAM TEHSIL,tehsil,021,MARDAN DISTRICT,623,RUSTAM TEHSIL,PK52304,,cod
DDS-KP-0238,KHYBER PAKHTUNKHWA,MARDAN DISTRICT,TAKHT BHAI TEHSIL,tehsil,021,MARDAN DISTRICT,058,TAKHT BHAI TEHSIL,PK52303,9618217B56941601966296,mouza
DDS-KP-0239,KHYBER PAKHTUNKHWA,MOHMAND DISTRICT,AMBAR UTMAN KHEL TEHSIL,tehsil,118,MOHMAND DISTRICT,462,AMBAR UTMAN KHEL TEHSIL,,9618217B21414584218612,mouza
DDS-KP-0240,KHYBER PAKHTUNKHWA,MOHMAND DISTRICT,HALIM ZAI TEHSIL,tehsil,118,MOHMAND DISTRICT,463,HALIM ZAI TEHSIL,PK52403,9618217B16065617100671,mouza
DDS-KP-0241,KHYBER PAKHTUNKHWA,MOHMAND DISTRICT,PINDIALI TEHSIL,tehsil,118,MOHMAND DISTRICT,464,PINDIALI TEHSIL,PK52405,9618217B45853598456335,mouza
DDS-KP-0242,KHYBER PAKHTUNKHWA,MOHMAND DISTRICT,PRANG GHAR TEHSIL,tehsil,118,MOHMAND DISTRICT,465,PRANG GHAR TEHSIL,PK52406,9618217B7430750340481,mouza
DDS-KP-0243,KHYBER PAKHTUNKHWA,MOHMAND DISTRICT,SAFI TEHSIL,tehsil,118,MOHMAND DISTRICT,466,SAFI TEHSIL,PK52407,9618217B32259055898287,mouza
DDS-KP-0244,KHYBER PAKHTUNKHWA,MOHMAND DISTRICT,UPPER MOHMAND TEHSIL,tehsil,118,MOHMAND DISTRICT,467,UPPER MOHMAND TEHSIL,,9618217B63558675564153,mouza
DDS-KP-0245,KHYBER PAKHTUNKHWA,MOHMAND DISTRICT,YAKE GHUND TEHSIL,tehsil,118,MOHMAND DISTRICT,468,YAKE GHUND TEHSIL,PK52408,9618217B82493190371101,mouza
DDS-KP-0246,KHYBER PAKHTUNKHWA,NORTH WAZIRISTAN DISTRICT,DATTA KHEL TEHSIL,tehsil,119,NORTH WAZIRISTAN DISTRICT,469,DATTA KHEL TEHSIL,PK52501,9618217B11986805554587,mouza
DDS-KP-0247,KHYBER PAKHTUNKHWA,NORTH WAZIRISTAN DISTRICT,DOSSALI TEHSIL,tehsil,119,NORTH WAZIRISTAN DISTRICT,470,DOSSALI TEHSIL,PK52502,9618217B46789655633865,mouza
DDS-KP-0248,KHYBER PAKHTUNKHWA,NORTH WAZIRISTAN DISTRICT,GHARYUM TEHSIL,tehsil,119,NORTH WAZIRISTAN DISTRICT,471,GHARYUM TEHSIL,PK52503,9618217B50320195799158,mouza
DDS-KP-0249,KHYBER PAKHTUNKHWA,NORTH WAZIRISTAN DISTRICT,GHULAM KHAN TEHSIL,tehsil,119,NORTH WAZIRISTAN DISTRICT,472,GHULAM KHAN TEHSIL,PK52504,9618217B55129572621582,mouza
DDS-KP-0250,KHYBER PAKHTUNKHWA,NORTH WAZIRISTAN DISTRICT,MIR ALI TEHSIL,tehsil,119,NORTH WAZIRISTAN DISTRICT,473,MIR ALI TEHSIL,PK52505,9618217B16260546865970,mouza
DDS-KP-0251,KHYBER PAKHTUNKHWA,NORTH WAZIRISTAN DISTRICT,MIRAN SHAH TEHSIL,tehsil,119,NORTH WAZIRISTAN DISTRICT,474,MIRAN SHAH TEHSIL,PK52506,9618217B14052675855393,mouza
DDS-KP-0252,KHYBER PAKHTUNKHWA,NORTH WAZIRISTAN DISTRICT,RAZMAK TEHSIL,tehsil,119,NORTH WAZIRISTAN DISTRICT,475,RAZMAK TEHSIL,PK52507,9618217B43456602867297,mouza
DDS-KP-0253,KHYBER PAKHTUNKHWA,NORTH WAZIRISTAN DISTRICT,SHEWA TEHSIL,tehsil,119,NORTH WAZIRISTAN DISTRICT,476,SHEWA TEHSIL,PK52508,9618217B60416920570962,mouza
DDS-KP-0254,KHYBER PAKHTUNKHWA,NORTH WAZIRISTAN DISTRICT,SPINWAM TEHSIL,tehsil,119,NORTH WAZIRISTAN DISTRICT,477,SPINWAM TEHSIL,PK52509,9618217B25033373041510,mouza
DDS-KP-0255,KHYBER PAKHTUNKHWA,NOWSHERA DISTRICT,JEHANGIRA TEHSIL,tehsil,024,NOWSHERA DISTRICT,546,JEHANGIRA TEHSIL,PK52603,9618217B14540535558764,mouza
DDS-KP-0256,KHYBER PAKHTUNKHWA,NOWSHERA DISTRICT,NOWSHERA TEHSIL,tehsil,024,NOWSHERA DISTRICT,066,NOWSHERA TEHSIL,PK52601,9618217B14540535558764,mouza
DDS-KP-0257,KHYBER PAKHTUNKHWA,NOWSHERA DISTRICT,PABBI TEHSIL,tehsil,024,NOWSHERA DISTRICT,067,PABBI TEHSIL,PK52602,9618217B85805369832497,mouza
DDS-KP-0258,KHYBER PAKHTUNKHWA,ORAKZAI DISTRICT,CENTRAL TEHSIL,tehsil,120,ORAKZAI DISTRICT,478,CENTRAL TEHSIL,,9618217B82128272858403,mouza
DDS-KP-0259,KHYBER PAKHTUNKHWA,ORAKZAI DISTRICT,ISMAIL ZAI TEHSIL,tehsil,120,ORAKZAI DISTRICT,479,ISMAIL ZAI TEHSIL,PK52702,9618217B45377904205919,mouza
DDS-KP-0260,KHYBER PAKHTUNKHWA,ORAKZAI DISTRICT,LOWER TEHSIL,tehsil,120,ORAKZAI DISTRICT,480,LOWER TEHSIL,,9618217B73791785557213,mouza
DDS-KP-0261,KHYBER PAKHTUNKHWA,ORAKZAI DISTRICT,UPPER TEHSIL,tehsil,120,ORAKZAI DISTRICT,481,UPPER TEHSIL,,9618217B17002531383252,mouza
DDS-KP-0262,KHYBER PAKHTUNKHWA,PESHAWAR DISTRICT,BADHBER TEHSIL,tehsil,025,PESHAWAR DISTRICT,667,BADHBER TEHSIL,,,withheld
DDS-KP-0263,KHYBER PAKHTUNKHWA,PESHAWAR DISTRICT,CHAM KANI TEHSIL,tehsil,025,PESHAWAR DISTRICT,668,CHAM KANI TEHSIL,,,withheld
DDS-KP-0264,KHYBER PAKHTUNKHWA,PESHAWAR DISTRICT,HASSAN KHEL SUB-DIVISION,sub_division,025,PESHAWAR DISTRICT,608,HASSAN KHEL SUB-DIVISION,PK52805,9618217B72269656705038,mouza
DDS-KP-0265,KHYBER PAKHTUNKHWA,PESHAWAR DISTRICT,MATHRA TEHSIL,tehsil,025,PESHAWAR DISTRICT,669,MATHRA TEHSIL,,,withheld
DDS-KP-0266,KHYBER PAKHTUNKHWA,PESHAWAR DISTRICT,PESHAWAR TEHSIL,tehsil,025,PESHAWAR DISTRICT,068,PESHAWAR TEHSIL,,9618217B11440538053000,boundary
DDS-KP-0267,KHYBER PAKHTUNKHWA,PESHAWAR DISTRICT,PISHTA KHARA TEHSIL,tehsil,025,PESHAWAR DISTRICT,670,PISHTA KHARA TEHSIL,,,withheld
DDS-KP-0268,KHYBER PAKHTUNKHWA,PESHAWAR DISTRICT,SHAH ALAM TEHSIL,tehsil,025,PESHAWAR DISTRICT,671,SHAH ALAM TEHSIL,,9618217B71604704168129,mouza
DDS-KP-0269,KHYBER PAKHTUNKHWA,SHANGLA DISTRICT,ALPURI TEHSIL,tehsil,018,SHANGLA DISTRICT,044,ALPURI TEHSIL,PK52901,9618217B67800644266725,mouza
DDS-KP-0270,KHYBER PAKHTUNKHWA,SHANGLA DISTRICT,BISHAM TEHSIL,tehsil,018,SHANGLA DISTRICT,596,BISHAM TEHSIL,PK52902,9618217B47007823281887,mouza
DDS-KP-0271,KHYBER PAKHTUNKHWA,SHANGLA DISTRICT,CHAKISAR TEHSIL,tehsil,018,SHANGLA DISTRICT,620,CHAKISAR TEHSIL,PK52903,,cod
DDS-KP-0272,KHYBER PAKHTUNKHWA,SHANGLA DISTRICT,MARTUNG TEHSIL,tehsil,018,SHANGLA DISTRICT,665,MARTUNG TEHSIL,,9618217B75574497464279,boundary
DDS-KP-0273,KHYBER PAKHTUNKHWA,SHANGLA DISTRICT,PURAN TEHSIL,tehsil,018,SHANGLA DISTRICT,045,PURAN TEHSIL,PK52906,9618217B85285460066544,mouza
DDS-KP-0274,KHYBER PAKHTUNKHWA,SOUTH WAZIRISTAN DISTRICT,BIRMIL TEHSIL,tehsil,121,SOUTH WAZIRISTAN DISTRICT,482,BIRMIL TEHSIL,,9618217B26139173506241,mouza
DDS-KP-0275,KHYBER PAKHTUNKHWA,SOUTH WAZIRISTAN DISTRICT,LADHA TEHSIL,tehsil,121,SOUTH WAZIRISTAN DISTRICT,483,LADHA TEHSIL,PK53002,9618217B16932570993763,mouza
DDS-KP-0276,KHYBER PAKHTUNKHWA,SOUTH WAZIRISTAN DISTRICT,MAKIN TEHSIL,tehsil,121,SOUTH WAZIRISTAN DISTRICT,484,MAKIN TEHSIL,PK53003,9618217B3793228482505,mouza
DDS-KP-0277,KHYBER PAKHTUNKHWA,SOUTH WAZIRISTAN DISTRICT,SARAROGHA TEHSIL,tehsil,121,SOUTH WAZIRISTAN DISTRICT,485,SARAROGHA TEHSIL,PK53004,9618217B61234163758742,mouza
DDS-KP-0278,KHYBER PAKHTUNKHWA,SOUTH WAZIRISTAN DISTRICT,SERWEKAI TEHSIL,tehsil,121,SOUTH WAZIRISTAN DISTRICT,486,SERWEKAI TEHSIL,PK53005,9618217B82679427642430,mouza
DDS-KP-0279,KHYBER PAKHTUNKHWA,SOUTH WAZIRISTAN DISTRICT,SHAKTOI TEHSIL,tehsil,121,SOUTH WAZIRISTAN DISTRICT,722,SHAKTOI TEHSIL,,,withheld
DDS-KP-0280,KHYBER PAKHTUNKHWA,SOUTH WAZIRISTAN DISTRICT,TIARZA TEHSIL,tehsil,121,SOUTH WAZIRISTAN DISTRICT,487,TIARZA TEHSIL,PK53006,9618217B34807773497614,mouza
DDS-KP-0281,KHYBER PAKHTUNKHWA,SOUTH WAZIRISTAN DISTRICT,TOI KHULLA TEHSIL,tehsil,121,SOUTH WAZIRISTAN DISTRICT,488,TOI KHULLA TEHSIL,PK53007,9618217B6011346458997,mouza
DDS-KP-0282,KHYBER PAKHTUNKHWA,SOUTH WAZIRISTAN DISTRICT,WANA TEHSIL,tehsil,121,SOUTH WAZIRISTAN DISTRICT,489,WANA TEHSIL,PK53008,9618217B60532697515425,mouza
DDS-KP-0283,KHYBER PAKHTUNKHWA,SWABI DISTRICT,LAHOR TEHSIL,tehsil,022,SWABI DISTRICT,059,LAHOR TEHSIL,PK53101,9618217B21660428778225,boundary
DDS-KP-0284,KHYBER PAKHTUNKHWA,SWABI DISTRICT,RAZAR TEHSIL,tehsil,022,SWABI DISTRICT,060,RAZAR TEHSIL,PK53104,9618217B51199303566894,mouza
DDS-KP-0285,KHYBER PAKHTUNKHWA,SWABI DISTRICT,SWABI TEHSIL,tehsil,022,SWABI DISTRICT,061,SWABI TEHSIL,PK53102,9618217B86482218713484,mouza
DDS-KP-0286,KHYBER PAKHTUNKHWA,SWABI DISTRICT,TOPI TEHSIL,tehsil,022,SWABI DISTRICT,062,TOPI TEHSIL,PK53103,9618217B62060167615722,mouza
DDS-KP-0287,KHYBER PAKHTUNKHWA,SWAT DISTRICT,BABUZAI TEHSIL,tehsil,019,SWAT DISTRICT,046,BABUZAI TEHSIL,PK53201,9618217B96227356091196,mouza
DDS-KP-0288,KHYBER PAKHTUNKHWA,SWAT DISTRICT,BARIKOT TEHSIL,tehsil,019,SWAT DISTRICT,048,BARIKOT TEHSIL,PK53203,9618217B68002200879702,mouza
DDS-KP-0289,KHYBER PAKHTUNKHWA,SWAT DISTRICT,BEHRAIN TEHSIL,tehsil,019,SWAT DISTRICT,047,BEHRAIN TEHSIL,PK53202,9618217B66331326355874,mouza
DDS-KP-0290,KHYBER PAKHTUNKHWA,SWAT DISTRICT,CHARBAGH TEHSIL,tehsil,019,SWAT DISTRICT,049,CHARBAGH TEHSIL,PK53204,9618217B24557098667068,mouza
DDS-KP-0291,KHYBER PAKHTUNKHWA,SWAT DISTRICT,KABAL TEHSIL,tehsil,019,SWAT DISTRICT,050,KABAL TEHSIL,PK53205,9618217B36757297695869,mouza
DDS-KP-0292,KHYBER PAKHTUNKHWA,SWAT DISTRICT,KHAWAZAKHELA TEHSIL,tehsil,019,SWAT DISTRICT,051,KHAWAZAKHELA TEHSIL,PK53207,9618217B23020330942802,mouza
DDS-KP-0293,KHYBER PAKHTUNKHWA,SWAT DISTRICT,MATTA TEHSIL,tehsil,019,SWAT DISTRICT,052,MATTA TEHSIL,,9618217B40124352215218,mouza
DDS-KP-0294,KHYBER PAKHTUNKHWA,TANK DISTRICT,JANDOLA SUB-DIVISION,sub_division,004,TANK DISTRICT,606,JANDOLA SUB-DIVISION,PK53302,9618217B51909263256707,mouza
DDS-KP-0295,KHYBER PAKHTUNKHWA,TANK DISTRICT,TANK TEHSIL,tehsil,004,TANK DISTRICT,010,TANK TEHSIL,PK53301,9618217B89518197918808,mouza
DDS-KP-0296,KHYBER PAKHTUNKHWA,TORGHAR DISTRICT,DAUR MERA TEHSIL,tehsil,010,TORGHAR DISTRICT,681,DAUR MERA TEHSIL,,,withheld
DDS-KP-0297,KHYBER PAKHTUNKHWA,TORGHAR DISTRICT,JUDBA TEHSIL,tehsil,010,TORGHAR DISTRICT,024,JUDBA TEHSIL,PK53401,9618217B27486600301498,mouza
DDS-KP-0298,KHYBER PAKHTUNKHWA,TORGHAR DISTRICT,KHANDER TEHSIL,tehsil,010,TORGHAR DISTRICT,600,KHANDER TEHSIL,PK53402,,cod
DDS-KP-0299,KHYBER PAKHTUNKHWA,UPPER CHITRAL DISTRICT,MASTUJ SUB-DIVISION,sub_division,170,UPPER CHITRAL DISTRICT,037,MASTUJ SUB-DIVISION,,9618217B15142704211186,mouza
DDS-KP-0300,KHYBER PAKHTUNKHWA,UPPER DIR DISTRICT,DIR SUB-DIVISION,sub_division,020,UPPER DIR DISTRICT,053,DIR SUB-DIVISION,PK53502,9618217B75611380767926,mouza
DDS-KP-0301,KHYBER PAKHTUNKHWA,UPPER DIR DISTRICT,LARJUM SUB-DIVISION,sub_division,020,UPPER DIR DISTRICT,703,LARJUM SUB-DIVISION,,,withheld
DDS-KP-0302,KHYBER PAKHTUNKHWA,UPPER DIR DISTRICT,SHARINGAL SUB-DIVISION,sub_division,020,UPPER DIR DISTRICT,054,SHARINGAL SUB-DIVISION,,9618217B41054895723693,mouza
DDS-KP-0303,KHYBER PAKHTUNKHWA,UPPER DIR DISTRICT,WARI SUB-DIVISION,sub_division,020,UPPER DIR DISTRICT,055,WARI SUB-DIVISION,PK53506,9618217B67850657595713,mouza
DDS-KP-0304,KHYBER PAKHTUNKHWA,UPPER KOHISTAN DISTRICT,DASSU SUB-DIVISION,sub_division,168,UPPER KOHISTAN DISTRICT,017,DASSU SUB-DIVISION,,9618217B96945867102806,mouza
DDS-KP-0305,KHYBER PAKHTUNKHWA,UPPER KOHISTAN DISTRICT,HARBAN BHASHA TEHSIL,tehsil,168,UPPER KOHISTAN DISTRICT,684,HARBAN BHASHA TEHSIL,,9618217B96945867102806,mouza
DDS-KP-0306,KHYBER PAKHTUNKHWA,UPPER KOHISTAN DISTRICT,KANDIA SUB-DIVISION,sub_division,168,UPPER KOHISTAN DISTRICT,018,KANDIA SUB-DIVISION,,9618217B42691934354201,mouza
DDS-KP-0307,KHYBER PAKHTUNKHWA,UPPER KOHISTAN DISTRICT,SEO SUB-DIVISION,sub_division,168,UPPER KOHISTAN DISTRICT,683,SEO SUB-DIVISION,,9618217B96945867102806,mouza
DDS-PB-0308,PUNJAB,ATTOCK DISTRICT,ATTOCK TEHSIL,tehsil,051,ATTOCK DISTRICT,165,ATTOCK TEHSIL,PK60101,9618217B50149376018014,mouza
DDS-PB-0309,PUNJAB,ATTOCK DISTRICT,FATEH JANG TEHSIL,tehsil,051,ATTOCK DISTRICT,166,FATEH JANG TEHSIL,PK60102,9618217B26191403236071,mouza
DDS-PB-0310,PUNJAB,ATTOCK DISTRICT,HASAN ABDAL TEHSIL,tehsil,051,ATTOCK DISTRICT,167,HASAN ABDAL TEHSIL,PK60103,9618217B7124878941911,mouza
DDS-PB-0311,PUNJAB,ATTOCK DISTRICT,HAZRO TEHSIL,tehsil,051,ATTOCK DISTRICT,168,HAZRO TEHSIL,PK60104,9618217B87894448087129,mouza
DDS-PB-0312,PUNJAB,ATTOCK DISTRICT,JAND TEHSIL,tehsil,051,ATTOCK DISTRICT,169,JAND TEHSIL,PK60105,9618217B26860553208965,mouza
DDS-PB-0313,PUNJAB,ATTOCK DISTRICT,PINDI GHEB TEHSIL,tehsil,051,ATTOCK DISTRICT,170,PINDI GHEB TEHSIL,PK60106,9618217B75704590266710,mouza
DDS-PB-0314,PUNJAB,BAHAWALNAGAR DISTRICT,BAHAWALNAGAR TEHSIL,tehsil,026,BAHAWALNAGAR DISTRICT,069,BAHAWALNAGAR TEHSIL,PK60201,9618217B66715726514164,mouza
DDS-PB-0315,PUNJAB,BAHAWALNAGAR DISTRICT,CHISHTIAN TEHSIL,tehsil,026,BAHAWALNAGAR DISTRICT,070,CHISHTIAN TEHSIL,PK60202,9618217B28318758204703,mouza
DDS-PB-0316,PUNJAB,BAHAWALNAGAR DISTRICT,FORT ABBAS TEHSIL,tehsil,026,BAHAWALNAGAR DISTRICT,071,FORT ABBAS TEHSIL,PK60203,9618217B32335001423443,mouza
DDS-PB-0317,PUNJAB,BAHAWALNAGAR DISTRICT,HAROONABAD TEHSIL,tehsil,026,BAHAWALNAGAR DISTRICT,072,HAROONABAD TEHSIL,PK60204,9618217B64963445448677,mouza
DDS-PB-0318,PUNJAB,BAHAWALNAGAR DISTRICT,MINCHINABAD TEHSIL,tehsil,026,BAHAWALNAGAR DISTRICT,073,MINCHINABAD TEHSIL,PK60205,9618217B99235874147506,mouza
DDS-PB-0319,PUNJAB,BAHAWALPUR DISTRICT,AHMADPUR EAST TEHSIL,tehsil,027,BAHAWALPUR DISTRICT,074,AHMADPUR EAST TEHSIL,PK60301,9618217B72387286824542,mouza
DDS-PB-0320,PUNJAB,BAHAWALPUR DISTRICT,BAHAWALPUR CITY TEHSIL,tehsil,027,BAHAWALPUR DISTRICT,075,BAHAWALPUR CITY TEHSIL,,9618217B62144943216166,mouza
DDS-PB-0321,PUNJAB,BAHAWALPUR DISTRICT,BAHAWALPUR SADDAR TEHSIL,tehsil,027,BAHAWALPUR DISTRICT,602,BAHAWALPUR SADDAR TEHSIL,,9618217B62144943216166,mouza
DDS-PB-0322,PUNJAB,BAHAWALPUR DISTRICT,HASILPUR TEHSIL,tehsil,027,BAHAWALPUR DISTRICT,077,HASILPUR TEHSIL,PK60303,9618217B38710441468568,mouza
DDS-PB-0323,PUNJAB,BAHAWALPUR DISTRICT,KHAIRPUR TAMEWALI TEHSIL,tehsil,027,BAHAWALPUR DISTRICT,078,KHAIRPUR TAMEWALI TEHSIL,PK60304,9618217B97721699112019,mouza
DDS-PB-0324,PUNJAB,BAHAWALPUR DISTRICT,YAZMAN TEHSIL,tehsil,027,BAHAWALPUR DISTRICT,079,YAZMAN TEHSIL,PK60305,9618217B66821366213948,mouza
DDS-PB-0325,PUNJAB,BHAKKAR DISTRICT,BHAKKAR TEHSIL,tehsil,058,BHAKKAR DISTRICT,194,BHAKKAR TEHSIL,PK60401,9618217B37121610639704,mouza
DDS-PB-0326,PUNJAB,BHAKKAR DISTRICT,DARYA KHAN TEHSIL,tehsil,058,BHAKKAR DISTRICT,195,DARYA KHAN TEHSIL,PK60402,9618217B62767421306838,mouza
DDS-PB-0327,PUNJAB,BHAKKAR DISTRICT,KALUR KOT TEHSIL,tehsil,058,BHAKKAR DISTRICT,196,KALUR KOT TEHSIL,PK60403,9618217B20876188191816,mouza
DDS-PB-0328,PUNJAB,BHAKKAR DISTRICT,MANKERA TEHSIL,tehsil,058,BHAKKAR DISTRICT,197,MANKERA TEHSIL,PK60404,9618217B35028785472961,mouza
DDS-PB-0329,PUNJAB,CHAKWAL DISTRICT,CHAKWAL TEHSIL,tehsil,052,CHAKWAL DISTRICT,171,CHAKWAL TEHSIL,PK60501,9618217B61688476906431,mouza
DDS-PB-0330,PUNJAB,CHAKWAL DISTRICT,CHOA SAIDAN SHAH TEHSIL,tehsil,052,CHAKWAL DISTRICT,172,CHOA SAIDAN SHAH TEHSIL,PK60502,9618217B34165652086565,mouza
DDS-PB-0331,PUNJAB,CHAKWAL DISTRICT,KALLAR KAHAR TEHSIL,tehsil,052,CHAKWAL DISTRICT,173,KALLAR KAHAR TEHSIL,PK60503,9618217B86534483810344,mouza
DDS-PB-0332,PUNJAB,CHAKWAL DISTRICT,LAWA TEHSIL,tehsil,052,CHAKWAL DISTRICT,174,LAWA TEHSIL,,9618217B62547254689686,mouza
DDS-PB-0333,PUNJAB,CHAKWAL DISTRICT,TALA GANG TEHSIL,tehsil,052,CHAKWAL DISTRICT,175,TALA GANG TEHSIL,PK60504,9618217B62547254689686,mouza
DDS-PB-0334,PUNJAB,CHINIOT DISTRICT,BHAWANA TEHSIL,tehsil,033,CHINIOT DISTRICT,099,BHAWANA TEHSIL,PK60601,9618217B38138021064938,mouza
DDS-PB-0335,PUNJAB,CHINIOT DISTRICT,CHINIOT TEHSIL,tehsil,033,CHINIOT DISTRICT,100,CHINIOT TEHSIL,PK60602,9618217B24634136652115,mouza
DDS-PB-0336,PUNJAB,CHINIOT DISTRICT,LALIAN TEHSIL,tehsil,033,CHINIOT DISTRICT,101,LALIAN TEHSIL,PK60603,9618217B62286570878948,mouza
DDS-PB-0337,PUNJAB,DERA GHAZI KHAN DISTRICT,DERA GHAZI KHAN TEHSIL,tehsil,029,DERA GHAZI KHAN DISTRICT,085,DERA GHAZI KHAN TEHSIL,PK60701,9618217B85950255786241,mouza
DDS-PB-0338,PUNJAB,DERA GHAZI KHAN DISTRICT,KOH-E-SULEMAN TEHSIL,tehsil,029,DERA GHAZI KHAN DISTRICT,084,KOH-E-SULEMAN TEHSIL,,,withheld
DDS-PB-0339,PUNJAB,DERA GHAZI KHAN DISTRICT,KOT CHHUTTA TEHSIL,tehsil,029,DERA GHAZI KHAN DISTRICT,086,KOT CHHUTTA TEHSIL,,9618217B12999720718980,mouza
DDS-PB-0340,PUNJAB,DERA GHAZI KHAN DISTRICT,TAUNSA TEHSIL,tehsil,029,DERA GHAZI KHAN DISTRICT,087,TAUNSA TEHSIL,PK60704,9618217B56078178956611,mouza
DDS-PB-0341,PUNJAB,FAISALABAD DISTRICT,CHAK JHUMRA TEHSIL,tehsil,034,FAISALABAD DISTRICT,102,CHAK JHUMRA TEHSIL,PK60801,9618217B96433352493749,mouza
DDS-PB-0342,PUNJAB,FAISALABAD DISTRICT,FAISALABAD CITY TEHSIL,tehsil,034,FAISALABAD DISTRICT,103,FAISALABAD CITY TEHSIL,PK60802,9618217B49237159452791,mouza
DDS-PB-0343,PUNJAB,FAISALABAD DISTRICT,FAISALABAD SADAR TEHSIL,tehsil,034,FAISALABAD DISTRICT,104,FAISALABAD SADAR TEHSIL,PK60803,9618217B49237159452791,mouza
DDS-PB-0344,PUNJAB,FAISALABAD DISTRICT,JARANWALA TEHSIL,tehsil,034,FAISALABAD DISTRICT,105,JARANWALA TEHSIL,PK60804,9618217B34983463675633,mouza
DDS-PB-0345,PUNJAB,FAISALABAD DISTRICT,SAMMUNDRI TEHSIL,tehsil,034,FAISALABAD DISTRICT,106,SAMMUNDRI TEHSIL,PK60805,9618217B59102898761017,mouza
DDS-PB-0346,PUNJAB,FAISALABAD DISTRICT,TANDLIAN WALA TEHSIL,tehsil,034,FAISALABAD DISTRICT,107,TANDLIAN WALA TEHSIL,PK60806,9618217B47443696449960,mouza
DDS-PB-0347,PUNJAB,GUJRANWALA DISTRICT,GUJRANWALA CITY TEHSIL,tehsil,037,GUJRANWALA DISTRICT,117,GUJRANWALA CITY TEHSIL,,9618217B3934260130404,mouza
DDS-PB-0348,PUNJAB,GUJRANWALA DISTRICT,GUJRANWALA SADDAR TEHSIL,tehsil,037,GUJRANWALA DISTRICT,118,GUJRANWALA SADDAR TEHSIL,,9618217B3934260130404,mouza
DDS-PB-0349,PUNJAB,GUJRANWALA DISTRICT,KAMOKE TEHSIL,tehsil,037,GUJRANWALA DISTRICT,119,KAMOKE TEHSIL,PK60902,9618217B79627750692708,mouza
DDS-PB-0350,PUNJAB,GUJRANWALA DISTRICT,NOWSHERA VIRKAN TEHSIL,tehsil,037,GUJRANWALA DISTRICT,120,NOWSHERA VIRKAN TEHSIL,PK60903,9618217B8960364895621,mouza
DDS-PB-0351,PUNJAB,GUJRANWALA DISTRICT,WAZIRABAD TEHSIL,tehsil,037,GUJRANWALA DISTRICT,121,WAZIRABAD TEHSIL,PK60904,9618217B81659950936026,mouza
DDS-PB-0352,PUNJAB,GUJRAT DISTRICT,GUJRAT TEHSIL,tehsil,038,GUJRAT DISTRICT,122,GUJRAT TEHSIL,PK61001,9618217B61923659220021,mouza
DDS-PB-0353,PUNJAB,GUJRAT DISTRICT,KHARIAN TEHSIL,tehsil,038,GUJRAT DISTRICT,123,KHARIAN TEHSIL,PK61002,9618217B29572971440693,mouza
DDS-PB-0354,PUNJAB,GUJRAT DISTRICT,SARAI ALAMGIR TEHSIL,tehsil,038,GUJRAT DISTRICT,124,SARAI ALAMGIR TEHSIL,PK61003,9618217B44942663525229,mouza
DDS-PB-0355,PUNJAB,HAFIZABAD DISTRICT,HAFIZABAD TEHSIL,tehsil,039,HAFIZABAD DISTRICT,125,HAFIZABAD TEHSIL,PK61101,9618217B14601730863516,mouza
DDS-PB-0356,PUNJAB,HAFIZABAD DISTRICT,PINDI BHATTIAN TEHSIL,tehsil,039,HAFIZABAD DISTRICT,126,PINDI BHATTIAN TEHSIL,PK61102,9618217B88762426965199,mouza
DDS-PB-0357,PUNJAB,JHANG DISTRICT,18-HAZARI TEHSIL,tehsil,035,JHANG DISTRICT,108,18-HAZARI TEHSIL,,9618217B97650349828759,mouza
DDS-PB-0358,PUNJAB,JHANG DISTRICT,AHMADPUR SIAL TEHSIL,tehsil,035,JHANG DISTRICT,109,AHMADPUR SIAL TEHSIL,PK61201,9618217B8917693813131,mouza
DDS-PB-0359,PUNJAB,JHANG DISTRICT,JHANG TEHSIL,tehsil,035,JHANG DISTRICT,110,JHANG TEHSIL,PK61202,9618217B12490857325853,mouza
DDS-PB-0360,PUNJAB,JHANG DISTRICT,SHORKOT TEHSIL,tehsil,035,JHANG DISTRICT,111,SHORKOT TEHSIL,PK61203,9618217B73902443176892,mouza
DDS-PB-0361,PUNJAB,JHELUM DISTRICT,DINA TEHSIL,tehsil,053,JHELUM DISTRICT,176,DINA TEHSIL,PK61301,9618217B61242270997195,mouza
DDS-PB-0362,PUNJAB,JHELUM DISTRICT,JHELUM TEHSIL,tehsil,053,JHELUM DISTRICT,177,JHELUM TEHSIL,PK61302,9618217B22857768344293,mouza
DDS-PB-0363,PUNJAB,JHELUM DISTRICT,PIND DADAN KHAN TEHSIL,tehsil,053,JHELUM DISTRICT,178,PIND DADAN KHAN TEHSIL,PK61303,9618217B13521614852985,mouza
DDS-PB-0364,PUNJAB,JHELUM DISTRICT,SOHAWA TEHSIL,tehsil,053,JHELUM DISTRICT,179,SOHAWA TEHSIL,PK61304,9618217B97272924784682,mouza
DDS-PB-0365,PUNJAB,KASUR DISTRICT,CHUNIAN TEHSIL,tehsil,043,KASUR DISTRICT,137,CHUNIAN TEHSIL,PK61401,9618217B67240081969707,mouza
DDS-PB-0366,PUNJAB,KASUR DISTRICT,KASUR TEHSIL,tehsil,043,KASUR DISTRICT,138,KASUR TEHSIL,PK61402,9618217B57329099303802,mouza
DDS-PB-0367,PUNJAB,KASUR DISTRICT,KOT RADHA KISHAN TEHSIL,tehsil,043,KASUR DISTRICT,139,KOT RADHA KISHAN TEHSIL,PK61403,9618217B52082409863754,boundary
DDS-PB-0368,PUNJAB,KASUR DISTRICT,PATTOKI TEHSIL,tehsil,043,KASUR DISTRICT,140,PATTOKI TEHSIL,PK61404,9618217B53639078484691,mouza
DDS-PB-0369,PUNJAB,KHANEWAL DISTRICT,JAHANIAN TEHSIL,tehsil,047,KHANEWAL DISTRICT,151,JAHANIAN TEHSIL,PK61501,9618217B47428091720855,mouza
DDS-PB-0370,PUNJAB,KHANEWAL DISTRICT,KABIRWALA TEHSIL,tehsil,047,KHANEWAL DISTRICT,152,KABIRWALA TEHSIL,PK61502,9618217B44181858694402,mouza
DDS-PB-0371,PUNJAB,KHANEWAL DISTRICT,KHANEWAL TEHSIL,tehsil,047,KHANEWAL DISTRICT,153,KHANEWAL TEHSIL,PK61503,9618217B13227622316788,mouza
DDS-PB-0372,PUNJAB,KHANEWAL DISTRICT,MIAN CHANNU TEHSIL,tehsil,047,KHANEWAL DISTRICT,154,MIAN CHANNU TEHSIL,PK61504,9618217B9822491870028,mouza
DDS-PB-0373,PUNJAB,KHUSHAB DISTRICT,KHUSHAB TEHSIL,tehsil,059,KHUSHAB DISTRICT,198,KHUSHAB TEHSIL,PK61601,9618217B34004324628587,mouza
DDS-PB-0374,PUNJAB,KHUSHAB DISTRICT,NOOR PUR TEHSIL,tehsil,059,KHUSHAB DISTRICT,199,NOOR PUR TEHSIL,PK61603,9618217B85617072134869,mouza
DDS-PB-0375,PUNJAB,KHUSHAB DISTRICT,NOWSHERA TEHSIL,tehsil,059,KHUSHAB DISTRICT,597,NOWSHERA TEHSIL,,9618217B85617072134869,mouza
DDS-PB-0376,PUNJAB,KHUSHAB DISTRICT,QUAIDABAD TEHSIL,tehsil,059,KHUSHAB DISTRICT,200,QUAIDABAD TEHSIL,PK61604,9618217B29615375410228,mouza
DDS-PB-0377,PUNJAB,LAHORE DISTRICT,LAHORE CANTT TEHSIL,tehsil,044,LAHORE DISTRICT,141,LAHORE CANTT TEHSIL,PK61701,9618217B49075471599752,mouza
DDS-PB-0378,PUNJAB,LAHORE DISTRICT,LAHORE CITY TEHSIL,tehsil,044,LAHORE DISTRICT,142,LAHORE CITY TEHSIL,PK61702,9618217B65699035418342,mouza
DDS-PB-0379,PUNJAB,LAHORE DISTRICT,MODEL TOWN TEHSIL,tehsil,044,LAHORE DISTRICT,547,MODEL TOWN TEHSIL,,9618217B65699035418342,mouza
DDS-PB-0380,PUNJAB,LAHORE DISTRICT,RAIWIND TEHSIL,tehsil,044,LAHORE DISTRICT,548,RAIWIND TEHSIL,,9618217B65699035418342,mouza
DDS-PB-0381,PUNJAB,LAHORE DISTRICT,SHALIMAR TEHSIL,tehsil,044,LAHORE DISTRICT,549,SHALIMAR TEHSIL,,9618217B65699035418342,mouza
DDS-PB-0382,PUNJAB,LAYYAH DISTRICT,CHOUBARA TEHSIL,tehsil,030,LAYYAH DISTRICT,088,CHOUBARA TEHSIL,,9618217B97282778757668,mouza
DDS-PB-0383,PUNJAB,LAYYAH DISTRICT,KAROR LAL ESAN TEHSIL,tehsil,030,LAYYAH DISTRICT,089,KAROR LAL ESAN TEHSIL,,9618217B25737601938543,mouza
DDS-PB-0384,PUNJAB,LAYYAH DISTRICT,LAYYAH TEHSIL,tehsil,030,LAYYAH DISTRICT,090,LAYYAH TEHSIL,,9618217B94010131906460,mouza
DDS-PB-0385,PUNJAB,LODHRAN DISTRICT,DUNYAPUR TEHSIL,tehsil,048,LODHRAN DISTRICT,155,DUNYAPUR TEHSIL,PK61901,9618217B46434483477845,mouza
DDS-PB-0386,PUNJAB,LODHRAN DISTRICT,KAHROR PACCA TEHSIL,tehsil,048,LODHRAN DISTRICT,156,KAHROR PACCA TEHSIL,PK61902,9618217B76392119464219,mouza
DDS-PB-0387,PUNJAB,LODHRAN DISTRICT,LODHRAN TEHSIL,tehsil,048,LODHRAN DISTRICT,157,LODHRAN TEHSIL,PK61903,9618217B75337823866281,mouza
DDS-PB-0388,PUNJAB,MANDI BAHAUDDIN DISTRICT,MALAKWAL TEHSIL,tehsil,040,MANDI BAHAUDDIN DISTRICT,127,MALAKWAL TEHSIL,PK62001,9618217B9300245059383,mouza
DDS-PB-0389,PUNJAB,MANDI BAHAUDDIN DISTRICT,MANDI BAHAUDDIN TEHSIL,tehsil,040,MANDI BAHAUDDIN DISTRICT,128,MANDI BAHAUDDIN TEHSIL,PK62002,9618217B95869385333709,mouza
DDS-PB-0390,PUNJAB,MANDI BAHAUDDIN DISTRICT,PHALIA TEHSIL,tehsil,040,MANDI BAHAUDDIN DISTRICT,129,PHALIA TEHSIL,PK62003,9618217B39885459266624,mouza
DDS-PB-0391,PUNJAB,MIANWALI DISTRICT,ISAKHEL TEHSIL,tehsil,060,MIANWALI DISTRICT,201,ISAKHEL TEHSIL,PK62101,9618217B2809625814941,mouza
DDS-PB-0392,PUNJAB,MIANWALI DISTRICT,MIANWALI TEHSIL,tehsil,060,MIANWALI DISTRICT,202,MIANWALI TEHSIL,PK62102,9618217B65266278076043,boundary
DDS-PB-0393,PUNJAB,MIANWALI DISTRICT,PIPLAN TEHSIL,tehsil,060,MIANWALI DISTRICT,203,PIPLAN TEHSIL,PK62103,9618217B68184335330032,mouza
DDS-PB-0394,PUNJAB,MULTAN DISTRICT,JALALPUR PIRWALA TEHSIL,tehsil,049,MULTAN DISTRICT,158,JALALPUR PIRWALA TEHSIL,PK62201,9618217B31922989657242,mouza
DDS-PB-0395,PUNJAB,MULTAN DISTRICT,MULTAN CITY TEHSIL,tehsil,049,MULTAN DISTRICT,159,MULTAN CITY TEHSIL,PK62202,9618217B19745651984550,mouza
DDS-PB-0396,PUNJAB,MULTAN DISTRICT,MULTAN SADDAR TEHSIL,tehsil,049,MULTAN DISTRICT,160,MULTAN SADDAR TEHSIL,PK62203,9618217B64443475206823,mouza
DDS-PB-0397,PUNJAB,MULTAN DISTRICT,SHUJABAD TEHSIL,tehsil,049,MULTAN DISTRICT,161,SHUJABAD TEHSIL,PK62204,9618217B57733979700194,mouza
DDS-PB-0398,PUNJAB,MUZAFFARGARH DISTRICT,ALIPUR TEHSIL,tehsil,031,MUZAFFARGARH DISTRICT,091,ALIPUR TEHSIL,PK62301,9618217B236770974659,mouza
DDS-PB-0399,PUNJAB,MUZAFFARGARH DISTRICT,CHOWK SARWAR SHAHEED TEHSIL,tehsil,031,MUZAFFARGARH DISTRICT,672,CHOWK SARWAR SHAHEED TEHSIL,,,withheld
DDS-PB-0400,PUNJAB,MUZAFFARGARH DISTRICT,JATOI TEHSIL,tehsil,031,MUZAFFARGARH DISTRICT,092,JATOI TEHSIL,PK62302,9618217B43446493864836,mouza
DDS-PB-0401,PUNJAB,MUZAFFARGARH DISTRICT,KOT ADDU TEHSIL,tehsil,031,MUZAFFARGARH DISTRICT,093,KOT ADDU TEHSIL,PK62303,9618217B46714791587847,mouza
DDS-PB-0402,PUNJAB,MUZAFFARGARH DISTRICT,MUZAFFARGARH TEHSIL,tehsil,031,MUZAFFARGARH DISTRICT,094,MUZAFFARGARH TEHSIL,PK62304,9618217B91139491095405,mouza
DDS-PB-0403,PUNJAB,NANKANA SAHIB DISTRICT,NANKANA SAHIB TEHSIL,tehsil,045,NANKANA SAHIB DISTRICT,143,NANKANA SAHIB TEHSIL,PK62401,9618217B3385172362302,mouza
DDS-PB-0404,PUNJAB,NANKANA SAHIB DISTRICT,SANGLA HILL TEHSIL,tehsil,045,NANKANA SAHIB DISTRICT,144,SANGLA HILL TEHSIL,PK62402,9618217B78084704916934,mouza
DDS-PB-0405,PUNJAB,NANKANA SAHIB DISTRICT,SHAH KOT TEHSIL,tehsil,045,NANKANA SAHIB DISTRICT,145,SHAH KOT TEHSIL,PK62403,9618217B41899806031215,mouza
DDS-PB-0406,PUNJAB,NAROWAL DISTRICT,NAROWAL TEHSIL,tehsil,041,NAROWAL DISTRICT,130,NAROWAL TEHSIL,PK62501,9618217B85928513118667,mouza
DDS-PB-0407,PUNJAB,NAROWAL DISTRICT,SHAKARGARH TEHSIL,tehsil,041,NAROWAL DISTRICT,131,SHAKARGARH TEHSIL,PK62502,9618217B39920522607459,mouza
DDS-PB-0408,PUNJAB,NAROWAL DISTRICT,ZAFARWAL TEHSIL,tehsil,041,NAROWAL DISTRICT,132,ZAFARWAL TEHSIL,PK62503,9618217B81306509319870,mouza
DDS-PB-0409,PUNJAB,OKARA DISTRICT,DEPALPUR TEHSIL,tehsil,055,OKARA DISTRICT,187,DEPALPUR TEHSIL,PK62601,9618217B85402434096341,mouza
DDS-PB-0410,PUNJAB,OKARA DISTRICT,OKARA TEHSIL,tehsil,055,OKARA DISTRICT,188,OKARA TEHSIL,PK62602,9618217B98814917393050,mouza
DDS-PB-0411,PUNJAB,OKARA DISTRICT,RENALA KHURD TEHSIL,tehsil,055,OKARA DISTRICT,189,RENALA KHURD TEHSIL,PK62603,9618217B92677290558981,mouza
DDS-PB-0412,PUNJAB,PAKPATTAN DISTRICT,ARIF WALA TEHSIL,tehsil,056,PAKPATTAN DISTRICT,190,ARIF WALA TEHSIL,PK62701,9618217B11984200016747,mouza
DDS-PB-0413,PUNJAB,PAKPATTAN DISTRICT,PAKPATTAN TEHSIL,tehsil,056,PAKPATTAN DISTRICT,191,PAKPATTAN TEHSIL,PK62702,9618217B61411084403748,mouza
DDS-PB-0414,PUNJAB,RAHIM YAR KHAN DISTRICT,KHANPUR TEHSIL,tehsil,028,RAHIM YAR KHAN DISTRICT,080,KHANPUR TEHSIL,PK62801,9618217B15784467436654,mouza
DDS-PB-0415,PUNJAB,RAHIM YAR KHAN DISTRICT,LIAQUAT PUR TEHSIL,tehsil,028,RAHIM YAR KHAN DISTRICT,081,LIAQUAT PUR TEHSIL,PK62802,9618217B37482241380967,mouza
DDS-PB-0416,PUNJAB,RAHIM YAR KHAN DISTRICT,RAHIM YAR KHAN TEHSIL,tehsil,028,RAHIM YAR KHAN DISTRICT,082,RAHIM YAR KHAN TEHSIL,PK62803,9618217B89186195387307,mouza
DDS-PB-0417,PUNJAB,RAHIM YAR KHAN DISTRICT,SADIQABAD TEHSIL,tehsil,028,RAHIM YAR KHAN DISTRICT,083,SADIQABAD TEHSIL,PK62804,9618217B8498662451827,mouza
DDS-PB-0418,PUNJAB,RAJANPUR DISTRICT,DE-EXCLUDED AREA RAJANPUR,other,032,RAJANPUR DISTRICT,095,DE-EXCLUDED AREA RAJANPUR TEHSIL,PK62902,9618217B9124043146420,mouza
DDS-PB-0419,PUNJAB,RAJANPUR DISTRICT,JAMPUR TEHSIL,tehsil,032,RAJANPUR DISTRICT,096,JAMPUR TEHSIL,PK62901,9618217B75708704472060,mouza
DDS-PB-0420,PUNJAB,RAJANPUR DISTRICT,RAJANPUR TEHSIL,tehsil,032,RAJANPUR DISTRICT,097,RAJANPUR TEHSIL,PK62902,9618217B9124043146420,mouza
DDS-PB-0421,PUNJAB,RAJANPUR DISTRICT,ROJHAN TEHSIL,tehsil,032,RAJANPUR DISTRICT,098,ROJHAN TEHSIL,PK62904,9618217B59000817640305,mouza
DDS-PB-0422,PUNJAB,RAWALPINDI DISTRICT,GUJAR KHAN TEHSIL,tehsil,054,RAWALPINDI DISTRICT,180,GUJAR KHAN TEHSIL,PK63001,9618217B58788233354660,mouza
DDS-PB-0423,PUNJAB,RAWALPINDI DISTRICT,KAHUTA TEHSIL,tehsil,054,RAWALPINDI DISTRICT,181,KAHUTA TEHSIL,PK63002,9618217B27271024996955,mouza
DDS-PB-0424,PUNJAB,RAWALPINDI DISTRICT,KALLAR SAYADDAN TEHSIL,tehsil,054,RAWALPINDI DISTRICT,182,KALLAR SAYADDAN TEHSIL,PK63003,9618217B54589023039311,mouza
DDS-PB-0425,PUNJAB,RAWALPINDI DISTRICT,KOTLI SATTIAN TEHSIL,tehsil,054,RAWALPINDI DISTRICT,183,KOTLI SATTIAN TEHSIL,PK63004,9618217B3680329268285,mouza
DDS-PB-0426,PUNJAB,RAWALPINDI DISTRICT,MURREE TEHSIL,tehsil,054,RAWALPINDI DISTRICT,184,MURREE TEHSIL,PK63005,9618217B83104421984489,mouza
DDS-PB-0427,PUNJAB,RAWALPINDI DISTRICT,RAWALPINDI TEHSIL,tehsil,054,RAWALPINDI DISTRICT,185,RAWALPINDI TEHSIL,PK63006,9618217B34841225665801,mouza
DDS-PB-0428,PUNJAB,RAWALPINDI DISTRICT,TAXILA TEHSIL,tehsil,054,RAWALPINDI DISTRICT,186,TAXILA TEHSIL,PK63007,9618217B28592687647846,mouza
DDS-PB-0429,PUNJAB,SAHIWAL DISTRICT,CHICHAWATNI TEHSIL,tehsil,057,SAHIWAL DISTRICT,192,CHICHAWATNI TEHSIL,PK63101,9618217B28010935462292,mouza
DDS-PB-0430,PUNJAB,SAHIWAL DISTRICT,SAHIWAL TEHSIL,tehsil,057,SAHIWAL DISTRICT,193,SAHIWAL TEHSIL,PK63102,9618217B88637585074135,mouza
DDS-PB-0431,PUNJAB,SARGODHA DISTRICT,BHALWAL TEHSIL,tehsil,061,SARGODHA DISTRICT,204,BHALWAL TEHSIL,PK63201,9618217B60331399748679,mouza
DDS-PB-0432,PUNJAB,SARGODHA DISTRICT,BHERA TEHSIL,tehsil,061,SARGODHA DISTRICT,205,BHERA TEHSIL,PK63207,9618217B60331399748679,mouza
DDS-PB-0433,PUNJAB,SARGODHA DISTRICT,KOT MOMIN TEHSIL,tehsil,061,SARGODHA DISTRICT,206,KOT MOMIN TEHSIL,PK63202,9618217B54913600718425,mouza
DDS-PB-0434,PUNJAB,SARGODHA DISTRICT,SAHIWAL TEHSIL,tehsil,061,SARGODHA DISTRICT,207,SAHIWAL TEHSIL,PK63203,9618217B88637585074135,mouza
DDS-PB-0435,PUNJAB,SARGODHA DISTRICT,SARGODHA TEHSIL,tehsil,061,SARGODHA DISTRICT,208,SARGODHA TEHSIL,PK63204,9618217B25240134101987,mouza
DDS-PB-0436,PUNJAB,SARGODHA DISTRICT,SHAHPUR TEHSIL,tehsil,061,SARGODHA DISTRICT,209,SHAHPUR TEHSIL,PK63205,9618217B47532492281594,mouza
DDS-PB-0437,PUNJAB,SARGODHA DISTRICT,SILLANWALI TEHSIL,tehsil,061,SARGODHA DISTRICT,210,SILLANWALI TEHSIL,PK63206,9618217B39999757497454,mouza
DDS-PB-0438,PUNJAB,SHEIKHUPURA DISTRICT,FEROZEWALA TEHSIL,tehsil,046,SHEIKHUPURA DISTRICT,146,FEROZEWALA TEHSIL,PK63301,9618217B78613038993344,mouza
DDS-PB-0439,PUNJAB,SHEIKHUPURA DISTRICT,MURIDKE TEHSIL,tehsil,046,SHEIKHUPURA DISTRICT,147,MURIDKE TEHSIL,PK63302,9618217B25351305355541,mouza
DDS-PB-0440,PUNJAB,SHEIKHUPURA DISTRICT,SAFDARABAD TEHSIL,tehsil,046,SHEIKHUPURA DISTRICT,148,SAFDARABAD TEHSIL,PK63303,9618217B66038883173745,mouza
DDS-PB-0441,PUNJAB,SHEIKHUPURA DISTRICT,SHARAK PUR TEHSIL,tehsil,046,SHEIKHUPURA DISTRICT,149,SHARAK PUR TEHSIL,PK63304,9618217B71742610929001,mouza
DDS-PB-0442,PUNJAB,SHEIKHUPURA DISTRICT,SHEIKHUPURA TEHSIL,tehsil,046,SHEIKHUPURA DISTRICT,150,SHEIKHUPURA TEHSIL,PK63305,9618217B80377872224855,boundary
DDS-PB-0443,PUNJAB,SIALKOT DISTRICT,DASKA TEHSIL,tehsil,042,SIALKOT DISTRICT,133,DASKA TEHSIL,PK63401,9618217B49647722436552,mouza
DDS-PB-0444,PUNJAB,SIALKOT DISTRICT,PASRUR TEHSIL,tehsil,042,SIALKOT DISTRICT,134,PASRUR TEHSIL,PK63402,9618217B59820493505708,boundary
DDS-PB-0445,PUNJAB,SIALKOT DISTRICT,SAMBRIAL TEHSIL,tehsil,042,SIALKOT DISTRICT,135,SAMBRIAL TEHSIL,PK63403,9618217B70438886719057,mouza
DDS-PB-0446,PUNJAB,SIALKOT DISTRICT,SIALKOT TEHSIL,tehsil,042,SIALKOT DISTRICT,136,SIALKOT TEHSIL,PK63404,9618217B70755531760277,mouza
DDS-PB-0447,PUNJAB,TOBA TEK SINGH DISTRICT,GOJRA TEHSIL,tehsil,036,TOBA TEK SINGH DISTRICT,112,GOJRA TEHSIL,PK63501,9618217B50459917366598,mouza
DDS-PB-0448,PUNJAB,TOBA TEK SINGH DISTRICT,KAMALIA TEHSIL,tehsil,036,TOBA TEK SINGH DISTRICT,113,KAMALIA TEHSIL,PK63502,9618217B66803850841385,mouza
DDS-PB-0449,PUNJAB,TOBA TEK SINGH DISTRICT,PIRMAHAL TEHSIL,tehsil,036,TOBA TEK SINGH DISTRICT,115,PIRMAHAL TEHSIL,PK63504,9618217B66803850841385,mouza
DDS-PB-0450,PUNJAB,TOBA TEK SINGH DISTRICT,TOBA TEK SINGH TEHSIL,tehsil,036,TOBA TEK SINGH DISTRICT,116,TOBA TEK SINGH TEHSIL,PK63503,9618217B75645786673360,mouza
DDS-PB-0451,PUNJAB,VEHARI DISTRICT,BUREWALA TEHSIL,tehsil,050,VEHARI DISTRICT,162,BUREWALA TEHSIL,PK63601,9618217B87041756430963,mouza
DDS-PB-0452,PUNJAB,VEHARI DISTRICT,MAILSI TEHSIL,tehsil,050,VEHARI DISTRICT,163,MAILSI TEHSIL,PK63602,9618217B95257720392722,mouza
DDS-PB-0453,PUNJAB,VEHARI DISTRICT,VEHARI TEHSIL,tehsil,050,VEHARI DISTRICT,164,VEHARI TEHSIL,PK63603,9618217B94265180885968,mouza
DDS-SD-0454,SINDH,BADIN DISTRICT,BADIN TALUKA,tehsil,062,BADIN DISTRICT,211,BADIN TALUKA,PK70101,9618217B42438762041425,mouza
DDS-SD-0455,SINDH,BADIN DISTRICT,GOLARCHI (S.F.RAHU) TALUKA,tehsil,062,BADIN DISTRICT,212,GOLARCHI (S.F.RAHU) TALUKA,,9618217B25857994222098,mouza
DDS-SD-0456,SINDH,BADIN DISTRICT,MATLI TALUKA,tehsil,062,BADIN DISTRICT,213,MATLI TALUKA,PK70102,9618217B51119306822374,mouza
DDS-SD-0457,SINDH,BADIN DISTRICT,TALHAR TALUKA,tehsil,062,BADIN DISTRICT,214,TALHAR TALUKA,PK70104,9618217B40875149607138,mouza
DDS-SD-0458,SINDH,BADIN DISTRICT,TANDO BAGO TALUKA,tehsil,062,BADIN DISTRICT,215,TANDO BAGO TALUKA,PK70105,9618217B60721372567355,mouza
DDS-SD-0459,SINDH,DADU DISTRICT,DADU TALUKA,tehsil,063,DADU DISTRICT,216,DADU TALUKA,PK70301,9618217B7115873754530,mouza
DDS-SD-0460,SINDH,DADU DISTRICT,JOHI TALUKA,tehsil,063,DADU DISTRICT,217,JOHI TALUKA,PK70302,9618217B70790113171892,mouza
DDS-SD-0461,SINDH,DADU DISTRICT,KHAIRPUR NATHAN SHAH TALUKA,tehsil,063,DADU DISTRICT,218,KHAIRPUR NATHAN SHAH TALUKA,PK70303,9618217B45890743743061,mouza
DDS-SD-0462,SINDH,DADU DISTRICT,MEHAR TALUKA,tehsil,063,DADU DISTRICT,219,MEHAR TALUKA,PK70304,9618217B39967878013350,mouza
DDS-SD-0463,SINDH,GHOTKI DISTRICT,DAHARKI TALUKA,tehsil,080,GHOTKI DISTRICT,287,DAHARKI TALUKA,PK70501,9618217B21460846200179,mouza
DDS-SD-0464,SINDH,GHOTKI DISTRICT,GHOTKI TALUKA,tehsil,080,GHOTKI DISTRICT,288,GHOTKI TALUKA,PK70502,9618217B1460109099825,mouza
DDS-SD-0465,SINDH,GHOTKI DISTRICT,KHANGARH TALUKA,tehsil,080,GHOTKI DISTRICT,289,KHANGARH TALUKA,PK70503,9618217B63149022343759,mouza
DDS-SD-0466,SINDH,GHOTKI DISTRICT,MIRPUR MATHELO TALUKA,tehsil,080,GHOTKI DISTRICT,290,MIRPUR MATHELO TALUKA,PK70504,9618217B36535563293418,mouza
DDS-SD-0467,SINDH,GHOTKI DISTRICT,UBAURO TALUKA,tehsil,080,GHOTKI DISTRICT,291,UBAURO TALUKA,PK70505,9618217B13430994189110,mouza
DDS-SD-0468,SINDH,HYDERABAD DISTRICT,HYDERABAD CITY TALUKA,tehsil,064,HYDERABAD DISTRICT,220,HYDERABAD CITY TALUKA,PK70602,9618217B53021961386210,mouza
DDS-SD-0469,SINDH,HYDERABAD DISTRICT,HYDERABAD TALUKA,tehsil,064,HYDERABAD DISTRICT,221,HYDERABAD TALUKA,PK70601,9618217B53021961386210,mouza
DDS-SD-0470,SINDH,HYDERABAD DISTRICT,LATIFABAD TALUKA,tehsil,064,HYDERABAD DISTRICT,222,LATIFABAD TALUKA,PK70603,9618217B85288636963898,mouza
DDS-SD-0471,SINDH,HYDERABAD DISTRICT,QASIMABAD TALUKA,tehsil,064,HYDERABAD DISTRICT,223,QASIMABAD TALUKA,PK70604,9618217B89933783783343,mouza
DDS-SD-0472,SINDH,JACOBABAD DISTRICT,GARHI KHAIRO TALUKA,tehsil,071,JACOBABAD DISTRICT,246,GARHI KHAIRO TALUKA,PK70701,9618217B19185229055328,mouza
DDS-SD-0473,SINDH,JACOBABAD DISTRICT,JACOBABAD TALUKA,tehsil,071,JACOBABAD DISTRICT,247,JACOBABAD TALUKA,PK70702,9618217B94384438441971,mouza
DDS-SD-0474,SINDH,JACOBABAD DISTRICT,THUL TALUKA,tehsil,071,JACOBABAD DISTRICT,248,THUL TALUKA,PK70703,9618217B45730721811496,mouza
DDS-SD-0475,SINDH,JAMSHORO DISTRICT,KOTRI TALUKA,tehsil,065,JAMSHORO DISTRICT,224,KOTRI TALUKA,PK70801,9618217B87538747541891,mouza
DDS-SD-0476,SINDH,JAMSHORO DISTRICT,MANJHAND TALUKA,tehsil,065,JAMSHORO DISTRICT,225,MANJHAND TALUKA,PK70802,9618217B57194515605983,mouza
DDS-SD-0477,SINDH,JAMSHORO DISTRICT,SEHWAN TALUKA,tehsil,065,JAMSHORO DISTRICT,226,SEHWAN TALUKA,,9618217B91266058223820,mouza
DDS-SD-0478,SINDH,JAMSHORO DISTRICT,THANO BULA KHAN TALUKA,tehsil,065,JAMSHORO DISTRICT,227,THANO BULA KHAN TALUKA,PK70804,9618217B45415360281153,mouza
DDS-SD-0479,SINDH,KAMBAR SHAHDAD KOT DISTRICT,KAMBAR ALI KHAN TALUKA,tehsil,074,KAMBAR SHAHDAD KOT DISTRICT,256,KAMBAR ALI KHAN TALUKA,PK70903,9618217B51536377015215,mouza
DDS-SD-0480,SINDH,KAMBAR SHAHDAD KOT DISTRICT,MIRO KHAN TALUKA,tehsil,074,KAMBAR SHAHDAD KOT DISTRICT,257,MIRO KHAN TALUKA,,9618217B27710866346662,mouza
DDS-SD-0481,SINDH,KAMBAR SHAHDAD KOT DISTRICT,NASIRABAD TALUKA,tehsil,074,KAMBAR SHAHDAD KOT DISTRICT,258,NASIRABAD TALUKA,PK70902,9618217B23821866860121,mouza
DDS-SD-0482,SINDH,KAMBAR SHAHDAD KOT DISTRICT,QUBO SAEED KHAN TALUKA,tehsil,074,KAMBAR SHAHDAD KOT DISTRICT,259,QUBO SAEED KHAN TALUKA,PK70904,9618217B39832154978161,mouza
DDS-SD-0483,SINDH,KAMBAR SHAHDAD KOT DISTRICT,SHAHDAD KOT TALUKA,tehsil,074,KAMBAR SHAHDAD KOT DISTRICT,260,SHAHDAD KOT TALUKA,PK70905,9618217B53525514114395,mouza
DDS-SD-0484,SINDH,KAMBAR SHAHDAD KOT DISTRICT,SUJAWAL JUNEJO TALUKA,tehsil,074,KAMBAR SHAHDAD KOT DISTRICT,261,SUJAWAL JUNEJO TALUKA,PK70906,9618217B35051011521012,mouza
DDS-SD-0485,SINDH,KAMBAR SHAHDAD KOT DISTRICT,WARAH TALUKA,tehsil,074,KAMBAR SHAHDAD KOT DISTRICT,262,WARAH TALUKA,PK70907,9618217B29537584943692,mouza
DDS-SD-0486,SINDH,KARACHI CENTRAL DISTRICT,GULBERG SUB-DIVISION,sub_division,149,KARACHI CENTRAL DISTRICT,565,GULBERG SUB-DIVISION,PK70201,9618217B49298824887871,manual
DDS-SD-0487,SINDH,KARACHI CENTRAL DISTRICT,LIAQUATABAD SUB-DIVISION,sub_division,149,KARACHI CENTRAL DISTRICT,577,LIAQUATABAD SUB-DIVISION,PK70202,9618217B32835633358061,manual
DDS-SD-0488,SINDH,KARACHI CENTRAL DISTRICT,NAZIMABAD SUB-DIVISION,sub_division,149,KARACHI CENTRAL DISTRICT,587,NAZIMABAD SUB-DIVISION,,,withheld
DDS-SD-0489,SINDH,KARACHI CENTRAL DISTRICT,NEW KARACHI SUB-DIVISION,sub_division,149,KARACHI CENTRAL DISTRICT,588,NEW KARACHI SUB-DIVISION,PK70203,9618217B94506415006873,manual
DDS-SD-0490,SINDH,KARACHI CENTRAL DISTRICT,NORTH NAZIMABAD SUB-DIVISION,sub_division,149,KARACHI CENTRAL DISTRICT,589,NORTH NAZIMABAD SUB-DIVISION,PK70204,9618217B68715976569755,manual
DDS-SD-0491,SINDH,KARACHI EAST DISTRICT,FEROZABAD SUB-DIVISION,sub_division,146,KARACHI EAST DISTRICT,562,FEROZABAD SUB-DIVISION,,,withheld
DDS-SD-0492,SINDH,KARACHI EAST DISTRICT,GULSHAN-E-IQBAL SUB-DIVISION,sub_division,146,KARACHI EAST DISTRICT,566,GULSHAN-E-IQBAL SUB-DIVISION,PK70401,9618217B80151254256120,manual
DDS-SD-0493,SINDH,KARACHI EAST DISTRICT,GULZAR-E-HIJRI SUB-DIVISION,sub_division,146,KARACHI EAST DISTRICT,567,GULZAR-E-HIJRI SUB-DIVISION,,,withheld
DDS-SD-0494,SINDH,KARACHI EAST DISTRICT,JAMSHED QUARTERS SUB-DIVISION,sub_division,146,KARACHI EAST DISTRICT,572,JAMSHED QUARTERS SUB-DIVISION,PK70402,9618217B68188288692229,manual
DDS-SD-0495,SINDH,KARACHI SOUTH DISTRICT,ARAM BAGH SUB-DIVISION,sub_division,150,KARACHI SOUTH DISTRICT,555,ARAM BAGH SUB-DIVISION,,,withheld
DDS-SD-0496,SINDH,KARACHI SOUTH DISTRICT,CIVIL LINES SUB-DIVISION,sub_division,150,KARACHI SOUTH DISTRICT,559,CIVIL LINES SUB-DIVISION,,,withheld
DDS-SD-0497,SINDH,KARACHI SOUTH DISTRICT,GARDEN SUB-DIVISION,sub_division,150,KARACHI SOUTH DISTRICT,564,GARDEN SUB-DIVISION,,,withheld
DDS-SD-0498,SINDH,KARACHI SOUTH DISTRICT,LYARI SUB-DIVISION,sub_division,150,KARACHI SOUTH DISTRICT,578,LYARI SUB-DIVISION,PK72102,9618217B81972657940854,manual
DDS-SD-0499,SINDH,KARACHI SOUTH DISTRICT,SADDAR SUB-DIVISION,sub_division,150,KARACHI SOUTH DISTRICT,591,SADDAR SUB-DIVISION,PK72103,9618217B49959130600238,manual
DDS-SD-0500,SINDH,KARACHI WEST DISTRICT,MANGHOPIR SUB-DIVISION,sub_division,147,KARACHI WEST DISTRICT,580,MANGHOPIR SUB-DIVISION,,9618217B74562422953001,mouza
DDS-SD-0501,SINDH,KARACHI WEST DISTRICT,MOMINABAD SUB-DIVISION,sub_division,147,KARACHI WEST DISTRICT,584,MOMINABAD SUB-DIVISION,,,withheld
DDS-SD-0502,SINDH,KARACHI WEST DISTRICT,ORANGI SUB-DIVISION,sub_division,147,KARACHI WEST DISTRICT,590,ORANGI SUB-DIVISION,PK72902,9618217B18146394864332,manual
DDS-SD-0503,SINDH,KASHMORE DISTRICT,KANDHKOT TALUKA,tehsil,072,KASHMORE DISTRICT,249,KANDHKOT TALUKA,PK71001,9618217B15678878518625,mouza
DDS-SD-0504,SINDH,KASHMORE DISTRICT,KASHMORE TALUKA,tehsil,072,KASHMORE DISTRICT,250,KASHMORE TALUKA,PK71002,9618217B20201553846238,boundary
DDS-SD-0505,SINDH,KASHMORE DISTRICT,TANGWANI TALUKA,tehsil,072,KASHMORE DISTRICT,251,TANGWANI TALUKA,PK71003,9618217B6098151019348,mouza
DDS-SD-0506,SINDH,KEAMARI DISTRICT,BALDIA SUB-DIVISION,sub_division,166,KEAMARI DISTRICT,556,BALDIA SUB-DIVISION,PK72901,9618217B71654380557394,manual
DDS-SD-0507,SINDH,KEAMARI DISTRICT,KEAMARI SUB-DIVISION,sub_division,166,KEAMARI DISTRICT,568,KEAMARI SUB-DIVISION,PK72101,9618217B80577698749666,manual
DDS-SD-0508,SINDH,KEAMARI DISTRICT,MAURIPUR SUB-DIVISION,sub_division,166,KEAMARI DISTRICT,582,MAURIPUR SUB-DIVISION,,9618217B71654380557394,mouza
DDS-SD-0509,SINDH,KEAMARI DISTRICT,SITE SUB-DIVISION,sub_division,166,KEAMARI DISTRICT,594,SITE SUB-DIVISION,PK72903,9618217B27836216786447,manual
DDS-SD-0510,SINDH,KHAIRPUR DISTRICT,FAIZ GANJ TALUKA,tehsil,081,KHAIRPUR DISTRICT,292,FAIZ GANJ TALUKA,PK71101,9618217B41613201463126,mouza
DDS-SD-0511,SINDH,KHAIRPUR DISTRICT,GAMBAT TALUKA,tehsil,081,KHAIRPUR DISTRICT,293,GAMBAT TALUKA,PK71102,9618217B55753153064418,mouza
DDS-SD-0512,SINDH,KHAIRPUR DISTRICT,KHAIRPUR TALUKA,tehsil,081,KHAIRPUR DISTRICT,294,KHAIRPUR TALUKA,PK71103,9618217B61566753463089,mouza
DDS-SD-0513,SINDH,KHAIRPUR DISTRICT,KINGRI TALUKA,tehsil,081,KHAIRPUR DISTRICT,295,KINGRI TALUKA,PK71104,9618217B63818850525327,mouza
DDS-SD-0514,SINDH,KHAIRPUR DISTRICT,KOT DIJI TALUKA,tehsil,081,KHAIRPUR DISTRICT,296,KOT DIJI TALUKA,PK71105,9618217B94972393484147,mouza
DDS-SD-0515,SINDH,KHAIRPUR DISTRICT,MIRWAH TALUKA,tehsil,081,KHAIRPUR DISTRICT,297,MIRWAH TALUKA,,9618217B14625320962806,mouza
DDS-SD-0516,SINDH,KHAIRPUR DISTRICT,NARA TALUKA,tehsil,081,KHAIRPUR DISTRICT,298,NARA TALUKA,PK71106,9618217B45979968015680,mouza
DDS-SD-0517,SINDH,KHAIRPUR DISTRICT,SOBHO DERO TALUKA,tehsil,081,KHAIRPUR DISTRICT,299,SOBHO DERO TALUKA,PK71107,9618217B20409854578986,mouza
DDS-SD-0518,SINDH,KORANGI DISTRICT,KORANGI SUB-DIVISION,sub_division,154,KORANGI DISTRICT,574,KORANGI SUB-DIVISION,PK71201,9618217B4743832450258,manual
DDS-SD-0519,SINDH,KORANGI DISTRICT,LANDHI SUB-DIVISION,sub_division,154,KORANGI DISTRICT,576,LANDHI SUB-DIVISION,PK71202,9618217B32801209797118,manual
DDS-SD-0520,SINDH,KORANGI DISTRICT,MODEL COLONY SUB-DIVISION,sub_division,154,KORANGI DISTRICT,583,MODEL COLONY SUB-DIVISION,,,withheld
DDS-SD-0521,SINDH,KORANGI DISTRICT,SHAH FAISAL SUB-DIVISION,sub_division,154,KORANGI DISTRICT,592,SHAH FAISAL SUB-DIVISION,PK71203,9618217B23633640265691,manual
DDS-SD-0522,SINDH,LARKANA DISTRICT,BAKRANI TALUKA,tehsil,073,LARKANA DISTRICT,252,BAKRANI TALUKA,PK71301,9618217B93929930107410,mouza
DDS-SD-0523,SINDH,LARKANA DISTRICT,DOKRI TALUKA,tehsil,073,LARKANA DISTRICT,253,DOKRI TALUKA,PK71302,9618217B45151576893474,mouza
DDS-SD-0524,SINDH,LARKANA DISTRICT,LARKANA TALUKA,tehsil,073,LARKANA DISTRICT,254,LARKANA TALUKA,PK71303,9618217B49297858238659,mouza
DDS-SD-0525,SINDH,LARKANA DISTRICT,RATODERO TALUKA,tehsil,073,LARKANA DISTRICT,255,RATODERO TALUKA,PK71304,9618217B19893044532303,mouza
DDS-SD-0526,SINDH,MALIR DISTRICT,AIRPORT SUB-DIVISION,sub_division,148,MALIR DISTRICT,554,AIRPORT SUB-DIVISION,,,withheld
DDS-SD-0527,SINDH,MALIR DISTRICT,BIN QASIM SUB-DIVISION,sub_division,148,MALIR DISTRICT,557,BIN QASIM SUB-DIVISION,,9618217B81288119698045,mouza
DDS-SD-0528,SINDH,MALIR DISTRICT,GADAP SUB-DIVISION,sub_division,148,MALIR DISTRICT,563,GADAP SUB-DIVISION,,9618217B74562422953001,mouza
DDS-SD-0529,SINDH,MALIR DISTRICT,IBRAHIM HYDRI SUB-DIVISION,sub_division,148,MALIR DISTRICT,570,IBRAHIM HYDRI SUB-DIVISION,,9618217B81288119698045,mouza
DDS-SD-0530,SINDH,MALIR DISTRICT,MURAD MEMON SUB-DIVISION,sub_division,148,MALIR DISTRICT,586,MURAD MEMON SUB-DIVISION,,9618217B74562422953001,mouza
DDS-SD-0531,SINDH,MALIR DISTRICT,SHAH MUREED SUB-DIVISION,sub_division,148,MALIR DISTRICT,593,SHAH MUREED SUB-DIVISION,,9618217B81288119698045,mouza
DDS-SD-0532,SINDH,MATIARI DISTRICT,HALA TALUKA,tehsil,066,MATIARI DISTRICT,228,HALA TALUKA,PK71501,9618217B17233619866679,mouza
DDS-SD-0533,SINDH,MATIARI DISTRICT,MATIARI TALUKA,tehsil,066,MATIARI DISTRICT,229,MATIARI TALUKA,PK71502,9618217B46709671156622,mouza
DDS-SD-0534,SINDH,MATIARI DISTRICT,SAEEDABAD TALUKA,tehsil,066,MATIARI DISTRICT,230,SAEEDABAD TALUKA,PK71503,9618217B1054056292153,mouza
DDS-SD-0535,SINDH,MIRPUR KHAS DISTRICT,DIGRI TALUKA,tehsil,076,MIRPUR KHAS DISTRICT,267,DIGRI TALUKA,PK71601,9618217B41760593982752,mouza
DDS-SD-0536,SINDH,MIRPUR KHAS DISTRICT,HUSSAIN BUX MARI TALUKA,tehsil,076,MIRPUR KHAS DISTRICT,268,HUSSAIN BUX MARI TALUKA,,9618217B93086233155793,mouza
DDS-SD-0537,SINDH,MIRPUR KHAS DISTRICT,JHUDO TALUKA,tehsil,076,MIRPUR KHAS DISTRICT,269,JHUDO TALUKA,PK71603,9618217B31440526169514,mouza
DDS-SD-0538,SINDH,MIRPUR KHAS DISTRICT,KOT GHULAM MUHAMMAD TALUKA,tehsil,076,MIRPUR KHAS DISTRICT,270,KOT GHULAM MUHAMMAD TALUKA,PK71604,9618217B35389385843798,mouza
DDS-SD-0539,SINDH,MIRPUR KHAS DISTRICT,MIRPUR KHAS TALUKA,tehsil,076,MIRPUR KHAS DISTRICT,271,MIRPUR KHAS TALUKA,PK71605,9618217B77511770733400,mouza
DDS-SD-0540,SINDH,MIRPUR KHAS DISTRICT,SHUJAABAD TALUKA,tehsil,076,MIRPUR KHAS DISTRICT,550,SHUJAABAD TALUKA,PK71606,9618217B77511770733400,mouza
DDS-SD-0541,SINDH,MIRPUR KHAS DISTRICT,SINDHRI TALUKA,tehsil,076,MIRPUR KHAS DISTRICT,272,SINDHRI TALUKA,PK71607,9618217B29212550094263,mouza
DDS-SD-0542,SINDH,NAUSHAHRO FEROZE DISTRICT,BHIRIA TALUKA,tehsil,082,NAUSHAHRO FEROZE DISTRICT,300,BHIRIA TALUKA,PK71701,9618217B62868670592132,mouza
DDS-SD-0543,SINDH,NAUSHAHRO FEROZE DISTRICT,KANDIARO TALUKA,tehsil,082,NAUSHAHRO FEROZE DISTRICT,301,KANDIARO TALUKA,PK71702,9618217B6102619181419,mouza
DDS-SD-0544,SINDH,NAUSHAHRO FEROZE DISTRICT,MEHRABPUR TALUKA,tehsil,082,NAUSHAHRO FEROZE DISTRICT,302,MEHRABPUR TALUKA,PK71703,9618217B49652450587085,mouza
DDS-SD-0545,SINDH,NAUSHAHRO FEROZE DISTRICT,MORO TALUKA,tehsil,082,NAUSHAHRO FEROZE DISTRICT,303,MORO TALUKA,PK71704,9618217B49576506361166,mouza
DDS-SD-0546,SINDH,NAUSHAHRO FEROZE DISTRICT,NAUSHAHRO FEROZE TALUKA,tehsil,082,NAUSHAHRO FEROZE DISTRICT,304,NAUSHAHRO FEROZE TALUKA,PK71705,9618217B86325725755711,mouza
DDS-SD-0547,SINDH,SANGHAR DISTRICT,JAM NAWAZ ALI TALUKA,tehsil,077,SANGHAR DISTRICT,273,JAM NAWAZ ALI TALUKA,PK71801,9618217B28490473893674,mouza
DDS-SD-0548,SINDH,SANGHAR DISTRICT,KHIPRO TALUKA,tehsil,077,SANGHAR DISTRICT,274,KHIPRO TALUKA,PK71802,9618217B44887302893578,mouza
DDS-SD-0549,SINDH,SANGHAR DISTRICT,SANGHAR TALUKA,tehsil,077,SANGHAR DISTRICT,275,SANGHAR TALUKA,PK71803,9618217B60302584409093,mouza
DDS-SD-0550,SINDH,SANGHAR DISTRICT,SHAHDADPUR TALUKA,tehsil,077,SANGHAR DISTRICT,276,SHAHDADPUR TALUKA,PK71804,9618217B55526375185371,mouza
DDS-SD-0551,SINDH,SANGHAR DISTRICT,SINJHORO TALUKA,tehsil,077,SANGHAR DISTRICT,277,SINJHORO TALUKA,PK71805,9618217B1648155290969,mouza
DDS-SD-0552,SINDH,SANGHAR DISTRICT,TANDO ADAM TALUKA,tehsil,077,SANGHAR DISTRICT,278,TANDO ADAM TALUKA,PK71806,9618217B2465642186397,mouza
DDS-SD-0553,SINDH,SHAHEED BENAZIRABAD DISTRICT,DAUR TALUKA,tehsil,083,SHAHEED BENAZIRABAD DISTRICT,305,DAUR TALUKA,PK71902,9618217B68332779082048,mouza
DDS-SD-0554,SINDH,SHAHEED BENAZIRABAD DISTRICT,KAZI AHMED TALUKA,tehsil,083,SHAHEED BENAZIRABAD DISTRICT,306,KAZI AHMED TALUKA,,9618217B90267247326285,mouza
DDS-SD-0555,SINDH,SHAHEED BENAZIRABAD DISTRICT,NAWABSHAH TALUKA,tehsil,083,SHAHEED BENAZIRABAD DISTRICT,307,NAWABSHAH TALUKA,PK71903,9618217B40348494401559,mouza
DDS-SD-0556,SINDH,SHAHEED BENAZIRABAD DISTRICT,SAKRAND TALUKA,tehsil,083,SHAHEED BENAZIRABAD DISTRICT,308,SAKRAND TALUKA,PK71904,9618217B26544840461255,mouza
DDS-SD-0557,SINDH,SHIKARPUR DISTRICT,GARHI YASIN TALUKA,tehsil,075,SHIKARPUR DISTRICT,263,GARHI YASIN TALUKA,PK72001,9618217B98376452500740,mouza
DDS-SD-0558,SINDH,SHIKARPUR DISTRICT,KHANPUR TALUKA,tehsil,075,SHIKARPUR DISTRICT,264,KHANPUR TALUKA,PK72002,9618217B94411658070571,mouza
DDS-SD-0559,SINDH,SHIKARPUR DISTRICT,LAKHI TALUKA,tehsil,075,SHIKARPUR DISTRICT,265,LAKHI TALUKA,PK72003,9618217B46900508177300,mouza
DDS-SD-0560,SINDH,SHIKARPUR DISTRICT,SHIKARPUR TALUKA,tehsil,075,SHIKARPUR DISTRICT,266,SHIKARPUR TALUKA,PK72004,9618217B27757142897460,mouza
DDS-SD-0561,SINDH,SUJAWAL DISTRICT,JATI TALUKA,tehsil,152,SUJAWAL DISTRICT,238,JATI TALUKA,PK72201,9618217B32691002366666,mouza
DDS-SD-0562,SINDH,SUJAWAL DISTRICT,KHARO CHAN TALUKA,tehsil,152,SUJAWAL DISTRICT,240,KHARO CHAN TALUKA,PK72202,9618217B62953404341439,mouza
DDS-SD-0563,SINDH,SUJAWAL DISTRICT,MIRPUR BATHORO TALUKA,tehsil,152,SUJAWAL DISTRICT,241,MIRPUR BATHORO TALUKA,PK72203,9618217B32309047499961,mouza
DDS-SD-0564,SINDH,SUJAWAL DISTRICT,SHAH BUNDER TALUKA,tehsil,152,SUJAWAL DISTRICT,243,SHAH BUNDER TALUKA,PK72204,9618217B34108592330182,mouza
DDS-SD-0565,SINDH,SUJAWAL DISTRICT,SUJAWAL TALUKA,tehsil,152,SUJAWAL DISTRICT,244,SUJAWAL TALUKA,PK72205,9618217B63801206412538,mouza
DDS-SD-0566,SINDH,SUKKUR DISTRICT,NEW SUKKUR TALUKA,tehsil,084,SUKKUR DISTRICT,309,NEW SUKKUR TALUKA,PK72301,9618217B94319031866634,mouza
DDS-SD-0567,SINDH,SUKKUR DISTRICT,PANO AQIL TALUKA,tehsil,084,SUKKUR DISTRICT,310,PANO AQIL TALUKA,PK72302,9618217B49534384212530,boundary
DDS-SD-0568,SINDH,SUKKUR DISTRICT,ROHRI TALUKA,tehsil,084,SUKKUR DISTRICT,311,ROHRI TALUKA,PK72303,9618217B29131954662033,mouza
DDS-SD-0569,SINDH,SUKKUR DISTRICT,SALEHPAT TALUKA,tehsil,084,SUKKUR DISTRICT,312,SALEHPAT TALUKA,PK72304,9618217B63859663087686,mouza
DDS-SD-0570,SINDH,SUKKUR DISTRICT,SUKKUR CITY TALUKA,tehsil,084,SUKKUR DISTRICT,313,SUKKUR CITY TALUKA,,9618217B94319031866634,mouza
DDS-SD-0571,SINDH,TANDO ALLAHYAR DISTRICT,CHAMBER TALUKA,tehsil,067,TANDO ALLAHYAR DISTRICT,231,CHAMBER TALUKA,PK72401,9618217B78978409820002,mouza
DDS-SD-0572,SINDH,TANDO ALLAHYAR DISTRICT,JHANDO MARI TALUKA,tehsil,067,TANDO ALLAHYAR DISTRICT,232,JHANDO MARI TALUKA,PK72402,9618217B49137359500551,mouza
DDS-SD-0573,SINDH,TANDO ALLAHYAR DISTRICT,TANDO ALLAHYAR TALUKA,tehsil,067,TANDO ALLAHYAR DISTRICT,233,TANDO ALLAHYAR TALUKA,PK72403,9618217B32422016451775,mouza
DDS-SD-0574,SINDH,TANDO MUHAMMAD KHAN DISTRICT,BULRI SHAH KARIM TALUKA,tehsil,068,TANDO MUHAMMAD KHAN DISTRICT,234,BULRI SHAH KARIM TALUKA,PK72501,9618217B55492999245243,mouza
DDS-SD-0575,SINDH,TANDO MUHAMMAD KHAN DISTRICT,TANDO GHULAM HYDER TALUKA,tehsil,068,TANDO MUHAMMAD KHAN DISTRICT,235,TANDO GHULAM HYDER TALUKA,PK72502,9618217B32325848684143,mouza
DDS-SD-0576,SINDH,TANDO MUHAMMAD KHAN DISTRICT,TANDO MUHAMMAD KHAN TALUKA,tehsil,068,TANDO MUHAMMAD KHAN DISTRICT,236,TANDO MUHAMMAD KHAN TALUKA,PK72503,9618217B84304552690327,mouza
DDS-SD-0577,SINDH,THARPARKAR DISTRICT,CHACHRO TALUKA,tehsil,078,THARPARKAR DISTRICT,279,CHACHRO TALUKA,PK72601,9618217B62475271488005,mouza
DDS-SD-0578,SINDH,THARPARKAR DISTRICT,DAHLI TALUKA,tehsil,078,THARPARKAR DISTRICT,552,DAHLI TALUKA,PK72602,9618217B33625885361704,mouza
DDS-SD-0579,SINDH,THARPARKAR DISTRICT,DIPLO TALUKA,tehsil,078,THARPARKAR DISTRICT,280,DIPLO TALUKA,PK72603,9618217B1653844923858,mouza
DDS-SD-0580,SINDH,THARPARKAR DISTRICT,ISLAMKOT TALUKA,tehsil,078,THARPARKAR DISTRICT,553,ISLAMKOT TALUKA,PK72604,9618217B71775069847333,mouza
DDS-SD-0581,SINDH,THARPARKAR DISTRICT,KALOI TALUKA,tehsil,078,THARPARKAR DISTRICT,601,KALOI TALUKA,PK72607,9618217B1653844923858,mouza
DDS-SD-0582,SINDH,THARPARKAR DISTRICT,MITHI TALUKA,tehsil,078,THARPARKAR DISTRICT,281,MITHI TALUKA,PK72605,9618217B71775069847333,mouza
DDS-SD-0583,SINDH,THARPARKAR DISTRICT,NAGAR PARKAR TALUKA,tehsil,078,THARPARKAR DISTRICT,282,NAGAR PARKAR TALUKA,PK72606,9618217B33625885361704,mouza
DDS-SD-0584,SINDH,THATTA DISTRICT,GHORABARI TALUKA,tehsil,069,THATTA DISTRICT,237,GHORABARI TALUKA,PK72701,9618217B59607324578491,mouza
DDS-SD-0585,SINDH,THATTA DISTRICT,KETI BUNDER TALUKA,tehsil,069,THATTA DISTRICT,239,KETI BUNDER TALUKA,PK72702,9618217B45821827970586,mouza
DDS-SD-0586,SINDH,THATTA DISTRICT,MIRPUR SAKRO TALUKA,tehsil,069,THATTA DISTRICT,242,MIRPUR SAKRO TALUKA,PK72703,9618217B56949362000104,mouza
DDS-SD-0587,SINDH,THATTA DISTRICT,THATTA TALUKA,tehsil,069,THATTA DISTRICT,245,THATTA TALUKA,PK72704,9618217B1372842276225,mouza
DDS-SD-0588,SINDH,UMER KOT DISTRICT,KUNRI TALUKA,tehsil,079,UMER KOT DISTRICT,283,KUNRI TALUKA,PK72801,9618217B8905165567728,mouza
DDS-SD-0589,SINDH,UMER KOT DISTRICT,PITHORO TALUKA,tehsil,079,UMER KOT DISTRICT,284,PITHORO TALUKA,PK72802,9618217B67314083220757,mouza
DDS-SD-0590,SINDH,UMER KOT DISTRICT,SAMARO TALUKA,tehsil,079,UMER KOT DISTRICT,285,SAMARO TALUKA,PK72803,9618217B7598168398580,mouza
DDS-SD-0591,SINDH,UMER KOT DISTRICT,UMER KOT TALUKA,tehsil,079,UMER KOT DISTRICT,286,UMER KOT TALUKA,PK72804,9618217B80289626540526,mouza
