dd_id,name,district,district_code,dk,prov,merged,dds_id,unit_type
001,BANNU TEHSIL,BANNU DISTRICT,001,bannu,Khyber Pakhtunkhwa,0,DDS-KP-0172,tehsil
002,DOMEL TEHSIL,BANNU DISTRICT,001,bannu,Khyber Pakhtunkhwa,0,DDS-KP-0173,tehsil
003,LAKKI MARWAT TEHSIL,LAKKI MARWAT DISTRICT,002,lakki marwat,Khyber Pakhtunkhwa,0,DDS-KP-0217,tehsil
004,SARAI NAURANG TEHSIL,LAKKI MARWAT DISTRICT,002,lakki marwat,Khyber Pakhtunkhwa,0,DDS-KP-0218,tehsil
005,DERA ISMAIL KHAN TEHSIL,DERA ISMAIL KHAN DISTRICT,003,dera ismail khan,Khyber Pakhtunkhwa,0,DDS-KP-0189,tehsil
006,DARABAN TEHSIL,DERA ISMAIL KHAN DISTRICT,003,dera ismail khan,Khyber Pakhtunkhwa,0,DDS-KP-0188,tehsil
007,KULACHI TEHSIL,DERA ISMAIL KHAN DISTRICT,003,dera ismail khan,Khyber Pakhtunkhwa,0,DDS-KP-0191,tehsil
008,PAHARPUR TEHSIL,DERA ISMAIL KHAN DISTRICT,003,dera ismail khan,Khyber Pakhtunkhwa,0,DDS-KP-0192,tehsil
009,PAROA TEHSIL,DERA ISMAIL KHAN DISTRICT,003,dera ismail khan,Khyber Pakhtunkhwa,0,DDS-KP-0193,tehsil
010,TANK TEHSIL,TANK DISTRICT,004,tank,Khyber Pakhtunkhwa,0,DDS-KP-0295,tehsil
011,ABBOTTABAD TEHSIL,ABBOTTABAD DISTRICT,005,abbottabad,Khyber Pakhtunkhwa,0,DDS-KP-0160,tehsil
012,HAVELIAN TEHSIL,ABBOTTABAD DISTRICT,005,abbottabad,Khyber Pakhtunkhwa,0,DDS-KP-0161,tehsil
013,ALLAI TEHSIL,BATAGRAM DISTRICT,006,batagram,Khyber Pakhtunkhwa,0,DDS-KP-0177,tehsil
014,BATAGRAM TEHSIL,BATAGRAM DISTRICT,006,batagram,Khyber Pakhtunkhwa,0,DDS-KP-0178,tehsil
015,GHAZI TEHSIL,HARIPUR DISTRICT,007,haripur,Khyber Pakhtunkhwa,0,DDS-KP-0196,tehsil
016,HARIPUR TEHSIL,HARIPUR DISTRICT,007,haripur,Khyber Pakhtunkhwa,0,DDS-KP-0197,tehsil
017,DASSU SUB-DIVISION,UPPER KOHISTAN DISTRICT,168,kohistan,Khyber Pakhtunkhwa,0,DDS-KP-0304,sub_division
018,KANDIA SUB-DIVISION,UPPER KOHISTAN DISTRICT,168,kohistan,Khyber Pakhtunkhwa,0,DDS-KP-0306,sub_division
019,PALAS SUB-DIVISION,KOLAI PALAS KOHISTAN DISTRICT,008,kohistan,Khyber Pakhtunkhwa,0,DDS-KP-0211,sub_division
020,PATTAN SUB-DIVISION,LOWER KOHISTAN DISTRICT,169,kohistan,Khyber Pakhtunkhwa,0,DDS-KP-0226,sub_division
021,BALAKOT TEHSIL,MANSEHRA DISTRICT,009,mansehra,Khyber Pakhtunkhwa,0,DDS-KP-0230,tehsil
022,MANSEHRA TEHSIL,MANSEHRA DISTRICT,009,mansehra,Khyber Pakhtunkhwa,0,DDS-KP-0232,tehsil
023,OGHI TEHSIL,MANSEHRA DISTRICT,009,mansehra,Khyber Pakhtunkhwa,0,DDS-KP-0233,tehsil
024,JUDBA TEHSIL,TORGHAR DISTRICT,010,tor ghar,Khyber Pakhtunkhwa,0,DDS-KP-0297,tehsil
025,HANGU TEHSIL,HANGU DISTRICT,011,hangu,Khyber Pakhtunkhwa,0,DDS-KP-0194,tehsil
026,TALL TEHSIL,HANGU DISTRICT,011,hangu,Khyber Pakhtunkhwa,0,DDS-KP-0195,tehsil
027,BANDA DAUD SHAH TEHSIL,KARAK DISTRICT,012,karak,Khyber Pakhtunkhwa,0,DDS-KP-0199,tehsil
028,KARAK TEHSIL,KARAK DISTRICT,012,karak,Khyber Pakhtunkhwa,0,DDS-KP-0200,tehsil
029,TAKHT-E-NASRATI TEHSIL,KARAK DISTRICT,012,karak,Khyber Pakhtunkhwa,0,DDS-KP-0201,tehsil
030,KOHAT TEHSIL,KOHAT DISTRICT,013,kohat,Khyber Pakhtunkhwa,0,DDS-KP-0208,tehsil
031,LACHI TEHSIL,KOHAT DISTRICT,013,kohat,Khyber Pakhtunkhwa,0,DDS-KP-0209,tehsil
032,DAGGAR TEHSIL,BUNER DISTRICT,014,buner,Khyber Pakhtunkhwa,0,DDS-KP-0180,tehsil
033,GAGRA TEHSIL,BUNER DISTRICT,014,buner,Khyber Pakhtunkhwa,0,DDS-KP-0182,tehsil
034,KHADO KHEL TEHSIL,BUNER DISTRICT,014,buner,Khyber Pakhtunkhwa,0,DDS-KP-0183,tehsil
035,MANDANR TEHSIL,BUNER DISTRICT,014,buner,Khyber Pakhtunkhwa,0,DDS-KP-0184,tehsil
036,CHITRAL SUB-DIVISION,LOWER CHITRAL DISTRICT,015,chitral,Khyber Pakhtunkhwa,0,DDS-KP-0219,sub_division
037,MASTUJ SUB-DIVISION,UPPER CHITRAL DISTRICT,170,chitral,Khyber Pakhtunkhwa,0,DDS-KP-0299,sub_division
038,ADENZAI SUB-DIVISION,LOWER DIR DISTRICT,016,lower dir,Khyber Pakhtunkhwa,0,DDS-KP-0221,sub_division
039,LAL QILA SUB-DIVISION,LOWER DIR DISTRICT,016,lower dir,Khyber Pakhtunkhwa,0,DDS-KP-0222,sub_division
040,SAMARBAGH SUB-DIVISION,LOWER DIR DISTRICT,016,lower dir,Khyber Pakhtunkhwa,0,DDS-KP-0223,sub_division
041,TEMERGARA SUB-DIVISION,LOWER DIR DISTRICT,016,lower dir,Khyber Pakhtunkhwa,0,DDS-KP-0224,sub_division
042,SAM RANI ZAI SUB-DIVISION,MALAKAND PROTECTED AREA,017,malakand,Khyber Pakhtunkhwa,0,DDS-KP-0227,sub_division
043,SWAT RANI ZAI SUB-DIVISION,MALAKAND PROTECTED AREA,017,malakand,Khyber Pakhtunkhwa,0,DDS-KP-0228,sub_division
044,ALPURI TEHSIL,SHANGLA DISTRICT,018,shangla,Khyber Pakhtunkhwa,0,DDS-KP-0269,tehsil
045,PURAN TEHSIL,SHANGLA DISTRICT,018,shangla,Khyber Pakhtunkhwa,0,DDS-KP-0273,tehsil
046,BABUZAI TEHSIL,SWAT DISTRICT,019,swat,Khyber Pakhtunkhwa,0,DDS-KP-0287,tehsil
047,BEHRAIN TEHSIL,SWAT DISTRICT,019,swat,Khyber Pakhtunkhwa,0,DDS-KP-0289,tehsil
048,BARIKOT TEHSIL,SWAT DISTRICT,019,swat,Khyber Pakhtunkhwa,0,DDS-KP-0288,tehsil
049,CHARBAGH TEHSIL,SWAT DISTRICT,019,swat,Khyber Pakhtunkhwa,0,DDS-KP-0290,tehsil
050,KABAL TEHSIL,SWAT DISTRICT,019,swat,Khyber Pakhtunkhwa,0,DDS-KP-0291,tehsil
051,KHAWAZAKHELA TEHSIL,SWAT DISTRICT,019,swat,Khyber Pakhtunkhwa,0,DDS-KP-0292,tehsil
052,MATTA TEHSIL,SWAT DISTRICT,019,swat,Khyber Pakhtunkhwa,0,DDS-KP-0293,tehsil
053,DIR SUB-DIVISION,UPPER DIR DISTRICT,020,upper dir,Khyber Pakhtunkhwa,0,DDS-KP-0300,sub_division
054,SHARINGAL SUB-DIVISION,UPPER DIR DISTRICT,020,upper dir,Khyber Pakhtunkhwa,0,DDS-KP-0302,sub_division
055,WARI SUB-DIVISION,UPPER DIR DISTRICT,020,upper dir,Khyber Pakhtunkhwa,0,DDS-KP-0303,sub_division
056,KATLANG TEHSIL,MARDAN DISTRICT,021,mardan,Khyber Pakhtunkhwa,0,DDS-KP-0235,tehsil
057,MARDAN TEHSIL,MARDAN DISTRICT,021,mardan,Khyber Pakhtunkhwa,0,DDS-KP-0236,tehsil
058,TAKHT BHAI TEHSIL,MARDAN DISTRICT,021,mardan,Khyber Pakhtunkhwa,0,DDS-KP-0238,tehsil
059,LAHOR TEHSIL,SWABI DISTRICT,022,swabi,Khyber Pakhtunkhwa,0,DDS-KP-0283,tehsil
060,RAZAR TEHSIL,SWABI DISTRICT,022,swabi,Khyber Pakhtunkhwa,0,DDS-KP-0284,tehsil
061,SWABI TEHSIL,SWABI DISTRICT,022,swabi,Khyber Pakhtunkhwa,0,DDS-KP-0285,tehsil
062,TOPI TEHSIL,SWABI DISTRICT,022,swabi,Khyber Pakhtunkhwa,0,DDS-KP-0286,tehsil
063,CHARSADDA TEHSIL,CHARSADDA DISTRICT,023,charsadda,Khyber Pakhtunkhwa,0,DDS-KP-0185,tehsil
064,SHABQADAR TEHSIL,CHARSADDA DISTRICT,023,charsadda,Khyber Pakhtunkhwa,0,DDS-KP-0186,tehsil
065,TANGI TEHSIL,CHARSADDA DISTRICT,023,charsadda,Khyber Pakhtunkhwa,0,DDS-KP-0187,tehsil
066,NOWSHERA TEHSIL,NOWSHERA DISTRICT,024,nowshera,Khyber Pakhtunkhwa,0,DDS-KP-0256,tehsil
067,PABBI TEHSIL,NOWSHERA DISTRICT,024,nowshera,Khyber Pakhtunkhwa,0,DDS-KP-0257,tehsil
068,PESHAWAR TEHSIL,PESHAWAR DISTRICT,025,peshawar,Khyber Pakhtunkhwa,0,DDS-KP-0266,tehsil
069,BAHAWALNAGAR TEHSIL,BAHAWALNAGAR DISTRICT,026,bahawalnagar,Punjab,0,DDS-PB-0314,tehsil
070,CHISHTIAN TEHSIL,BAHAWALNAGAR DISTRICT,026,bahawalnagar,Punjab,0,DDS-PB-0315,tehsil
071,FORT ABBAS TEHSIL,BAHAWALNAGAR DISTRICT,026,bahawalnagar,Punjab,0,DDS-PB-0316,tehsil
072,HAROONABAD TEHSIL,BAHAWALNAGAR DISTRICT,026,bahawalnagar,Punjab,0,DDS-PB-0317,tehsil
073,MINCHINABAD TEHSIL,BAHAWALNAGAR DISTRICT,026,bahawalnagar,Punjab,0,DDS-PB-0318,tehsil
074,AHMADPUR EAST TEHSIL,BAHAWALPUR DISTRICT,027,bahawalpur,Punjab,0,DDS-PB-0319,tehsil
075,BAHAWALPUR CITY TEHSIL,BAHAWALPUR DISTRICT,027,bahawalpur,Punjab,0,DDS-PB-0320,tehsil
077,HASILPUR TEHSIL,BAHAWALPUR DISTRICT,027,bahawalpur,Punjab,0,DDS-PB-0322,tehsil
078,KHAIRPUR TAMEWALI TEHSIL,BAHAWALPUR DISTRICT,027,bahawalpur,Punjab,0,DDS-PB-0323,tehsil
079,YAZMAN TEHSIL,BAHAWALPUR DISTRICT,027,bahawalpur,Punjab,0,DDS-PB-0324,tehsil
080,KHANPUR TEHSIL,RAHIM YAR KHAN DISTRICT,028,rahim yar khan,Punjab,0,DDS-PB-0414,tehsil
081,LIAQUAT PUR TEHSIL,RAHIM YAR KHAN DISTRICT,028,rahim yar khan,Punjab,0,DDS-PB-0415,tehsil
082,RAHIM YAR KHAN TEHSIL,RAHIM YAR KHAN DISTRICT,028,rahim yar khan,Punjab,0,DDS-PB-0416,tehsil
083,SADIQABAD TEHSIL,RAHIM YAR KHAN DISTRICT,028,rahim yar khan,Punjab,0,DDS-PB-0417,tehsil
084,KOH-E-SULEMAN TEHSIL,DERA GHAZI KHAN DISTRICT,029,dera ghazi khan,Punjab,0,DDS-PB-0338,tehsil
085,DERA GHAZI KHAN TEHSIL,DERA GHAZI KHAN DISTRICT,029,dera ghazi khan,Punjab,0,DDS-PB-0337,tehsil
086,KOT CHHUTTA TEHSIL,DERA GHAZI KHAN DISTRICT,029,dera ghazi khan,Punjab,0,DDS-PB-0339,tehsil
087,TAUNSA TEHSIL,DERA GHAZI KHAN DISTRICT,029,dera ghazi khan,Punjab,0,DDS-PB-0340,tehsil
088,CHOUBARA TEHSIL,LAYYAH DISTRICT,030,layyah,Punjab,0,DDS-PB-0382,tehsil
089,KAROR LAL ESAN TEHSIL,LAYYAH DISTRICT,030,layyah,Punjab,0,DDS-PB-0383,tehsil
090,LAYYAH TEHSIL,LAYYAH DISTRICT,030,layyah,Punjab,0,DDS-PB-0384,tehsil
091,ALIPUR TEHSIL,MUZAFFARGARH DISTRICT,031,muzaffargarh,Punjab,0,DDS-PB-0398,tehsil
092,JATOI TEHSIL,MUZAFFARGARH DISTRICT,031,muzaffargarh,Punjab,0,DDS-PB-0400,tehsil
093,KOT ADDU TEHSIL,MUZAFFARGARH DISTRICT,031,muzaffargarh,Punjab,0,DDS-PB-0401,tehsil
094,MUZAFFARGARH TEHSIL,MUZAFFARGARH DISTRICT,031,muzaffargarh,Punjab,0,DDS-PB-0402,tehsil
095,DE-EXCLUDED AREA RAJANPUR TEHSIL,RAJANPUR DISTRICT,032,rajanpur,Punjab,0,DDS-PB-0418,other
096,JAMPUR TEHSIL,RAJANPUR DISTRICT,032,rajanpur,Punjab,0,DDS-PB-0419,tehsil
097,RAJANPUR TEHSIL,RAJANPUR DISTRICT,032,rajanpur,Punjab,0,DDS-PB-0420,tehsil
098,ROJHAN TEHSIL,RAJANPUR DISTRICT,032,rajanpur,Punjab,0,DDS-PB-0421,tehsil
099,BHAWANA TEHSIL,CHINIOT DISTRICT,033,chiniot,Punjab,0,DDS-PB-0334,tehsil
100,CHINIOT TEHSIL,CHINIOT DISTRICT,033,chiniot,Punjab,0,DDS-PB-0335,tehsil
101,LALIAN TEHSIL,CHINIOT DISTRICT,033,chiniot,Punjab,0,DDS-PB-0336,tehsil
102,CHAK JHUMRA TEHSIL,FAISALABAD DISTRICT,034,faisalabad,Punjab,0,DDS-PB-0341,tehsil
103,FAISALABAD CITY TEHSIL,FAISALABAD DISTRICT,034,faisalabad,Punjab,0,DDS-PB-0342,tehsil
104,FAISALABAD SADAR TEHSIL,FAISALABAD DISTRICT,034,faisalabad,Punjab,0,DDS-PB-0343,tehsil
105,JARANWALA TEHSIL,FAISALABAD DISTRICT,034,faisalabad,Punjab,0,DDS-PB-0344,tehsil
106,SAMMUNDRI TEHSIL,FAISALABAD DISTRICT,034,faisalabad,Punjab,0,DDS-PB-0345,tehsil
107,TANDLIAN WALA TEHSIL,FAISALABAD DISTRICT,034,faisalabad,Punjab,0,DDS-PB-0346,tehsil
108,18-HAZARI TEHSIL,JHANG DISTRICT,035,jhang,Punjab,0,DDS-PB-0357,tehsil
109,AHMADPUR SIAL TEHSIL,JHANG DISTRICT,035,jhang,Punjab,0,DDS-PB-0358,tehsil
110,JHANG TEHSIL,JHANG DISTRICT,035,jhang,Punjab,0,DDS-PB-0359,tehsil
111,SHORKOT TEHSIL,JHANG DISTRICT,035,jhang,Punjab,0,DDS-PB-0360,tehsil
112,GOJRA TEHSIL,TOBA TEK SINGH DISTRICT,036,toba tek singh,Punjab,0,DDS-PB-0447,tehsil
113,KAMALIA TEHSIL,TOBA TEK SINGH DISTRICT,036,toba tek singh,Punjab,0,DDS-PB-0448,tehsil
115,PIRMAHAL TEHSIL,TOBA TEK SINGH DISTRICT,036,toba tek singh,Punjab,0,DDS-PB-0449,tehsil
116,TOBA TEK SINGH TEHSIL,TOBA TEK SINGH DISTRICT,036,toba tek singh,Punjab,0,DDS-PB-0450,tehsil
117,GUJRANWALA CITY TEHSIL,GUJRANWALA DISTRICT,037,gujranwala,Punjab,0,DDS-PB-0347,tehsil
118,GUJRANWALA SADDAR TEHSIL,GUJRANWALA DISTRICT,037,gujranwala,Punjab,0,DDS-PB-0348,tehsil
119,KAMOKE TEHSIL,GUJRANWALA DISTRICT,037,gujranwala,Punjab,0,DDS-PB-0349,tehsil
120,NOWSHERA VIRKAN TEHSIL,GUJRANWALA DISTRICT,037,gujranwala,Punjab,0,DDS-PB-0350,tehsil
121,WAZIRABAD TEHSIL,GUJRANWALA DISTRICT,037,gujranwala,Punjab,0,DDS-PB-0351,tehsil
122,GUJRAT TEHSIL,GUJRAT DISTRICT,038,gujrat,Punjab,0,DDS-PB-0352,tehsil
123,KHARIAN TEHSIL,GUJRAT DISTRICT,038,gujrat,Punjab,0,DDS-PB-0353,tehsil
124,SARAI ALAMGIR TEHSIL,GUJRAT DISTRICT,038,gujrat,Punjab,0,DDS-PB-0354,tehsil
125,HAFIZABAD TEHSIL,HAFIZABAD DISTRICT,039,hafizabad,Punjab,0,DDS-PB-0355,tehsil
126,PINDI BHATTIAN TEHSIL,HAFIZABAD DISTRICT,039,hafizabad,Punjab,0,DDS-PB-0356,tehsil
127,MALAKWAL TEHSIL,MANDI BAHAUDDIN DISTRICT,040,mandi bahauddin,Punjab,0,DDS-PB-0388,tehsil
128,MANDI BAHAUDDIN TEHSIL,MANDI BAHAUDDIN DISTRICT,040,mandi bahauddin,Punjab,0,DDS-PB-0389,tehsil
129,PHALIA TEHSIL,MANDI BAHAUDDIN DISTRICT,040,mandi bahauddin,Punjab,0,DDS-PB-0390,tehsil
130,NAROWAL TEHSIL,NAROWAL DISTRICT,041,narowal,Punjab,0,DDS-PB-0406,tehsil
131,SHAKARGARH TEHSIL,NAROWAL DISTRICT,041,narowal,Punjab,0,DDS-PB-0407,tehsil
132,ZAFARWAL TEHSIL,NAROWAL DISTRICT,041,narowal,Punjab,0,DDS-PB-0408,tehsil
133,DASKA TEHSIL,SIALKOT DISTRICT,042,sialkot,Punjab,0,DDS-PB-0443,tehsil
134,PASRUR TEHSIL,SIALKOT DISTRICT,042,sialkot,Punjab,0,DDS-PB-0444,tehsil
135,SAMBRIAL TEHSIL,SIALKOT DISTRICT,042,sialkot,Punjab,0,DDS-PB-0445,tehsil
136,SIALKOT TEHSIL,SIALKOT DISTRICT,042,sialkot,Punjab,0,DDS-PB-0446,tehsil
137,CHUNIAN TEHSIL,KASUR DISTRICT,043,kasur,Punjab,0,DDS-PB-0365,tehsil
138,KASUR TEHSIL,KASUR DISTRICT,043,kasur,Punjab,0,DDS-PB-0366,tehsil
139,KOT RADHA KISHAN TEHSIL,KASUR DISTRICT,043,kasur,Punjab,0,DDS-PB-0367,tehsil
140,PATTOKI TEHSIL,KASUR DISTRICT,043,kasur,Punjab,0,DDS-PB-0368,tehsil
141,LAHORE CANTT TEHSIL,LAHORE DISTRICT,044,lahore,Punjab,0,DDS-PB-0377,tehsil
142,LAHORE CITY TEHSIL,LAHORE DISTRICT,044,lahore,Punjab,0,DDS-PB-0378,tehsil
143,NANKANA SAHIB TEHSIL,NANKANA SAHIB DISTRICT,045,nankana sahib,Punjab,0,DDS-PB-0403,tehsil
144,SANGLA HILL TEHSIL,NANKANA SAHIB DISTRICT,045,nankana sahib,Punjab,0,DDS-PB-0404,tehsil
145,SHAH KOT TEHSIL,NANKANA SAHIB DISTRICT,045,nankana sahib,Punjab,0,DDS-PB-0405,tehsil
146,FEROZEWALA TEHSIL,SHEIKHUPURA DISTRICT,046,sheikhupura,Punjab,0,DDS-PB-0438,tehsil
147,MURIDKE TEHSIL,SHEIKHUPURA DISTRICT,046,sheikhupura,Punjab,0,DDS-PB-0439,tehsil
148,SAFDARABAD TEHSIL,SHEIKHUPURA DISTRICT,046,sheikhupura,Punjab,0,DDS-PB-0440,tehsil
149,SHARAK PUR TEHSIL,SHEIKHUPURA DISTRICT,046,sheikhupura,Punjab,0,DDS-PB-0441,tehsil
150,SHEIKHUPURA TEHSIL,SHEIKHUPURA DISTRICT,046,sheikhupura,Punjab,0,DDS-PB-0442,tehsil
151,JAHANIAN TEHSIL,KHANEWAL DISTRICT,047,khanewal,Punjab,0,DDS-PB-0369,tehsil
152,KABIRWALA TEHSIL,KHANEWAL DISTRICT,047,khanewal,Punjab,0,DDS-PB-0370,tehsil
153,KHANEWAL TEHSIL,KHANEWAL DISTRICT,047,khanewal,Punjab,0,DDS-PB-0371,tehsil
154,MIAN CHANNU TEHSIL,KHANEWAL DISTRICT,047,khanewal,Punjab,0,DDS-PB-0372,tehsil
155,DUNYAPUR TEHSIL,LODHRAN DISTRICT,048,lodhran,Punjab,0,DDS-PB-0385,tehsil
156,KAHROR PACCA TEHSIL,LODHRAN DISTRICT,048,lodhran,Punjab,0,DDS-PB-0386,tehsil
157,LODHRAN TEHSIL,LODHRAN DISTRICT,048,lodhran,Punjab,0,DDS-PB-0387,tehsil
158,JALALPUR PIRWALA TEHSIL,MULTAN DISTRICT,049,multan,Punjab,0,DDS-PB-0394,tehsil
159,MULTAN CITY TEHSIL,MULTAN DISTRICT,049,multan,Punjab,0,DDS-PB-0395,tehsil
160,MULTAN SADDAR TEHSIL,MULTAN DISTRICT,049,multan,Punjab,0,DDS-PB-0396,tehsil
161,SHUJABAD TEHSIL,MULTAN DISTRICT,049,multan,Punjab,0,DDS-PB-0397,tehsil
162,BUREWALA TEHSIL,VEHARI DISTRICT,050,vehari,Punjab,0,DDS-PB-0451,tehsil
163,MAILSI TEHSIL,VEHARI DISTRICT,050,vehari,Punjab,0,DDS-PB-0452,tehsil
164,VEHARI TEHSIL,VEHARI DISTRICT,050,vehari,Punjab,0,DDS-PB-0453,tehsil
165,ATTOCK TEHSIL,ATTOCK DISTRICT,051,attock,Punjab,0,DDS-PB-0308,tehsil
166,FATEH JANG TEHSIL,ATTOCK DISTRICT,051,attock,Punjab,0,DDS-PB-0309,tehsil
167,HASAN ABDAL TEHSIL,ATTOCK DISTRICT,051,attock,Punjab,0,DDS-PB-0310,tehsil
168,HAZRO TEHSIL,ATTOCK DISTRICT,051,attock,Punjab,0,DDS-PB-0311,tehsil
169,JAND TEHSIL,ATTOCK DISTRICT,051,attock,Punjab,0,DDS-PB-0312,tehsil
170,PINDI GHEB TEHSIL,ATTOCK DISTRICT,051,attock,Punjab,0,DDS-PB-0313,tehsil
171,CHAKWAL TEHSIL,CHAKWAL DISTRICT,052,chakwal,Punjab,0,DDS-PB-0329,tehsil
172,CHOA SAIDAN SHAH TEHSIL,CHAKWAL DISTRICT,052,chakwal,Punjab,0,DDS-PB-0330,tehsil
173,KALLAR KAHAR TEHSIL,CHAKWAL DISTRICT,052,chakwal,Punjab,0,DDS-PB-0331,tehsil
174,LAWA TEHSIL,CHAKWAL DISTRICT,052,chakwal,Punjab,0,DDS-PB-0332,tehsil
175,TALA GANG TEHSIL,CHAKWAL DISTRICT,052,chakwal,Punjab,0,DDS-PB-0333,tehsil
176,DINA TEHSIL,JHELUM DISTRICT,053,jhelum,Punjab,0,DDS-PB-0361,tehsil
177,JHELUM TEHSIL,JHELUM DISTRICT,053,jhelum,Punjab,0,DDS-PB-0362,tehsil
178,PIND DADAN KHAN TEHSIL,JHELUM DISTRICT,053,jhelum,Punjab,0,DDS-PB-0363,tehsil
179,SOHAWA TEHSIL,JHELUM DISTRICT,053,jhelum,Punjab,0,DDS-PB-0364,tehsil
180,GUJAR KHAN TEHSIL,RAWALPINDI DISTRICT,054,rawalpindi,Punjab,0,DDS-PB-0422,tehsil
181,KAHUTA TEHSIL,RAWALPINDI DISTRICT,054,rawalpindi,Punjab,0,DDS-PB-0423,tehsil
182,KALLAR SAYADDAN TEHSIL,RAWALPINDI DISTRICT,054,rawalpindi,Punjab,0,DDS-PB-0424,tehsil
183,KOTLI SATTIAN TEHSIL,RAWALPINDI DISTRICT,054,rawalpindi,Punjab,0,DDS-PB-0425,tehsil
184,MURREE TEHSIL,RAWALPINDI DISTRICT,054,rawalpindi,Punjab,0,DDS-PB-0426,tehsil
185,RAWALPINDI TEHSIL,RAWALPINDI DISTRICT,054,rawalpindi,Punjab,0,DDS-PB-0427,tehsil
186,TAXILA TEHSIL,RAWALPINDI DISTRICT,054,rawalpindi,Punjab,0,DDS-PB-0428,tehsil
187,DEPALPUR TEHSIL,OKARA DISTRICT,055,okara,Punjab,0,DDS-PB-0409,tehsil
188,OKARA TEHSIL,OKARA DISTRICT,055,okara,Punjab,0,DDS-PB-0410,tehsil
189,RENALA KHURD TEHSIL,OKARA DISTRICT,055,okara,Punjab,0,DDS-PB-0411,tehsil
190,ARIF WALA TEHSIL,PAKPATTAN DISTRICT,056,pakpattan,Punjab,0,DDS-PB-0412,tehsil
191,PAKPATTAN TEHSIL,PAKPATTAN DISTRICT,056,pakpattan,Punjab,0,DDS-PB-0413,tehsil
192,CHICHAWATNI TEHSIL,SAHIWAL DISTRICT,057,sahiwal,Punjab,0,DDS-PB-0429,tehsil
193,SAHIWAL TEHSIL,SAHIWAL DISTRICT,057,sahiwal,Punjab,0,DDS-PB-0430,tehsil
194,BHAKKAR TEHSIL,BHAKKAR DISTRICT,058,bhakkar,Punjab,0,DDS-PB-0325,tehsil
195,DARYA KHAN TEHSIL,BHAKKAR DISTRICT,058,bhakkar,Punjab,0,DDS-PB-0326,tehsil
196,KALUR KOT TEHSIL,BHAKKAR DISTRICT,058,bhakkar,Punjab,0,DDS-PB-0327,tehsil
197,MANKERA TEHSIL,BHAKKAR DISTRICT,058,bhakkar,Punjab,0,DDS-PB-0328,tehsil
198,KHUSHAB TEHSIL,KHUSHAB DISTRICT,059,khushab,Punjab,0,DDS-PB-0373,tehsil
199,NOOR PUR TEHSIL,KHUSHAB DISTRICT,059,khushab,Punjab,0,DDS-PB-0374,tehsil
200,QUAIDABAD TEHSIL,KHUSHAB DISTRICT,059,khushab,Punjab,0,DDS-PB-0376,tehsil
201,ISAKHEL TEHSIL,MIANWALI DISTRICT,060,mianwali,Punjab,0,DDS-PB-0391,tehsil
202,MIANWALI TEHSIL,MIANWALI DISTRICT,060,mianwali,Punjab,0,DDS-PB-0392,tehsil
203,PIPLAN TEHSIL,MIANWALI DISTRICT,060,mianwali,Punjab,0,DDS-PB-0393,tehsil
204,BHALWAL TEHSIL,SARGODHA DISTRICT,061,sargodha,Punjab,0,DDS-PB-0431,tehsil
205,BHERA TEHSIL,SARGODHA DISTRICT,061,sargodha,Punjab,0,DDS-PB-0432,tehsil
206,KOT MOMIN TEHSIL,SARGODHA DISTRICT,061,sargodha,Punjab,0,DDS-PB-0433,tehsil
207,SAHIWAL TEHSIL,SARGODHA DISTRICT,061,sargodha,Punjab,0,DDS-PB-0434,tehsil
208,SARGODHA TEHSIL,SARGODHA DISTRICT,061,sargodha,Punjab,0,DDS-PB-0435,tehsil
209,SHAHPUR TEHSIL,SARGODHA DISTRICT,061,sargodha,Punjab,0,DDS-PB-0436,tehsil
210,SILLANWALI TEHSIL,SARGODHA DISTRICT,061,sargodha,Punjab,0,DDS-PB-0437,tehsil
211,BADIN TALUKA,BADIN DISTRICT,062,badin,Sindh,0,DDS-SD-0454,tehsil
212,GOLARCHI (S.F.RAHU) TALUKA,BADIN DISTRICT,062,badin,Sindh,0,DDS-SD-0455,tehsil
213,MATLI TALUKA,BADIN DISTRICT,062,badin,Sindh,0,DDS-SD-0456,tehsil
214,TALHAR TALUKA,BADIN DISTRICT,062,badin,Sindh,0,DDS-SD-0457,tehsil
215,TANDO BAGO TALUKA,BADIN DISTRICT,062,badin,Sindh,0,DDS-SD-0458,tehsil
216,DADU TALUKA,DADU DISTRICT,063,dadu,Sindh,0,DDS-SD-0459,tehsil
217,JOHI TALUKA,DADU DISTRICT,063,dadu,Sindh,0,DDS-SD-0460,tehsil
218,KHAIRPUR NATHAN SHAH TALUKA,DADU DISTRICT,063,dadu,Sindh,0,DDS-SD-0461,tehsil
219,MEHAR TALUKA,DADU DISTRICT,063,dadu,Sindh,0,DDS-SD-0462,tehsil
220,HYDERABAD CITY TALUKA,HYDERABAD DISTRICT,064,hyderabad,Sindh,0,DDS-SD-0468,tehsil
221,HYDERABAD TALUKA,HYDERABAD DISTRICT,064,hyderabad,Sindh,0,DDS-SD-0469,tehsil
222,LATIFABAD TALUKA,HYDERABAD DISTRICT,064,hyderabad,Sindh,0,DDS-SD-0470,tehsil
223,QASIMABAD TALUKA,HYDERABAD DISTRICT,064,hyderabad,Sindh,0,DDS-SD-0471,tehsil
224,KOTRI TALUKA,JAMSHORO DISTRICT,065,jamshoro,Sindh,0,DDS-SD-0475,tehsil
225,MANJHAND TALUKA,JAMSHORO DISTRICT,065,jamshoro,Sindh,0,DDS-SD-0476,tehsil
226,SEHWAN TALUKA,JAMSHORO DISTRICT,065,jamshoro,Sindh,0,DDS-SD-0477,tehsil
227,THANO BULA KHAN TALUKA,JAMSHORO DISTRICT,065,jamshoro,Sindh,0,DDS-SD-0478,tehsil
228,HALA TALUKA,MATIARI DISTRICT,066,matiari,Sindh,0,DDS-SD-0532,tehsil
229,MATIARI TALUKA,MATIARI DISTRICT,066,matiari,Sindh,0,DDS-SD-0533,tehsil
230,SAEEDABAD TALUKA,MATIARI DISTRICT,066,matiari,Sindh,0,DDS-SD-0534,tehsil
231,CHAMBER TALUKA,TANDO ALLAHYAR DISTRICT,067,tando allah yar,Sindh,0,DDS-SD-0571,tehsil
232,JHANDO MARI TALUKA,TANDO ALLAHYAR DISTRICT,067,tando allah yar,Sindh,0,DDS-SD-0572,tehsil
233,TANDO ALLAHYAR TALUKA,TANDO ALLAHYAR DISTRICT,067,tando allah yar,Sindh,0,DDS-SD-0573,tehsil
234,BULRI SHAH KARIM TALUKA,TANDO MUHAMMAD KHAN DISTRICT,068,tando muhammad khan,Sindh,0,DDS-SD-0574,tehsil
235,TANDO GHULAM HYDER TALUKA,TANDO MUHAMMAD KHAN DISTRICT,068,tando muhammad khan,Sindh,0,DDS-SD-0575,tehsil
236,TANDO MUHAMMAD KHAN TALUKA,TANDO MUHAMMAD KHAN DISTRICT,068,tando muhammad khan,Sindh,0,DDS-SD-0576,tehsil
237,GHORABARI TALUKA,THATTA DISTRICT,069,thatta,Sindh,0,DDS-SD-0584,tehsil
238,JATI TALUKA,SUJAWAL DISTRICT,152,sajawal,Sindh,0,DDS-SD-0561,tehsil
239,KETI BUNDER TALUKA,THATTA DISTRICT,069,thatta,Sindh,0,DDS-SD-0585,tehsil
240,KHARO CHAN TALUKA,SUJAWAL DISTRICT,152,sajawal,Sindh,0,DDS-SD-0562,tehsil
241,MIRPUR BATHORO TALUKA,SUJAWAL DISTRICT,152,sajawal,Sindh,0,DDS-SD-0563,tehsil
242,MIRPUR SAKRO TALUKA,THATTA DISTRICT,069,thatta,Sindh,0,DDS-SD-0586,tehsil
243,SHAH BUNDER TALUKA,SUJAWAL DISTRICT,152,sajawal,Sindh,0,DDS-SD-0564,tehsil
244,SUJAWAL TALUKA,SUJAWAL DISTRICT,152,sajawal,Sindh,0,DDS-SD-0565,tehsil
245,THATTA TALUKA,THATTA DISTRICT,069,thatta,Sindh,0,DDS-SD-0587,tehsil
246,GARHI KHAIRO TALUKA,JACOBABAD DISTRICT,071,jacobabad,Sindh,0,DDS-SD-0472,tehsil
247,JACOBABAD TALUKA,JACOBABAD DISTRICT,071,jacobabad,Sindh,0,DDS-SD-0473,tehsil
248,THUL TALUKA,JACOBABAD DISTRICT,071,jacobabad,Sindh,0,DDS-SD-0474,tehsil
249,KANDHKOT TALUKA,KASHMORE DISTRICT,072,kashmore,Sindh,0,DDS-SD-0503,tehsil
250,KASHMORE TALUKA,KASHMORE DISTRICT,072,kashmore,Sindh,0,DDS-SD-0504,tehsil
251,TANGWANI TALUKA,KASHMORE DISTRICT,072,kashmore,Sindh,0,DDS-SD-0505,tehsil
252,BAKRANI TALUKA,LARKANA DISTRICT,073,larkana,Sindh,0,DDS-SD-0522,tehsil
253,DOKRI TALUKA,LARKANA DISTRICT,073,larkana,Sindh,0,DDS-SD-0523,tehsil
254,LARKANA TALUKA,LARKANA DISTRICT,073,larkana,Sindh,0,DDS-SD-0524,tehsil
255,RATODERO TALUKA,LARKANA DISTRICT,073,larkana,Sindh,0,DDS-SD-0525,tehsil
256,KAMBAR ALI KHAN TALUKA,KAMBAR SHAHDAD KOT DISTRICT,074,kambar shahdadkot,Sindh,0,DDS-SD-0479,tehsil
257,MIRO KHAN TALUKA,KAMBAR SHAHDAD KOT DISTRICT,074,kambar shahdadkot,Sindh,0,DDS-SD-0480,tehsil
258,NASIRABAD TALUKA,KAMBAR SHAHDAD KOT DISTRICT,074,kambar shahdadkot,Sindh,0,DDS-SD-0481,tehsil
259,QUBO SAEED KHAN TALUKA,KAMBAR SHAHDAD KOT DISTRICT,074,kambar shahdadkot,Sindh,0,DDS-SD-0482,tehsil
260,SHAHDAD KOT TALUKA,KAMBAR SHAHDAD KOT DISTRICT,074,kambar shahdadkot,Sindh,0,DDS-SD-0483,tehsil
261,SUJAWAL JUNEJO TALUKA,KAMBAR SHAHDAD KOT DISTRICT,074,kambar shahdadkot,Sindh,0,DDS-SD-0484,tehsil
262,WARAH TALUKA,KAMBAR SHAHDAD KOT DISTRICT,074,kambar shahdadkot,Sindh,0,DDS-SD-0485,tehsil
263,GARHI YASIN TALUKA,SHIKARPUR DISTRICT,075,shikarpur,Sindh,0,DDS-SD-0557,tehsil
264,KHANPUR TALUKA,SHIKARPUR DISTRICT,075,shikarpur,Sindh,0,DDS-SD-0558,tehsil
265,LAKHI TALUKA,SHIKARPUR DISTRICT,075,shikarpur,Sindh,0,DDS-SD-0559,tehsil
266,SHIKARPUR TALUKA,SHIKARPUR DISTRICT,075,shikarpur,Sindh,0,DDS-SD-0560,tehsil
267,DIGRI TALUKA,MIRPUR KHAS DISTRICT,076,mirpurkhas,Sindh,0,DDS-SD-0535,tehsil
268,HUSSAIN BUX MARI TALUKA,MIRPUR KHAS DISTRICT,076,mirpurkhas,Sindh,0,DDS-SD-0536,tehsil
269,JHUDO TALUKA,MIRPUR KHAS DISTRICT,076,mirpurkhas,Sindh,0,DDS-SD-0537,tehsil
270,KOT GHULAM MUHAMMAD TALUKA,MIRPUR KHAS DISTRICT,076,mirpurkhas,Sindh,0,DDS-SD-0538,tehsil
271,MIRPUR KHAS TALUKA,MIRPUR KHAS DISTRICT,076,mirpurkhas,Sindh,0,DDS-SD-0539,tehsil
272,SINDHRI TALUKA,MIRPUR KHAS DISTRICT,076,mirpurkhas,Sindh,0,DDS-SD-0541,tehsil
273,JAM NAWAZ ALI TALUKA,SANGHAR DISTRICT,077,sanghar,Sindh,0,DDS-SD-0547,tehsil
274,KHIPRO TALUKA,SANGHAR DISTRICT,077,sanghar,Sindh,0,DDS-SD-0548,tehsil
275,SANGHAR TALUKA,SANGHAR DISTRICT,077,sanghar,Sindh,0,DDS-SD-0549,tehsil
276,SHAHDADPUR TALUKA,SANGHAR DISTRICT,077,sanghar,Sindh,0,DDS-SD-0550,tehsil
277,SINJHORO TALUKA,SANGHAR DISTRICT,077,sanghar,Sindh,0,DDS-SD-0551,tehsil
278,TANDO ADAM TALUKA,SANGHAR DISTRICT,077,sanghar,Sindh,0,DDS-SD-0552,tehsil
279,CHACHRO TALUKA,THARPARKAR DISTRICT,078,tharparkar,Sindh,0,DDS-SD-0577,tehsil
280,DIPLO TALUKA,THARPARKAR DISTRICT,078,tharparkar,Sindh,0,DDS-SD-0579,tehsil
281,MITHI TALUKA,THARPARKAR DISTRICT,078,tharparkar,Sindh,0,DDS-SD-0582,tehsil
282,NAGAR PARKAR TALUKA,THARPARKAR DISTRICT,078,tharparkar,Sindh,0,DDS-SD-0583,tehsil
283,KUNRI TALUKA,UMER KOT DISTRICT,079,umerkot,Sindh,0,DDS-SD-0588,tehsil
284,PITHORO TALUKA,UMER KOT DISTRICT,079,umerkot,Sindh,0,DDS-SD-0589,tehsil
285,SAMARO TALUKA,UMER KOT DISTRICT,079,umerkot,Sindh,0,DDS-SD-0590,tehsil
286,UMER KOT TALUKA,UMER KOT DISTRICT,079,umerkot,Sindh,0,DDS-SD-0591,tehsil
287,DAHARKI TALUKA,GHOTKI DISTRICT,080,ghotki,Sindh,0,DDS-SD-0463,tehsil
288,GHOTKI TALUKA,GHOTKI DISTRICT,080,ghotki,Sindh,0,DDS-SD-0464,tehsil
289,KHANGARH TALUKA,GHOTKI DISTRICT,080,ghotki,Sindh,0,DDS-SD-0465,tehsil
290,MIRPUR MATHELO TALUKA,GHOTKI DISTRICT,080,ghotki,Sindh,0,DDS-SD-0466,tehsil
291,UBAURO TALUKA,GHOTKI DISTRICT,080,ghotki,Sindh,0,DDS-SD-0467,tehsil
292,FAIZ GANJ TALUKA,KHAIRPUR DISTRICT,081,khairpur,Sindh,0,DDS-SD-0510,tehsil
293,GAMBAT TALUKA,KHAIRPUR DISTRICT,081,khairpur,Sindh,0,DDS-SD-0511,tehsil
294,KHAIRPUR TALUKA,KHAIRPUR DISTRICT,081,khairpur,Sindh,0,DDS-SD-0512,tehsil
295,KINGRI TALUKA,KHAIRPUR DISTRICT,081,khairpur,Sindh,0,DDS-SD-0513,tehsil
296,KOT DIJI TALUKA,KHAIRPUR DISTRICT,081,khairpur,Sindh,0,DDS-SD-0514,tehsil
297,MIRWAH TALUKA,KHAIRPUR DISTRICT,081,khairpur,Sindh,0,DDS-SD-0515,tehsil
298,NARA TALUKA,KHAIRPUR DISTRICT,081,khairpur,Sindh,0,DDS-SD-0516,tehsil
299,SOBHO DERO TALUKA,KHAIRPUR DISTRICT,081,khairpur,Sindh,0,DDS-SD-0517,tehsil
300,BHIRIA TALUKA,NAUSHAHRO FEROZE DISTRICT,082,naushehro feroze,Sindh,0,DDS-SD-0542,tehsil
301,KANDIARO TALUKA,NAUSHAHRO FEROZE DISTRICT,082,naushehro feroze,Sindh,0,DDS-SD-0543,tehsil
302,MEHRABPUR TALUKA,NAUSHAHRO FEROZE DISTRICT,082,naushehro feroze,Sindh,0,DDS-SD-0544,tehsil
303,MORO TALUKA,NAUSHAHRO FEROZE DISTRICT,082,naushehro feroze,Sindh,0,DDS-SD-0545,tehsil
304,NAUSHAHRO FEROZE TALUKA,NAUSHAHRO FEROZE DISTRICT,082,naushehro feroze,Sindh,0,DDS-SD-0546,tehsil
305,DAUR TALUKA,SHAHEED BENAZIRABAD DISTRICT,083,shaheed benazirabad,Sindh,0,DDS-SD-0553,tehsil
306,KAZI AHMED TALUKA,SHAHEED BENAZIRABAD DISTRICT,083,shaheed benazirabad,Sindh,0,DDS-SD-0554,tehsil
307,NAWABSHAH TALUKA,SHAHEED BENAZIRABAD DISTRICT,083,shaheed benazirabad,Sindh,0,DDS-SD-0555,tehsil
308,SAKRAND TALUKA,SHAHEED BENAZIRABAD DISTRICT,083,shaheed benazirabad,Sindh,0,DDS-SD-0556,tehsil
309,NEW SUKKUR TALUKA,SUKKUR DISTRICT,084,sukkur,Sindh,0,DDS-SD-0566,tehsil
310,PANO AQIL TALUKA,SUKKUR DISTRICT,084,sukkur,Sindh,0,DDS-SD-0567,tehsil
311,ROHRI TALUKA,SUKKUR DISTRICT,084,sukkur,Sindh,0,DDS-SD-0568,tehsil
312,SALEHPAT TALUKA,SUKKUR DISTRICT,084,sukkur,Sindh,0,DDS-SD-0569,tehsil
313,SUKKUR CITY TALUKA,SUKKUR DISTRICT,084,sukkur,Sindh,0,DDS-SD-0570,tehsil
314,AWARAN SUB-DIVISION,AWARAN DISTRICT,085,awaran,Balochistan,0,DDS-BA-0001,sub_division
315,GISHKORE TEHSIL,AWARAN DISTRICT,085,awaran,Balochistan,0,DDS-BA-0002,tehsil
316,KORAK JHAO TEHSIL,AWARAN DISTRICT,085,awaran,Balochistan,0,DDS-BA-0004,tehsil
317,MASHKAI TEHSIL,AWARAN DISTRICT,085,awaran,Balochistan,0,DDS-BA-0005,tehsil
318,GAZG SUB-TEHSIL,KALAT DISTRICT,086,kalat,Balochistan,0,DDS-BA-0046,sub_tehsil
319,JOHAN SUB-TEHSIL,KALAT DISTRICT,086,kalat,Balochistan,0,DDS-BA-0047,sub_tehsil
320,KALAT SUB-DIVISION,KALAT DISTRICT,086,kalat,Balochistan,0,DDS-BA-0048,sub_division
321,MANGOCHAR SUB-DIVISION,KALAT DISTRICT,086,kalat,Balochistan,0,DDS-BA-0049,sub_division
322,SURAB SUB-DIVISION,SURAB DISTRICT,164,kalat,Balochistan,0,DDS-BA-0146,sub_division
323,KHARAN SUB-DIVISION,KHARAN DISTRICT,087,kharan,Balochistan,0,DDS-BA-0058,sub_division
324,SAR KHARAN SUB-DIVISION,KHARAN DISTRICT,087,kharan,Balochistan,0,DDS-BA-0060,sub_division
325,TOHMULK SUB-TEHSIL,KHARAN DISTRICT,087,kharan,Balochistan,0,DDS-BA-0061,sub_tehsil
326,ARANJI SUB-TEHSIL,KHUZDAR DISTRICT,088,khuzdar,Balochistan,0,DDS-BA-0062,sub_tehsil
327,KARAKH SUB-DIVISION,KHUZDAR DISTRICT,088,khuzdar,Balochistan,0,DDS-BA-0064,sub_division
328,KHUZDAR SUB-DIVISION,KHUZDAR DISTRICT,088,khuzdar,Balochistan,0,DDS-BA-0065,sub_division
329,MOOLA SUB-TEHSIL,KHUZDAR DISTRICT,088,khuzdar,Balochistan,0,DDS-BA-0066,sub_tehsil
330,NAL SUB-DIVISION,KHUZDAR DISTRICT,088,khuzdar,Balochistan,0,DDS-BA-0067,sub_division
331,ORNACH SUB-DIVISION,KHUZDAR DISTRICT,088,khuzdar,Balochistan,0,DDS-BA-0068,sub_division
332,SAROONA SUB-TEHSIL,KHUZDAR DISTRICT,088,khuzdar,Balochistan,0,DDS-BA-0069,sub_tehsil
333,WADH SUB-DIVISION,KHUZDAR DISTRICT,088,khuzdar,Balochistan,0,DDS-BA-0070,sub_division
334,ZEHRI SUB-DIVISION,KHUZDAR DISTRICT,088,khuzdar,Balochistan,0,DDS-BA-0071,sub_division
335,BELA SUB-DIVISION,LASBELA DISTRICT,089,lasbela,Balochistan,0,DDS-BA-0086,sub_division
336,DUREJI SUB-DIVISION,LASBELA DISTRICT,089,lasbela,Balochistan,0,DDS-BA-0087,sub_division
337,GADDANI TEHSIL,LASBELA DISTRICT,089,lasbela,Balochistan,0,DDS-BA-0088,tehsil
338,HUB SUB-DIVISION,LASBELA DISTRICT,089,lasbela,Balochistan,0,DDS-BA-0089,sub_division
339,KANRAJ SUB-DIVISION,LASBELA DISTRICT,089,lasbela,Balochistan,0,DDS-BA-0090,sub_division
340,LAKHRA TEHSIL,LASBELA DISTRICT,089,lasbela,Balochistan,0,DDS-BA-0091,tehsil
341,LIARI SUB-TEHSIL,LASBELA DISTRICT,089,lasbela,Balochistan,0,DDS-BA-0092,sub_tehsil
342,SONMIANI/WINDER TEHSIL,LASBELA DISTRICT,089,lasbela,Balochistan,0,DDS-BA-0093,tehsil
343,UTHAL SUB-DIVISION,LASBELA DISTRICT,089,lasbela,Balochistan,0,DDS-BA-0094,sub_division
344,DASHT SUB-DIVISION,MASTUNG DISTRICT,090,mastung,Balochistan,0,DDS-BA-0097,sub_division
345,KHAD KOCHA SUB-TEHSIL,MASTUNG DISTRICT,090,mastung,Balochistan,0,DDS-BA-0098,sub_tehsil
346,KIRDGAP SUB-DIVISION,MASTUNG DISTRICT,090,mastung,Balochistan,0,DDS-BA-0099,sub_division
347,MASTUNG SUB-DIVISION,MASTUNG DISTRICT,090,mastung,Balochistan,0,DDS-BA-0100,sub_division
348,BESIMA SUB-DIVISION,WASHUK DISTRICT,091,washuk,Balochistan,0,DDS-BA-0147,sub_division
349,MASHKHEL SUB-DIVISION,WASHUK DISTRICT,091,washuk,Balochistan,0,DDS-BA-0148,sub_division
350,NAG SUB-TEHSIL,WASHUK DISTRICT,091,washuk,Balochistan,0,DDS-BA-0149,sub_tehsil
351,SHAHOO GARHI SUB-TEHSIL,WASHUK DISTRICT,091,washuk,Balochistan,0,DDS-BA-0150,sub_tehsil
352,WASHUK SUB-DIVISION,WASHUK DISTRICT,091,washuk,Balochistan,0,DDS-BA-0151,sub_division
353,GWADAR SUB-DIVISION,GWADAR DISTRICT,092,gwadar,Balochistan,0,DDS-BA-0026,sub_division
354,JIWANI TEHSIL,GWADAR DISTRICT,092,gwadar,Balochistan,0,DDS-BA-0027,tehsil
355,ORMARA TEHSIL,GWADAR DISTRICT,092,gwadar,Balochistan,0,DDS-BA-0028,tehsil
356,PASNI SUB-DIVISION,GWADAR DISTRICT,092,gwadar,Balochistan,0,DDS-BA-0029,sub_division
357,SUNTSER SUB-TEHSIL,GWADAR DISTRICT,092,gwadar,Balochistan,0,DDS-BA-0030,sub_tehsil
358,BALNIGORE SUB-TEHSIL,KECH DISTRICT,093,kech,Balochistan,0,DDS-BA-0050,sub_tehsil
359,BULAIDA SUB-DIVISION,KECH DISTRICT,093,kech,Balochistan,0,DDS-BA-0051,sub_division
360,DASHT SUB-DIVISION,KECH DISTRICT,093,kech,Balochistan,0,DDS-BA-0052,sub_division
361,HOSHAB SUB-TEHSIL,KECH DISTRICT,093,kech,Balochistan,0,DDS-BA-0053,sub_tehsil
362,TURBAT SUB-DIVISION,KECH DISTRICT,093,kech,Balochistan,0,DDS-BA-0056,sub_division
363,MAND TEHSIL,KECH DISTRICT,093,kech,Balochistan,0,DDS-BA-0054,tehsil
364,TUMP SUB-DIVISION,KECH DISTRICT,093,kech,Balochistan,0,DDS-BA-0055,sub_division
365,ZAMORAN SUB-TEHSIL,KECH DISTRICT,093,kech,Balochistan,0,DDS-BA-0057,sub_tehsil
366,GICHK SUB-TEHSIL,PANJGUR DISTRICT,094,panjgur,Balochistan,0,DDS-BA-0115,sub_tehsil
367,GOWARGO SUB-DIVISION,PANJGUR DISTRICT,094,panjgur,Balochistan,0,DDS-BA-0116,sub_division
368,PANJGUR SUB-DIVISION,PANJGUR DISTRICT,094,panjgur,Balochistan,0,DDS-BA-0119,sub_division
369,JAHEEN PAROME TEHSIL,PANJGUR DISTRICT,094,panjgur,Balochistan,0,DDS-BA-0117,tehsil
370,GANDAKHA TEHSIL,JAFFARABAD DISTRICT,095,jaffarabad,Balochistan,0,DDS-BA-0034,tehsil
371,JHAT PAT SUB-DIVISION,JAFFARABAD DISTRICT,095,jaffarabad,Balochistan,0,DDS-BA-0035,sub_division
372,SOHBATPUR SUB-DIVISION,SOHBATPUR DISTRICT,153,sohbatpur,Balochistan,0,DDS-BA-0142,sub_division
373,USTA MUHAMMAD SUB-DIVISION,JAFFARABAD DISTRICT,095,jaffarabad,Balochistan,0,DDS-BA-0036,sub_division
374,GANDAWA TEHSIL,JHAL MAGSI DISTRICT,096,jhal magsi,Balochistan,0,DDS-BA-0037,tehsil
375,JHAL MAGSI TEHSIL,JHAL MAGSI DISTRICT,096,jhal magsi,Balochistan,0,DDS-BA-0038,tehsil
376,MIRPUR SUB-TEHSIL,JHAL MAGSI DISTRICT,096,jhal magsi,Balochistan,0,DDS-BA-0039,sub_tehsil
377,BALANARI SUB-TEHSIL,KACHHI DISTRICT,097,kachhi,Balochistan,0,DDS-BA-0040,sub_tehsil
378,BHAG SUB-DIVISION,KACHHI DISTRICT,097,kachhi,Balochistan,0,DDS-BA-0041,sub_division
379,DHADAR SUB-DIVISION,KACHHI DISTRICT,097,kachhi,Balochistan,0,DDS-BA-0042,sub_division
380,KHATTAN SUB-TEHSIL,KACHHI DISTRICT,097,kachhi,Balochistan,0,DDS-BA-0043,sub_tehsil
381,MACH SUB-DIVISION,KACHHI DISTRICT,097,kachhi,Balochistan,0,DDS-BA-0044,sub_division
383,SANNI SUB-DIVISION,KACHHI DISTRICT,097,kachhi,Balochistan,0,DDS-BA-0045,sub_division
384,BABA KOT TEHSIL,NASIRABAD DISTRICT,098,nasirabad,Balochistan,0,DDS-BA-0107,tehsil
385,CHATTAR SUB-DIVISION,NASIRABAD DISTRICT,098,nasirabad,Balochistan,0,DDS-BA-0108,sub_division
386,DERA MURAD JAMALI SUB-DIVISION,NASIRABAD DISTRICT,098,nasirabad,Balochistan,0,DDS-BA-0109,sub_division
387,TAMBOO TEHSIL,NASIRABAD DISTRICT,098,nasirabad,Balochistan,0,DDS-BA-0112,tehsil
388,CHAGAI TEHSIL,CHAGAI DISTRICT,099,chaghi,Balochistan,0,DDS-BA-0007,tehsil
389,DALBANDIN SUB-DIVISION,CHAGAI DISTRICT,099,chaghi,Balochistan,0,DDS-BA-0008,sub_division
390,NOKUNDI TEHSIL,CHAGAI DISTRICT,099,chaghi,Balochistan,0,DDS-BA-0009,tehsil
391,TAFTAN SUB-DIVISION,CHAGAI DISTRICT,099,chaghi,Balochistan,0,DDS-BA-0010,sub_division
392,CHAMAN SADDAR SUB-DIVISION,CHAMAN DISTRICT,167,killa abdullah,Balochistan,0,DDS-BA-0013,sub_division
393,DOBANDI SUB-TEHSIL,KILLA ABDULLAH DISTRICT,100,killa abdullah,Balochistan,0,DDS-BA-0072,sub_tehsil
394,GULISTAN SUB-DIVISION,KILLA ABDULLAH DISTRICT,100,killa abdullah,Balochistan,0,DDS-BA-0073,sub_division
395,KILLA ABDULLAH SUB-DIVISION,KILLA ABDULLAH DISTRICT,100,killa abdullah,Balochistan,0,DDS-BA-0074,sub_division
396,NUSHKI SUB-DIVISION,NUSHKI DISTRICT,101,nushki,Balochistan,0,DDS-BA-0114,sub_division
397,BARSHORE TEHSIL,PISHIN DISTRICT,102,pishin,Balochistan,0,DDS-BA-0120,tehsil
398,HURRAM ZAI SUB-DIVISION,PISHIN DISTRICT,102,pishin,Balochistan,0,DDS-BA-0122,sub_division
399,KAREZAT SUB-DIVISION,PISHIN DISTRICT,102,pishin,Balochistan,0,DDS-BA-0123,sub_division
400,PISHIN SUB-DIVISION,PISHIN DISTRICT,102,pishin,Balochistan,0,DDS-BA-0125,sub_division
401,SARANAN TEHSIL,PISHIN DISTRICT,102,pishin,Balochistan,0,DDS-BA-0126,tehsil
402,PANJPAI SUB-DIVISION,QUETTA DISTRICT,103,quetta,Balochistan,0,DDS-BA-0131,sub_tehsil
404,SADDAR TEHSIL,QUETTA DISTRICT,103,quetta,Balochistan,0,DDS-BA-0129,sub_division
405,BAIKER SUB-TEHSIL,DERA BUGTI DISTRICT,104,dera bugti,Balochistan,0,DDS-BA-0014,sub_tehsil
406,DERA BUGTI SUB-DIVISION,DERA BUGTI DISTRICT,104,dera bugti,Balochistan,0,DDS-BA-0015,sub_division
407,LOTI SUB-TEHSIL,DERA BUGTI DISTRICT,104,dera bugti,Balochistan,0,DDS-BA-0016,sub_tehsil
408,MALAM SUB-TEHSIL,DERA BUGTI DISTRICT,104,dera bugti,Balochistan,0,DDS-BA-0017,sub_tehsil
409,QADIRABAD SUB-DIVISION,DERA BUGTI DISTRICT,104,dera bugti,Balochistan,0,DDS-BA-0019,sub_division
410,PIR KOH SUB-TEHSIL,DERA BUGTI DISTRICT,104,dera bugti,Balochistan,0,DDS-BA-0018,sub_tehsil
411,SANGSILLAH SUB-TEHSIL,DERA BUGTI DISTRICT,104,dera bugti,Balochistan,0,DDS-BA-0020,sub_tehsil
412,SUI SUB-DIVISION,DERA BUGTI DISTRICT,104,dera bugti,Balochistan,0,DDS-BA-0021,sub_division
413,HARNAI SUB-DIVISION,HARNAI DISTRICT,105,harnai,Balochistan,0,DDS-BA-0031,sub_division
414,KHOAST SUB-DIVISION,HARNAI DISTRICT,105,harnai,Balochistan,0,DDS-BA-0032,sub_division
415,SHAHRIG TEHSIL,HARNAI DISTRICT,105,harnai,Balochistan,0,DDS-BA-0033,tehsil
416,GRISANI SUB-TEHSIL,KOHLU DISTRICT,106,kohlu,Balochistan,0,DDS-BA-0081,sub_tehsil
417,KAHAN SUB-DIVISION,KOHLU DISTRICT,106,kohlu,Balochistan,0,DDS-BA-0082,sub_division
418,KOHLU SUB-DIVISION,KOHLU DISTRICT,106,kohlu,Balochistan,0,DDS-BA-0083,sub_division
419,MAWAND SUB-DIVISION,KOHLU DISTRICT,106,kohlu,Balochistan,0,DDS-BA-0084,sub_division
420,TAMBOO SUB-TEHSIL,KOHLU DISTRICT,106,kohlu,Balochistan,0,DDS-BA-0085,sub_tehsil
421,KOT MANDAI SUB-TEHSIL,SIBI DISTRICT,107,sibi,Balochistan,0,DDS-BA-0133,sub_tehsil
422,LEHRI SUB-DIVISION,SIBI DISTRICT,107,sibi,Balochistan,0,DDS-BA-0134,sub_division
423,SANGAN SUB-TEHSIL,SIBI DISTRICT,107,sibi,Balochistan,0,DDS-BA-0135,sub_tehsil
424,SIBI SUB-DIVISION,SIBI DISTRICT,107,sibi,Balochistan,0,DDS-BA-0136,sub_division
425,SINJAWI SUB-DIVISION,ZIARAT DISTRICT,108,ziarat,Balochistan,0,DDS-BA-0157,sub_division
426,ZIARAT SUB-DIVISION,ZIARAT DISTRICT,108,ziarat,Balochistan,0,DDS-BA-0158,sub_division
427,BARKHAN TEHSIL,BARKHAN DISTRICT,109,barkhan,Balochistan,0,DDS-BA-0006,tehsil
428,BADINI SUB-TEHSIL,KILLA SAIFULLAH DISTRICT,110,killa saifullah,Balochistan,0,DDS-BA-0075,sub_tehsil
429,KAN MEHTARZAI SUB-TEHSIL,KILLA SAIFULLAH DISTRICT,110,killa saifullah,Balochistan,0,DDS-BA-0076,sub_tehsil
430,KILLA SAIFULLAH SUB-DIVISION,KILLA SAIFULLAH DISTRICT,110,killa saifullah,Balochistan,0,DDS-BA-0077,sub_division
431,LOIBAND TEHSIL,KILLA SAIFULLAH DISTRICT,110,killa saifullah,Balochistan,0,DDS-BA-0078,tehsil
432,MUSLIM BAGH TEHSIL,KILLA SAIFULLAH DISTRICT,110,killa saifullah,Balochistan,0,DDS-BA-0079,tehsil
434,SHINKI SUB-TEHSIL,KILLA SAIFULLAH DISTRICT,110,killa saifullah,Balochistan,0,DDS-BA-0080,sub_tehsil
436,DUKI SUB-DIVISION,DUKI DISTRICT,165,loralai,Balochistan,0,DDS-BA-0022,sub_division
437,BORI SUB-DIVISION,LORALAI DISTRICT,111,loralai,Balochistan,0,DDS-BA-0095,sub_division
438,MEKHTAR SUB-DIVISION,LORALAI DISTRICT,111,loralai,Balochistan,0,DDS-BA-0096,sub_division
439,DRUG TEHSIL,MUSAKHEL DISTRICT,112,musakhail,Balochistan,0,DDS-BA-0101,tehsil
440,KINGRI TEHSIL,MUSAKHEL DISTRICT,112,musakhail,Balochistan,0,DDS-BA-0102,tehsil
441,MUSAKHEL TEHSIL,MUSAKHEL DISTRICT,112,musakhail,Balochistan,0,DDS-BA-0103,tehsil
442,SHERANI SUB-DIVISION,SHERANI DISTRICT,113,sherani,Balochistan,0,DDS-BA-0132,sub_division
443,ASHWAT SUB-TEHSIL,ZHOB DISTRICT,114,zhob,Balochistan,0,DDS-BA-0152,sub_tehsil
444,KASHATOO SUB-TEHSIL,ZHOB DISTRICT,114,zhob,Balochistan,0,DDS-BA-0154,sub_tehsil
445,KAKAR KHURASAN SUB-DIVISION,ZHOB DISTRICT,114,zhob,Balochistan,0,DDS-BA-0153,sub_division
446,SAMBAZA SUB-TEHSIL,ZHOB DISTRICT,114,zhob,Balochistan,0,DDS-BA-0155,sub_tehsil
447,ZHOB SUB-DIVISION,ZHOB DISTRICT,114,zhob,Balochistan,0,DDS-BA-0156,sub_division
448,BAR CHAMER KAND TEHSIL,BAJAUR DISTRICT,115,bajaur agency,Khyber Pakhtunkhwa,1,DDS-KP-0164,tehsil
449,BARANG TEHSIL,BAJAUR DISTRICT,115,bajaur agency,Khyber Pakhtunkhwa,1,DDS-KP-0165,tehsil
450,KHAR BAJAUR TEHSIL,BAJAUR DISTRICT,115,bajaur agency,Khyber Pakhtunkhwa,1,DDS-KP-0166,tehsil
451,MAMUND TEHSIL,BAJAUR DISTRICT,115,bajaur agency,Khyber Pakhtunkhwa,1,DDS-KP-0167,tehsil
452,NAWAGAI TEHSIL,BAJAUR DISTRICT,115,bajaur agency,Khyber Pakhtunkhwa,1,DDS-KP-0168,tehsil
453,SALARZAI TEHSIL,BAJAUR DISTRICT,115,bajaur agency,Khyber Pakhtunkhwa,1,DDS-KP-0169,tehsil
454,UTMAN KHEL TEHSIL,BAJAUR DISTRICT,115,bajaur agency,Khyber Pakhtunkhwa,1,DDS-KP-0170,tehsil
455,BARA TEHSIL,KHYBER DISTRICT,116,khyber agency,Khyber Pakhtunkhwa,1,DDS-KP-0202,tehsil
456,JAMRUD TEHSIL,KHYBER DISTRICT,116,khyber agency,Khyber Pakhtunkhwa,1,DDS-KP-0203,tehsil
457,LANDI KOTAL TEHSIL,KHYBER DISTRICT,116,khyber agency,Khyber Pakhtunkhwa,1,DDS-KP-0204,tehsil
458,MULLA GORI TEHSIL,KHYBER DISTRICT,116,khyber agency,Khyber Pakhtunkhwa,1,DDS-KP-0205,tehsil
459,CENTRAL KURRAM F.R TEHSIL,KURRAM DISTRICT,117,kurram agency,Khyber Pakhtunkhwa,1,DDS-KP-0212,tehsil
460,LOWER KURRAM TEHSIL,KURRAM DISTRICT,117,kurram agency,Khyber Pakhtunkhwa,1,DDS-KP-0213,tehsil
461,UPPER KURRAM TEHSIL,KURRAM DISTRICT,117,kurram agency,Khyber Pakhtunkhwa,1,DDS-KP-0214,tehsil
462,AMBAR UTMAN KHEL TEHSIL,MOHMAND DISTRICT,118,mohmand agency,Khyber Pakhtunkhwa,1,DDS-KP-0239,tehsil
463,HALIM ZAI TEHSIL,MOHMAND DISTRICT,118,mohmand agency,Khyber Pakhtunkhwa,1,DDS-KP-0240,tehsil
464,PINDIALI TEHSIL,MOHMAND DISTRICT,118,mohmand agency,Khyber Pakhtunkhwa,1,DDS-KP-0241,tehsil
465,PRANG GHAR TEHSIL,MOHMAND DISTRICT,118,mohmand agency,Khyber Pakhtunkhwa,1,DDS-KP-0242,tehsil
466,SAFI TEHSIL,MOHMAND DISTRICT,118,mohmand agency,Khyber Pakhtunkhwa,1,DDS-KP-0243,tehsil
467,UPPER MOHMAND TEHSIL,MOHMAND DISTRICT,118,mohmand agency,Khyber Pakhtunkhwa,1,DDS-KP-0244,tehsil
468,YAKE GHUND TEHSIL,MOHMAND DISTRICT,118,mohmand agency,Khyber Pakhtunkhwa,1,DDS-KP-0245,tehsil
469,DATTA KHEL TEHSIL,NORTH WAZIRISTAN DISTRICT,119,north waziristan agency,Khyber Pakhtunkhwa,1,DDS-KP-0246,tehsil
470,DOSSALI TEHSIL,NORTH WAZIRISTAN DISTRICT,119,north waziristan agency,Khyber Pakhtunkhwa,1,DDS-KP-0247,tehsil
471,GHARYUM TEHSIL,NORTH WAZIRISTAN DISTRICT,119,north waziristan agency,Khyber Pakhtunkhwa,1,DDS-KP-0248,tehsil
472,GHULAM KHAN TEHSIL,NORTH WAZIRISTAN DISTRICT,119,north waziristan agency,Khyber Pakhtunkhwa,1,DDS-KP-0249,tehsil
473,MIR ALI TEHSIL,NORTH WAZIRISTAN DISTRICT,119,north waziristan agency,Khyber Pakhtunkhwa,1,DDS-KP-0250,tehsil
474,MIRAN SHAH TEHSIL,NORTH WAZIRISTAN DISTRICT,119,north waziristan agency,Khyber Pakhtunkhwa,1,DDS-KP-0251,tehsil
475,RAZMAK TEHSIL,NORTH WAZIRISTAN DISTRICT,119,north waziristan agency,Khyber Pakhtunkhwa,1,DDS-KP-0252,tehsil
476,SHEWA TEHSIL,NORTH WAZIRISTAN DISTRICT,119,north waziristan agency,Khyber Pakhtunkhwa,1,DDS-KP-0253,tehsil
477,SPINWAM TEHSIL,NORTH WAZIRISTAN DISTRICT,119,north waziristan agency,Khyber Pakhtunkhwa,1,DDS-KP-0254,tehsil
478,CENTRAL TEHSIL,ORAKZAI DISTRICT,120,orakzai agency,Khyber Pakhtunkhwa,1,DDS-KP-0258,tehsil
479,ISMAIL ZAI TEHSIL,ORAKZAI DISTRICT,120,orakzai agency,Khyber Pakhtunkhwa,1,DDS-KP-0259,tehsil
480,LOWER TEHSIL,ORAKZAI DISTRICT,120,orakzai agency,Khyber Pakhtunkhwa,1,DDS-KP-0260,tehsil
481,UPPER TEHSIL,ORAKZAI DISTRICT,120,orakzai agency,Khyber Pakhtunkhwa,1,DDS-KP-0261,tehsil
482,BIRMIL TEHSIL,SOUTH WAZIRISTAN DISTRICT,121,south waziristan agency,Khyber Pakhtunkhwa,1,DDS-KP-0274,tehsil
483,LADHA TEHSIL,SOUTH WAZIRISTAN DISTRICT,121,south waziristan agency,Khyber Pakhtunkhwa,1,DDS-KP-0275,tehsil
484,MAKIN TEHSIL,SOUTH WAZIRISTAN DISTRICT,121,south waziristan agency,Khyber Pakhtunkhwa,1,DDS-KP-0276,tehsil
485,SARAROGHA TEHSIL,SOUTH WAZIRISTAN DISTRICT,121,south waziristan agency,Khyber Pakhtunkhwa,1,DDS-KP-0277,tehsil
486,SERWEKAI TEHSIL,SOUTH WAZIRISTAN DISTRICT,121,south waziristan agency,Khyber Pakhtunkhwa,1,DDS-KP-0278,tehsil
487,TIARZA TEHSIL,SOUTH WAZIRISTAN DISTRICT,121,south waziristan agency,Khyber Pakhtunkhwa,1,DDS-KP-0280,tehsil
488,TOI KHULLA TEHSIL,SOUTH WAZIRISTAN DISTRICT,121,south waziristan agency,Khyber Pakhtunkhwa,1,DDS-KP-0281,tehsil
489,WANA TEHSIL,SOUTH WAZIRISTAN DISTRICT,121,south waziristan agency,Khyber Pakhtunkhwa,1,DDS-KP-0282,tehsil
492,ISLAMABAD TEHSIL,ISLAMABAD DISTRICT,128,islamabad,Islamabad Capital Territory,0,DDS-IS-0159,tehsil
493,KHARMANG SUB-DIVISION,KHARMANG DISTRICT,155,skardu,Gilgit-Baltistan,0,,
494,SHIGAR SUB-DIVISION,SHIGAR DISTRICT,156,skardu,Gilgit-Baltistan,0,,
495,SKARDU SUB-DIVISION,SKARDU DISTRICT,129,skardu,Gilgit-Baltistan,0,,
496,KHAPLU SUB-DIVISION,GHANCHE DISTRICT,130,ghanchi,Gilgit-Baltistan,0,,
497,MASHABBRUM SUB-DIVISION,GHANCHE DISTRICT,130,ghanchi,Gilgit-Baltistan,0,,
498,ASTORE SUB-DIVISION,ASTORE DISTRICT,131,astor,Gilgit-Baltistan,0,,
499,SHOUNTAR SUB-DIVISION,ASTORE DISTRICT,131,astor,Gilgit-Baltistan,0,,
500,CHILAS SUB-DIVISION,DIAMER DISTRICT,132,diamir,Gilgit-Baltistan,0,,
501,DAREL SUB-DIVISION,DIAMER DISTRICT,132,diamir,Gilgit-Baltistan,0,,
502,GUPIS SUB-DIVISION,GHIZER DISTRICT,133,ghizer,Gilgit-Baltistan,0,,
503,PUNIAL SUB-DIVISION,GHIZER DISTRICT,133,ghizer,Gilgit-Baltistan,0,,
504,GILGIT SUB-DIVISION,GILGIT DISTRICT,134,gilgit,Gilgit-Baltistan,0,,
505,ALI ABAD SUB-DIVISION,HUNZA DISTRICT,135,hunza nagar,Gilgit-Baltistan,0,,
506,NAGAR-I SUB-DIVISION,NAGAR DISTRICT,157,hunza nagar,Gilgit-Baltistan,0,,
507,BARNALA TEHSIL,BHIMBER DISTRICT,136,bhimber,Azad Jammu & Kashmir,0,,
508,BHIMBER TEHSIL,BHIMBER DISTRICT,136,bhimber,Azad Jammu & Kashmir,0,,
509,SAMAHNI TEHSIL,BHIMBER DISTRICT,136,bhimber,Azad Jammu & Kashmir,0,,
510,CHARHOI TEHSIL,KOTLI DISTRICT,137,kotli,Azad Jammu & Kashmir,0,,
511,FATEHPUR THAKIALA TEHSIL,KOTLI DISTRICT,137,kotli,Azad Jammu & Kashmir,0,,
512,KHUI RATTA TEHSIL,KOTLI DISTRICT,137,kotli,Azad Jammu & Kashmir,0,,
513,KOTLI TEHSIL,KOTLI DISTRICT,137,kotli,Azad Jammu & Kashmir,0,,
514,SEHNSA TEHSIL,KOTLI DISTRICT,137,kotli,Azad Jammu & Kashmir,0,,
515,DUDYAL TEHSIL,MIRPUR DISTRICT,138,mirpur,Azad Jammu & Kashmir,0,,
516,MIRPUR TEHSIL,MIRPUR DISTRICT,138,mirpur,Azad Jammu & Kashmir,0,,
517,CHIKAR TEHSIL,JHELUM VALLEY DISTRICT,139,hattian,Azad Jammu & Kashmir,0,,
518,HATTIAN TEHSIL,JHELUM VALLEY DISTRICT,139,hattian,Azad Jammu & Kashmir,0,,
520,MUZAFFARABAD TEHSIL,MUZAFFARABAD DISTRICT,140,muzaffarabad,Azad Jammu & Kashmir,0,,
521,NASEERABAD TEHSIL,MUZAFFARABAD DISTRICT,140,muzaffarabad,Azad Jammu & Kashmir,0,,
522,ATH MUQAM TEHSIL,NEELUM DISTRICT,141,neelum,Azad Jammu & Kashmir,0,,
523,SHARDA TEHSIL,NEELUM DISTRICT,141,neelum,Azad Jammu & Kashmir,0,,
524,BAGH TEHSIL,BAGH DISTRICT,142,bagh,Azad Jammu & Kashmir,0,,
525,DHIR KOT TEHSIL,BAGH DISTRICT,142,bagh,Azad Jammu & Kashmir,0,,
526,HARI GAIL TEHSIL,BAGH DISTRICT,142,bagh,Azad Jammu & Kashmir,0,,
527,HAVELI TEHSIL,HAVELI DISTRICT,143,haveli,Azad Jammu & Kashmir,0,,
528,KHURSHID ABAD TEHSIL,HAVELI DISTRICT,143,haveli,Azad Jammu & Kashmir,0,,
529,ABBASPUR TEHSIL,POONCH DISTRICT,144,poonch,Azad Jammu & Kashmir,0,,
530,HAJIRA TEHSIL,POONCH DISTRICT,144,poonch,Azad Jammu & Kashmir,0,,
531,RAWALAKOT TEHSIL,POONCH DISTRICT,144,poonch,Azad Jammu & Kashmir,0,,
532,THORAR TEHSIL,POONCH DISTRICT,144,poonch,Azad Jammu & Kashmir,0,,
533,BALUCH TEHSIL,SUDHNOTI DISTRICT,145,sudhnutti,Azad Jammu & Kashmir,0,,
534,MANG TEHSIL,SUDHNOTI DISTRICT,145,sudhnutti,Azad Jammu & Kashmir,0,,
535,PALLANDARI TEHSIL,SUDHNOTI DISTRICT,145,sudhnutti,Azad Jammu & Kashmir,0,,
536,TARAR KHAL TEHSIL,SUDHNOTI DISTRICT,145,sudhnutti,Azad Jammu & Kashmir,0,,
546,JEHANGIRA TEHSIL,NOWSHERA DISTRICT,024,nowshera,Khyber Pakhtunkhwa,0,DDS-KP-0255,tehsil
547,MODEL TOWN TEHSIL,LAHORE DISTRICT,044,lahore,Punjab,0,DDS-PB-0379,tehsil
548,RAIWIND TEHSIL,LAHORE DISTRICT,044,lahore,Punjab,0,DDS-PB-0380,tehsil
549,SHALIMAR TEHSIL,LAHORE DISTRICT,044,lahore,Punjab,0,DDS-PB-0381,tehsil
550,SHUJAABAD TALUKA,MIRPUR KHAS DISTRICT,076,mirpurkhas,Sindh,0,DDS-SD-0540,tehsil
552,DAHLI TALUKA,THARPARKAR DISTRICT,078,tharparkar,Sindh,0,DDS-SD-0578,tehsil
553,ISLAMKOT TALUKA,THARPARKAR DISTRICT,078,tharparkar,Sindh,0,DDS-SD-0580,tehsil
554,AIRPORT SUB-DIVISION,MALIR DISTRICT,148,malir,Sindh,0,DDS-SD-0526,sub_division
555,ARAM BAGH SUB-DIVISION,KARACHI SOUTH DISTRICT,150,karachi south,Sindh,0,DDS-SD-0495,sub_division
556,BALDIA SUB-DIVISION,KEAMARI DISTRICT,166,keamari,Sindh,0,DDS-SD-0506,sub_division
557,BIN QASIM SUB-DIVISION,MALIR DISTRICT,148,malir,Sindh,0,DDS-SD-0527,sub_division
559,CIVIL LINES SUB-DIVISION,KARACHI SOUTH DISTRICT,150,karachi south,Sindh,0,DDS-SD-0496,sub_division
562,FEROZABAD SUB-DIVISION,KARACHI EAST DISTRICT,146,karachi east,Sindh,0,DDS-SD-0491,sub_division
563,GADAP SUB-DIVISION,MALIR DISTRICT,148,malir,Sindh,0,DDS-SD-0528,sub_division
564,GARDEN SUB-DIVISION,KARACHI SOUTH DISTRICT,150,karachi south,Sindh,0,DDS-SD-0497,sub_division
565,GULBERG SUB-DIVISION,KARACHI CENTRAL DISTRICT,149,karachi central,Sindh,0,DDS-SD-0486,sub_division
566,GULSHAN-E-IQBAL SUB-DIVISION,KARACHI EAST DISTRICT,146,karachi east,Sindh,0,DDS-SD-0492,sub_division
567,GULZAR-E-HIJRI SUB-DIVISION,KARACHI EAST DISTRICT,146,karachi east,Sindh,0,DDS-SD-0493,sub_division
568,KEAMARI SUB-DIVISION,KEAMARI DISTRICT,166,keamari,Sindh,0,DDS-SD-0507,sub_division
570,IBRAHIM HYDRI SUB-DIVISION,MALIR DISTRICT,148,malir,Sindh,0,DDS-SD-0529,sub_division
572,JAMSHED QUARTERS SUB-DIVISION,KARACHI EAST DISTRICT,146,karachi east,Sindh,0,DDS-SD-0494,sub_division
574,KORANGI SUB-DIVISION,KORANGI DISTRICT,154,korangi,Sindh,0,DDS-SD-0518,sub_division
576,LANDHI SUB-DIVISION,KORANGI DISTRICT,154,korangi,Sindh,0,DDS-SD-0519,sub_division
577,LIAQUATABAD SUB-DIVISION,KARACHI CENTRAL DISTRICT,149,karachi central,Sindh,0,DDS-SD-0487,sub_division
578,LYARI SUB-DIVISION,KARACHI SOUTH DISTRICT,150,karachi south,Sindh,0,DDS-SD-0498,sub_division
580,MANGHOPIR SUB-DIVISION,KARACHI WEST DISTRICT,147,karachi west,Sindh,0,DDS-SD-0500,sub_division
582,MAURIPUR SUB-DIVISION,KEAMARI DISTRICT,166,keamari,Sindh,0,DDS-SD-0508,sub_division
583,MODEL COLONY SUB-DIVISION,KORANGI DISTRICT,154,korangi,Sindh,0,DDS-SD-0520,sub_division
584,MOMINABAD SUB-DIVISION,KARACHI WEST DISTRICT,147,karachi west,Sindh,0,DDS-SD-0501,sub_division
586,MURAD MEMON SUB-DIVISION,MALIR DISTRICT,148,malir,Sindh,0,DDS-SD-0530,sub_division
587,NAZIMABAD SUB-DIVISION,KARACHI CENTRAL DISTRICT,149,karachi central,Sindh,0,DDS-SD-0488,sub_division
588,NEW KARACHI SUB-DIVISION,KARACHI CENTRAL DISTRICT,149,karachi central,Sindh,0,DDS-SD-0489,sub_division
589,NORTH NAZIMABAD SUB-DIVISION,KARACHI CENTRAL DISTRICT,149,karachi central,Sindh,0,DDS-SD-0490,sub_division
590,ORANGI SUB-DIVISION,KARACHI WEST DISTRICT,147,karachi west,Sindh,0,DDS-SD-0502,sub_division
591,SADDAR SUB-DIVISION,KARACHI SOUTH DISTRICT,150,karachi south,Sindh,0,DDS-SD-0499,sub_division
592,SHAH FAISAL SUB-DIVISION,KORANGI DISTRICT,154,korangi,Sindh,0,DDS-SD-0521,sub_division
593,SHAH MUREED SUB-DIVISION,MALIR DISTRICT,148,malir,Sindh,0,DDS-SD-0531,sub_division
594,SITE SUB-DIVISION,KEAMARI DISTRICT,166,keamari,Sindh,0,DDS-SD-0509,sub_division
596,BISHAM TEHSIL,SHANGLA DISTRICT,018,shangla,Khyber Pakhtunkhwa,0,DDS-KP-0270,tehsil
597,NOWSHERA TEHSIL,KHUSHAB DISTRICT,059,khushab,Punjab,0,DDS-PB-0375,tehsil
598,FARIDABAD TEHSIL,SOHBATPUR DISTRICT,153,sohbatpur,Balochistan,0,DDS-BA-0137,tehsil
600,KHANDER TEHSIL,TORGHAR DISTRICT,010,tor ghar,Khyber Pakhtunkhwa,0,DDS-KP-0298,tehsil
601,KALOI TALUKA,THARPARKAR DISTRICT,078,tharparkar,Sindh,0,DDS-SD-0581,tehsil
602,BAHAWALPUR SADDAR TEHSIL,BAHAWALPUR DISTRICT,027,bahawalpur,Punjab,0,DDS-PB-0321,tehsil
603,WAZIR SUB-DIVISION,BANNU DISTRICT,001,bannu,Khyber Pakhtunkhwa,0,DDS-KP-0176,sub_division
604,BETTANI SUB-DIVISION,LAKKI MARWAT DISTRICT,002,lakki marwat,Khyber Pakhtunkhwa,0,DDS-KP-0215,sub_division
605,DRAZANDA SUB-DIVISION,DERA ISMAIL KHAN DISTRICT,003,dera ismail khan,Khyber Pakhtunkhwa,0,DDS-KP-0190,sub_division
606,JANDOLA SUB-DIVISION,TANK DISTRICT,004,tank,Khyber Pakhtunkhwa,0,DDS-KP-0294,sub_division
607,DARRA ADAM KHEL SUB-DIVISION,KOHAT DISTRICT,013,kohat,Khyber Pakhtunkhwa,0,DDS-KP-0206,sub_division
608,HASSAN KHEL SUB-DIVISION,PESHAWAR DISTRICT,025,peshawar,Khyber Pakhtunkhwa,0,DDS-KP-0264,sub_division
613,PATKAIN SUB-TEHSIL,KHARAN DISTRICT,087,kharan,Balochistan,0,DDS-BA-0059,sub_tehsil
615,DARBAND TEHSIL,MANSEHRA DISTRICT,009,mansehra,Khyber Pakhtunkhwa,0,DDS-KP-0231,tehsil
616,BAFFA PAKHAL TEHSIL,MANSEHRA DISTRICT,009,mansehra,Khyber Pakhtunkhwa,0,DDS-KP-0229,tehsil
617,LORA TEHSIL,ABBOTTABAD DISTRICT,005,abbottabad,Khyber Pakhtunkhwa,0,DDS-KP-0162,tehsil
618,LOWER TANAWAL TEHSIL,ABBOTTABAD DISTRICT,005,abbottabad,Khyber Pakhtunkhwa,0,DDS-KP-0163,tehsil
619,KHANPUR TEHSIL,HARIPUR DISTRICT,007,haripur,Khyber Pakhtunkhwa,0,DDS-KP-0198,tehsil
620,CHAKISAR TEHSIL,SHANGLA DISTRICT,018,shangla,Khyber Pakhtunkhwa,0,DDS-KP-0271,tehsil
621,KAKKI TEHSIL,BANNU DISTRICT,001,bannu,Khyber Pakhtunkhwa,0,DDS-KP-0174,tehsil
622,GUMBAT TEHSIL,KOHAT DISTRICT,013,kohat,Khyber Pakhtunkhwa,0,DDS-KP-0207,tehsil
623,RUSTAM TEHSIL,MARDAN DISTRICT,021,mardan,Khyber Pakhtunkhwa,0,DDS-KP-0237,tehsil
663,GHARI KAPOORA TEHSIL,MARDAN DISTRICT,021,mardan,Khyber Pakhtunkhwa,0,DDS-KP-0234,tehsil
664,BAKKA KHEL TEHSIL,BANNU DISTRICT,001,bannu,Khyber Pakhtunkhwa,0,DDS-KP-0171,tehsil
665,MARTUNG TEHSIL,SHANGLA DISTRICT,018,shangla,Khyber Pakhtunkhwa,0,DDS-KP-0272,tehsil
667,BADHBER TEHSIL,PESHAWAR DISTRICT,025,peshawar,Khyber Pakhtunkhwa,0,DDS-KP-0262,tehsil
668,CHAM KANI TEHSIL,PESHAWAR DISTRICT,025,peshawar,Khyber Pakhtunkhwa,0,DDS-KP-0263,tehsil
669,MATHRA TEHSIL,PESHAWAR DISTRICT,025,peshawar,Khyber Pakhtunkhwa,0,DDS-KP-0265,tehsil
670,PISHTA KHARA TEHSIL,PESHAWAR DISTRICT,025,peshawar,Khyber Pakhtunkhwa,0,DDS-KP-0267,tehsil
671,SHAH ALAM TEHSIL,PESHAWAR DISTRICT,025,peshawar,Khyber Pakhtunkhwa,0,DDS-KP-0268,tehsil
672,CHOWK SARWAR SHAHEED TEHSIL,MUZAFFARGARH DISTRICT,031,muzaffargarh,Punjab,0,DDS-PB-0399,tehsil
673,SARIAB SUB-DIVISION,QUETTA DISTRICT,103,quetta,Balochistan,0,DDS-BA-0130,sub_division
674,KUCHLAK SUB-DIVISION,QUETTA DISTRICT,103,quetta,Balochistan,0,DDS-BA-0128,sub_division
675,MIR HASSAN KHOSA TEHSIL,NASIRABAD DISTRICT,098,nasirabad,Balochistan,0,DDS-BA-0111,tehsil
676,NAGAR-II SUB-DIVISION,NAGAR DISTRICT,157,hunza nagar,Gilgit-Baltistan,0,,
677,GHAZNI KHEL TEHSIL,LAKKI MARWAT DISTRICT,002,lakki marwat,Khyber Pakhtunkhwa,0,DDS-KP-0216,tehsil
678,MERYAN TEHSIL,BANNU DISTRICT,001,bannu,Khyber Pakhtunkhwa,0,DDS-KP-0175,tehsil
679,GADEZAI TEHSIL,BUNER DISTRICT,014,buner,Khyber Pakhtunkhwa,0,DDS-KP-0181,tehsil
680,CHAGHARZAI TEHSIL,BUNER DISTRICT,014,buner,Khyber Pakhtunkhwa,0,DDS-KP-0179,tehsil
681,DAUR MERA TEHSIL,TORGHAR DISTRICT,010,tor ghar,Khyber Pakhtunkhwa,0,DDS-KP-0296,tehsil
682,LANDHI TEHSIL,NASIRABAD DISTRICT,098,nasirabad,Balochistan,0,DDS-BA-0110,tehsil
683,SEO SUB-DIVISION,UPPER KOHISTAN DISTRICT,168,kohistan,Khyber Pakhtunkhwa,0,DDS-KP-0307,sub_division
684,HARBAN BHASHA TEHSIL,UPPER KOHISTAN DISTRICT,168,kohistan,Khyber Pakhtunkhwa,0,DDS-KP-0305,tehsil
685,BATTAIRA SUB-DIVISION,KOLAI PALAS KOHISTAN DISTRICT,008,kohistan,Khyber Pakhtunkhwa,0,DDS-KP-0210,sub_division
686,BANKAND RANOLIA TEHSIL,LOWER KOHISTAN DISTRICT,169,kohistan,Khyber Pakhtunkhwa,0,DDS-KP-0225,tehsil
687,JAGLOTE SUB-DIVISION,GILGIT DISTRICT,134,gilgit,Gilgit-Baltistan,0,,
689,CHORBAT SUB-DIVISION,GHANCHE DISTRICT,130,ghanchi,Gilgit-Baltistan,0,,
690,GOHARABAD SUB-DIVISION,DIAMER DISTRICT,132,diamir,Gilgit-Baltistan,0,,
691,TANGIR SUB-DIVISION,DIAMER DISTRICT,132,diamir,Gilgit-Baltistan,0,,
692,DANYORE SUB-DIVISION,GILGIT DISTRICT,134,gilgit,Gilgit-Baltistan,0,,
693,DOGHONI SUB-DIVISION,GHANCHE DISTRICT,130,ghanchi,Gilgit-Baltistan,0,,
694,YASIN SUB-DIVISION,GHIZER DISTRICT,133,ghizer,Gilgit-Baltistan,0,,
695,ISHKOMAN SUB-DIVISION,GHIZER DISTRICT,133,ghizer,Gilgit-Baltistan,0,,
696,GULMAT GOJAL SUB-DIVISION,HUNZA DISTRICT,135,hunza nagar,Gilgit-Baltistan,0,,
697,GAMBA SUB-DIVISION,SKARDU DISTRICT,129,skardu,Gilgit-Baltistan,0,,
698,RONDU SUB-DIVISION,SKARDU DISTRICT,129,skardu,Gilgit-Baltistan,0,,
699,DROSH SUB-DIVISION,LOWER CHITRAL DISTRICT,015,chitral,Khyber Pakhtunkhwa,0,DDS-KP-0220,sub_division
700,DARLIAH JATTAN TEHSIL,KOTLI DISTRICT,137,kotli,Azad Jammu & Kashmir,0,,
701,KARNAH TEHSIL,JHELUM VALLEY DISTRICT,139,hattian,Azad Jammu & Kashmir,0,,
702,MUMTAZABAD TEHSIL,HAVELI DISTRICT,143,haveli,Azad Jammu & Kashmir,0,,
703,LARJUM SUB-DIVISION,UPPER DIR DISTRICT,020,upper dir,Khyber Pakhtunkhwa,0,DDS-KP-0301,sub_division
704,TIYAR ESSOT SUB-TEHSIL,MUSAKHEL DISTRICT,112,musakhail,Balochistan,0,DDS-BA-0104,sub_tehsil
705,TOISAR TEHSIL,MUSAKHEL DISTRICT,112,musakhail,Balochistan,0,DDS-BA-0105,tehsil
706,ZIMRI PLASEEN SUB-TEHSIL,MUSAKHEL DISTRICT,112,musakhail,Balochistan,0,DDS-BA-0106,sub_tehsil
707,LUNI SUB-DIVISION,DUKI DISTRICT,165,loralai,Balochistan,0,DDS-BA-0023,sub_division
708,TALAO SUB-TEHSIL,DUKI DISTRICT,165,loralai,Balochistan,0,DDS-BA-0024,sub_tehsil
709,THAL CHUTYALI SUB-DIVISION,DUKI DISTRICT,165,loralai,Balochistan,0,DDS-BA-0025,sub_division
710,YAK MACHH SUB-TEHSIL,CHAGAI DISTRICT,099,chaghi,Balochistan,0,DDS-BA-0011,sub_tehsil
711,SAEED MUHAMMAD KANRANI TEHSIL,SOHBATPUR DISTRICT,153,sohbatpur,Balochistan,0,DDS-BA-0141,tehsil
712,PANHWAR TEHSIL,SOHBATPUR DISTRICT,153,sohbatpur,Balochistan,0,DDS-BA-0140,tehsil
713,DAK SUB-TEHSIL,NUSHKI DISTRICT,101,nushki,Balochistan,0,DDS-BA-0113,sub_tehsil
714,GRESHA SUB-TEHSIL,KHUZDAR DISTRICT,088,khuzdar,Balochistan,0,DDS-BA-0063,sub_tehsil
715,JHAL JAO TEHSIL,AWARAN DISTRICT,085,awaran,Balochistan,0,DDS-BA-0003,tehsil
716,KALLAG SUB-TEHSIL,PANJGUR DISTRICT,094,panjgur,Balochistan,0,DDS-BA-0118,sub_tehsil
717,MANJHIPUR TEHSIL,SOHBATPUR DISTRICT,153,sohbatpur,Balochistan,0,DDS-BA-0139,tehsil
718,HAIR DIN TEHSIL,SOHBATPUR DISTRICT,153,sohbatpur,Balochistan,0,DDS-BA-0138,tehsil
719,GIDDER SUB-DIVISION,SURAB DISTRICT,164,kalat,Balochistan,0,DDS-BA-0144,sub_division
720,DASHT E GORAN SUB-DIVISION,SURAB DISTRICT,164,kalat,Balochistan,0,DDS-BA-0143,sub_division
721,SHAHEED MEHARABAD ZEHRI SUB-DIVISION,SURAB DISTRICT,164,kalat,Balochistan,0,DDS-BA-0145,sub_division
722,SHAKTOI TEHSIL,SOUTH WAZIRISTAN DISTRICT,121,south waziristan agency,Khyber Pakhtunkhwa,1,DDS-KP-0279,tehsil
723,CHAMAN CITY SUB-DIVISION,CHAMAN DISTRICT,167,killa abdullah,Balochistan,0,DDS-BA-0012,sub_division
724,NANA SAHIB TEHSIL,PISHIN DISTRICT,102,pishin,Balochistan,0,DDS-BA-0124,tehsil
727,BOSTAN TEHSIL,PISHIN DISTRICT,102,pishin,Balochistan,0,DDS-BA-0121,tehsil
728,CITY SUB-DIVISION,QUETTA DISTRICT,103,quetta,Balochistan,0,DDS-BA-0127,sub_division
