dd_id,name,district,district_code,province,area_km2,pop,popdens,rwi,rwi_pct,rwi_cells,nl_lowc,nl_2020,nl_2021,nl_2022,nl_2023,nl_2024,nl_2025,nl_2026,nl_growth
183,KOTLI SATTIAN TEHSIL,RAWALPINDI DISTRICT,054,PUNJAB,332.8,121742,365.8,-0.0492,61.5,79,0,0.072,0.325,2.177,0.372,2.035,0.844,1.758,2331.8
261,SUJAWAL JUNEJO TALUKA,KAMBAR SHAHDAD KOT DISTRICT,074,SINDH,372.0,135775,365.0,-0.2933,29.9,81,0,0.003,0.293,0.601,0.031,0.193,0.078,0.144,5258.0
472,GHULAM KHAN TEHSIL,NORTH WAZIRISTAN DISTRICT,119,KHYBER PAKHTUNKHWA,281.6,47178,167.5,-0.1966,43.3,28,0,0.0,0.0,0.013,0.004,0.055,0.224,0.0,
532,THORAR TEHSIL,POONCH DISTRICT,144,AZAD JAMMU & KASHMIR,61.0,21138,346.5,0.1787,80.2,14,0,0.394,0.412,1.211,0.577,2.152,2.805,4.91,1144.9
046,BABUZAI TEHSIL,SWAT DISTRICT,019,KHYBER PAKHTUNKHWA,300.1,374584,1248.2,0.4245,89.8,76,0,3.344,4.343,5.741,5.57,6.177,5.461,6.648,98.8
031,LACHI TEHSIL,KOHAT DISTRICT,013,KHYBER PAKHTUNKHWA,1098.5,191697,174.5,-0.2633,34.8,142,0,5.076,9.645,1.489,1.001,5.258,4.855,9.914,95.3
259,QUBO SAEED KHAN TALUKA,KAMBAR SHAHDAD KOT DISTRICT,074,SINDH,1085.8,98874,91.1,-0.501,3.7,125,0,0.281,0.158,1.17,0.029,0.147,0.121,0.098,-65.2
594,SITE SUB-DIVISION,KEAMARI DISTRICT,166,SINDH,23.9,621080,25986.6,0.9273,96.3,4,0,132.621,162.396,172.689,142.827,177.658,168.706,167.288,26.1
536,TARAR KHAL TEHSIL,SUDHNOTI DISTRICT,145,AZAD JAMMU & KASHMIR,66.7,43574,653.3,0.0505,70.9,15,0,0.268,0.077,0.366,0.594,1.542,2.51,4.6,1615.2
564,GARDEN SUB-DIVISION,KARACHI SOUTH DISTRICT,150,SINDH,4.2,212732,50650.6,,,0,0,271.626,335.236,278.007,281.926,277.948,233.214,219.979,-19.0
248,THUL TALUKA,JACOBABAD DISTRICT,071,SINDH,1234.1,520234,421.5,-0.3203,26.2,260,0,0.427,0.252,0.284,0.252,0.466,0.254,0.652,52.7
062,TOPI TEHSIL,SWABI DISTRICT,022,KHYBER PAKHTUNKHWA,440.6,448088,1017.0,0.1923,81.6,102,0,2.845,3.594,3.464,4.485,6.045,3.73,5.365,88.6
337,GADDANI TEHSIL,LASBELA DISTRICT,089,BALOCHISTAN,341.7,44008,128.8,0.0023,67.2,57,0,8.896,5.956,8.762,5.56,5.893,6.166,5.754,-35.3
360,DASHT SUB-DIVISION,KECH DISTRICT,093,BALOCHISTAN,3006.3,38352,12.8,-0.5517,1.2,55,0,0.0,0.0,0.004,0.0,0.0,0.0,0.0,
346,KIRDGAP SUB-DIVISION,MASTUNG DISTRICT,090,BALOCHISTAN,1202.7,22058,18.3,-0.4367,11.3,79,0,0.0,0.002,0.001,0.0,0.002,0.0,0.0,
091,ALIPUR TEHSIL,MUZAFFARGARH DISTRICT,031,PUNJAB,1439.1,688762,478.6,-0.0884,56.3,276,0,0.272,0.399,0.432,0.448,0.566,0.411,0.582,113.7
297,MIRWAH TALUKA,KHAIRPUR DISTRICT,081,SINDH,616.3,315250,511.5,-0.1199,52.0,131,0,0.237,0.151,0.116,0.166,0.223,0.247,0.243,2.6
464,PINDIALI TEHSIL,MOHMAND DISTRICT,118,KHYBER PAKHTUNKHWA,461.5,139686,302.7,-0.2465,37.3,85,0,0.236,0.785,1.056,0.77,0.939,0.893,1.482,527.9
693,DOGHONI SUB-DIVISION,GHANCHE DISTRICT,130,GILGIT-BALTISTAN,767.5,22077,28.8,-0.4244,12.8,24,0,0.0,0.005,0.001,0.068,0.031,0.006,0.061,
312,SALEHPAT TALUKA,SUKKUR DISTRICT,084,SINDH,2979.4,111399,37.4,-0.1791,45.0,158,0,0.135,0.109,0.152,0.103,0.222,0.181,0.307,127.6
119,KAMOKE TEHSIL,GUJRANWALA DISTRICT,037,PUNJAB,698.8,699469,1001.0,0.2328,83.7,157,0,2.025,3.047,3.755,4.479,5.149,4.965,7.411,266.0
148,SAFDARABAD TEHSIL,SHEIKHUPURA DISTRICT,046,PUNJAB,460.9,337489,732.2,-0.0024,65.9,107,0,0.646,1.043,0.984,0.926,1.491,1.422,2.999,364.2
722,SHAKTOI TEHSIL,SOUTH WAZIRISTAN DISTRICT,121,KHYBER PAKHTUNKHWA,123.2,14932,121.2,-0.428,12.2,22,0,0.0,0.0,0.0,0.0,0.0,0.0,0.0,
682,LANDHI TEHSIL,NASIRABAD DISTRICT,098,BALOCHISTAN,447.2,14715,32.9,-0.5254,2.2,21,0,0.019,0.006,0.0,0.131,0.0,0.0,0.009,-54.0
707,LUNI SUB-DIVISION,DUKI DISTRICT,165,BALOCHISTAN,551.6,20376,36.9,-0.4597,8.2,29,0,0.0,0.0,0.0,0.0,0.0,0.0,0.0,
390,NOKUNDI TEHSIL,CHAGAI DISTRICT,099,BALOCHISTAN,11721.3,15348,1.3,-0.3287,25.2,15,0,0.001,0.002,0.006,0.01,0.009,0.015,0.02,3703.2
052,MATTA TEHSIL,SWAT DISTRICT,019,KHYBER PAKHTUNKHWA,668.5,439253,657.1,-0.0047,65.8,140,0,0.128,0.366,0.44,0.713,0.767,0.326,0.518,305.8
563,GADAP SUB-DIVISION,MALIR DISTRICT,148,SINDH,1596.3,127181,79.7,0.0405,70.3,157,0,5.62,4.517,10.509,8.457,8.619,6.685,6.343,12.9
039,LAL QILA SUB-DIVISION,LOWER DIR DISTRICT,016,KHYBER PAKHTUNKHWA,243.3,163129,670.5,0.029,69.5,55,0,0.034,0.21,0.155,0.434,0.317,0.17,0.542,1511.5
270,KOT GHULAM MUHAMMAD TALUKA,MIRPUR KHAS DISTRICT,076,SINDH,794.9,278276,350.1,-0.3919,17.8,164,0,0.136,0.166,0.194,0.115,0.239,0.241,0.284,108.4
557,BIN QASIM SUB-DIVISION,MALIR DISTRICT,148,SINDH,457.2,288083,630.1,0.3717,88.1,77,0,20.557,20.9,25.499,23.382,23.997,25.148,27.537,34.0
674,KUCHLAK SUB-DIVISION,QUETTA DISTRICT,103,BALOCHISTAN,180.1,129350,718.2,0.4227,89.6,33,0,9.734,10.895,12.484,12.418,13.953,13.064,19.988,105.4
588,NEW KARACHI SUB-DIVISION,KARACHI CENTRAL DISTRICT,149,SINDH,18.2,695054,38189.8,1.4209,99.8,4,0,144.036,145.39,179.769,167.387,199.151,237.69,218.478,51.7
577,LIAQUATABAD SUB-DIVISION,KARACHI CENTRAL DISTRICT,149,SINDH,5.5,367405,66800.9,,,0,0,162.913,209.153,244.096,231.267,274.327,289.018,260.851,60.1
262,WARAH TALUKA,KAMBAR SHAHDAD KOT DISTRICT,074,SINDH,721.7,233224,323.2,-0.1993,42.9,127,0,1.303,1.137,1.443,0.922,0.926,0.894,0.701,-46.1
313,SUKKUR CITY TALUKA,SUKKUR DISTRICT,084,SINDH,6.5,41036,6313.2,0.7242,94.4,2,0,76.882,69.115,92.412,111.169,129.5,112.277,113.995,48.3
269,JHUDO TALUKA,MIRPUR KHAS DISTRICT,076,SINDH,496.9,180555,363.4,-0.3349,24.6,102,0,0.246,0.243,0.345,0.287,0.413,0.303,0.522,112.4
136,SIALKOT TEHSIL,SIALKOT DISTRICT,042,PUNJAB,933.5,1914319,2050.7,0.7961,94.6,214,0,7.282,9.892,11.635,14.063,16.21,16.565,18.957,160.3
576,LANDHI SUB-DIVISION,KORANGI DISTRICT,154,SINDH,18.4,361697,19657.5,1.254,99.2,3,0,112.148,149.933,159.329,153.493,163.434,168.297,179.556,60.1
583,MODEL COLONY SUB-DIVISION,KORANGI DISTRICT,154,SINDH,8.9,224845,25263.5,1.389,99.7,1,0,115.162,135.792,151.247,135.9,186.924,177.426,193.658,68.2
340,LAKHRA TEHSIL,LASBELA DISTRICT,089,BALOCHISTAN,1400.7,24594,17.6,-0.5616,0.9,116,0,0.0,0.0,0.0,0.0,0.0,0.0,0.0,
716,KALLAG SUB-TEHSIL,PANJGUR DISTRICT,094,BALOCHISTAN,710.1,22848,32.2,-0.3976,16.3,31,0,0.0,0.0,0.0,0.0,0.0,0.0,0.0,
374,GANDAWA TEHSIL,JHAL MAGSI DISTRICT,096,BALOCHISTAN,1285.4,39170,30.5,-0.5419,1.5,116,0,0.11,0.057,0.076,0.073,0.083,0.087,0.03,-73.1
663,GHARI KAPOORA TEHSIL,MARDAN DISTRICT,021,KHYBER PAKHTUNKHWA,168.0,253473,1508.8,0.1906,81.3,38,0,2.78,4.159,4.796,4.753,4.861,4.616,6.26,125.2
309,NEW SUKKUR TALUKA,SUKKUR DISTRICT,084,SINDH,243.6,547575,2247.8,0.5199,92.3,52,0,7.621,8.635,10.552,10.582,11.782,10.454,11.346,48.9
310,PANO AQIL TALUKA,SUKKUR DISTRICT,084,SINDH,974.3,419648,430.7,0.1568,79.4,207,0,1.251,1.32,2.216,1.944,1.852,1.322,1.429,14.2
591,SADDAR SUB-DIVISION,KARACHI SOUTH DISTRICT,150,SINDH,9.3,418457,44995.4,1.1965,99.1,4,0,256.365,308.184,321.591,284.781,300.888,307.302,295.245,15.2
450,KHAR BAJAUR TEHSIL,BAJAUR DISTRICT,115,KHYBER PAKHTUNKHWA,196.0,148722,758.8,0.0717,73.1,50,0,0.482,0.357,0.848,0.587,0.8,0.429,0.75,55.7
562,FEROZABAD SUB-DIVISION,KARACHI EAST DISTRICT,146,SINDH,20.0,737295,36864.8,1.2808,99.5,2,0,238.436,282.496,300.22,268.244,318.002,300.531,289.646,21.5
145,SHAH KOT TEHSIL,NANKANA SAHIB DISTRICT,045,PUNJAB,285.0,324946,1140.2,0.2808,85.6,67,0,2.543,3.952,3.924,4.593,4.474,4.832,7.469,193.7
032,DAGGAR TEHSIL,BUNER DISTRICT,014,KHYBER PAKHTUNKHWA,290.1,156909,540.9,-0.0526,61.3,68,0,0.279,0.504,2.976,0.363,0.797,0.421,0.534,91.4
098,ROJHAN TEHSIL,RAJANPUR DISTRICT,032,PUNJAB,4043.3,349228,86.4,-0.3285,25.4,349,0,0.056,0.045,0.07,0.048,0.06,0.048,0.054,-4.3
578,LYARI SUB-DIVISION,KARACHI SOUTH DISTRICT,150,SINDH,6.1,248927,40807.6,0.589,93.3,1,0,193.731,231.731,178.011,184.793,190.966,156.108,149.775,-22.7
582,MAURIPUR SUB-DIVISION,KEAMARI DISTRICT,166,SINDH,374.0,882257,2359.0,0.4428,90.4,71,0,22.033,18.852,23.937,17.01,22.504,19.638,19.574,-11.2
556,BALDIA SUB-DIVISION,KEAMARI DISTRICT,166,SINDH,32.8,371724,11333.0,1.0413,97.7,6,0,77.005,67.417,89.27,67.294,107.962,100.584,87.219,13.3
493,KHARMANG SUB-DIVISION,KHARMANG DISTRICT,155,GILGIT-BALTISTAN,2625.4,60150,22.9,-0.3575,21.4,110,0,0.018,0.0,0.001,0.043,0.007,0.003,0.015,-15.0
067,PABBI TEHSIL,NOWSHERA DISTRICT,024,KHYBER PAKHTUNKHWA,363.5,403905,1111.2,0.2917,86.1,75,0,3.08,4.135,4.156,4.4,4.684,3.525,4.905,59.2
287,DAHARKI TALUKA,GHOTKI DISTRICT,080,SINDH,2106.2,272133,129.2,-0.0482,61.6,174,0,1.934,1.93,2.853,3.176,2.756,2.137,2.313,19.6
687,JAGLOTE SUB-DIVISION,GILGIT DISTRICT,134,GILGIT-BALTISTAN,881.6,19995,22.7,-0.0048,65.6,19,0,0.181,0.195,0.299,0.334,0.234,0.206,0.318,75.7
694,YASIN SUB-DIVISION,GHIZER DISTRICT,133,GILGIT-BALTISTAN,2459.9,36013,14.6,-0.2732,33.3,43,0,0.004,0.007,0.006,0.074,0.027,0.031,0.048,1092.2
701,KARNAH TEHSIL,JHELUM VALLEY DISTRICT,139,AZAD JAMMU & KASHMIR,131.0,24098,184.0,-0.0177,64.7,19,0,0.434,0.332,0.342,0.32,0.211,0.108,0.182,-58.0
484,MAKIN TEHSIL,SOUTH WAZIRISTAN DISTRICT,121,KHYBER PAKHTUNKHWA,138.8,20341,146.5,-0.2435,38.1,18,0,0.0,0.0,0.0,0.0,0.036,0.0,0.008,
462,AMBAR UTMAN KHEL TEHSIL,MOHMAND DISTRICT,118,KHYBER PAKHTUNKHWA,221.6,36082,162.8,-0.4356,11.5,49,0,0.017,0.025,0.084,0.035,0.109,0.058,0.128,638.5
584,MOMINABAD SUB-DIVISION,KARACHI WEST DISTRICT,147,SINDH,20.4,219660,10767.6,1.144,98.6,5,0,114.465,102.991,137.812,101.401,144.815,130.651,135.508,18.4
172,CHOA SAIDAN SHAH TEHSIL,CHAKWAL DISTRICT,052,PUNJAB,490.1,187208,382.0,-0.0769,57.9,97,0,1.16,1.335,1.498,1.572,1.423,1.504,1.972,70.0
218,KHAIRPUR NATHAN SHAH TALUKA,DADU DISTRICT,063,SINDH,1966.0,397111,202.0,-0.1564,48.5,184,0,0.08,0.127,0.13,0.109,0.115,0.177,0.514,542.8
222,LATIFABAD TALUKA,HYDERABAD DISTRICT,064,SINDH,251.7,1142469,4539.0,0.8129,95.0,48,0,14.009,16.098,17.88,14.888,20.012,21.894,24.419,74.3
426,ZIARAT SUB-DIVISION,ZIARAT DISTRICT,108,BALOCHISTAN,1366.4,40183,29.4,-0.2662,34.4,90,0,0.007,0.012,0.016,0.002,0.007,0.008,0.01,31.5
418,KOHLU SUB-DIVISION,KOHLU DISTRICT,106,BALOCHISTAN,262.8,26873,102.3,-0.1435,49.4,35,0,1.856,1.484,0.821,0.495,0.477,0.404,0.445,-76.0
042,SAM RANI ZAI SUB-DIVISION,MALAKAND PROTECTED AREA,017,KHYBER PAKHTUNKHWA,286.8,339666,1184.3,0.3475,87.2,67,0,1.88,5.957,3.033,3.003,3.186,2.482,4.007,113.2
283,KUNRI TALUKA,UMER KOT DISTRICT,079,SINDH,580.3,225043,387.8,-0.2235,40.2,119,0,0.273,0.276,0.286,0.273,0.406,0.402,0.723,164.5
338,HUB SUB-DIVISION,LASBELA DISTRICT,089,BALOCHISTAN,706.5,71680,101.5,0.3833,88.9,55,0,3.791,3.137,5.786,4.627,5.634,5.698,5.538,46.1
246,GARHI KHAIRO TALUKA,JACOBABAD DISTRICT,071,SINDH,729.8,199061,272.8,-0.4905,5.0,158,0,0.134,0.146,0.572,0.073,0.234,0.07,0.405,202.9
386,DERA MURAD JAMALI SUB-DIVISION,NASIRABAD DISTRICT,098,BALOCHISTAN,1155.6,113316,98.1,-0.3906,18.1,162,0,0.991,1.039,1.537,0.818,1.327,0.985,0.982,-0.9
718,HAIR DIN TEHSIL,SOHBATPUR DISTRICT,153,BALOCHISTAN,90.7,17821,196.5,-0.4512,9.4,20,0,0.016,0.0,0.293,0.0,0.355,0.032,0.441,2719.7
216,DADU TALUKA,DADU DISTRICT,063,SINDH,837.6,507298,605.7,-0.1464,49.1,173,0,1.11,0.994,1.028,0.922,1.151,1.184,1.322,19.0
728,CITY SUB-DIVISION,QUETTA DISTRICT,103,BALOCHISTAN,108.9,383168,3518.5,1.1096,98.3,21,0,82.831,83.026,90.639,77.985,83.317,83.176,93.548,12.9
300,BHIRIA TALUKA,NAUSHAHRO FEROZE DISTRICT,082,SINDH,441.3,312600,708.4,-0.3189,26.3,92,0,1.576,0.975,1.296,1.049,1.001,0.729,0.863,-45.2
457,LANDI KOTAL TEHSIL,KHYBER DISTRICT,116,KHYBER PAKHTUNKHWA,599.6,202369,337.5,0.144,77.4,103,0,0.507,0.427,0.789,0.372,1.089,1.093,1.722,239.8
348,BESIMA SUB-DIVISION,WASHUK DISTRICT,091,BALOCHISTAN,3597.8,23980,6.7,-0.3367,24.3,77,0,0.0,0.001,0.004,0.0,0.003,0.003,0.003,
058,TAKHT BHAI TEHSIL,MARDAN DISTRICT,021,KHYBER PAKHTUNKHWA,355.7,603115,1695.6,0.3857,89.2,86,0,2.669,3.68,3.688,4.593,4.671,4.112,4.874,82.7
311,ROHRI TALUKA,SUKKUR DISTRICT,084,SINDH,817.8,275472,336.8,0.1664,79.9,149,0,3.156,2.852,2.977,3.231,3.474,2.814,3.178,0.7
008,PAHARPUR TEHSIL,DERA ISMAIL KHAN DISTRICT,003,KHYBER PAKHTUNKHWA,1825.2,382542,209.6,-0.1974,43.2,252,0,0.212,0.287,0.447,0.452,0.424,0.289,0.436,106.1
139,KOT RADHA KISHAN TEHSIL,KASUR DISTRICT,043,PUNJAB,397.5,356817,897.7,0.1463,78.0,85,0,5.198,7.683,8.712,10.057,9.928,9.845,12.325,137.1
156,KAHROR PACCA TEHSIL,LODHRAN DISTRICT,048,PUNJAB,756.6,605472,800.3,0.0512,71.1,168,0,0.546,0.995,0.806,1.163,1.03,0.979,1.564,186.7
708,TALAO SUB-TEHSIL,DUKI DISTRICT,165,BALOCHISTAN,1735.9,37040,21.3,-0.4662,7.1,84,0,0.0,0.0,0.0,0.0,0.0,0.0,0.002,
700,DARLIAH JATTAN TEHSIL,KOTLI DISTRICT,137,AZAD JAMMU & KASHMIR,82.5,32100,389.1,0.0141,68.4,21,0,1.078,0.21,0.49,0.19,0.567,1.339,5.414,402.3
516,MIRPUR TEHSIL,MIRPUR DISTRICT,138,AZAD JAMMU & KASHMIR,620.4,238304,384.1,0.3578,87.6,127,0,4.543,4.718,4.607,6.187,7.274,7.429,10.598,133.3
341,LIARI SUB-TEHSIL,LASBELA DISTRICT,089,BALOCHISTAN,2673.0,28194,10.5,-0.4814,5.4,31,0,0.007,0.002,0.004,0.002,0.006,0.0,0.004,-33.8
079,YAZMAN TEHSIL,BAHAWALPUR DISTRICT,027,PUNJAB,17700.6,681407,38.5,-0.2696,33.9,632,0,0.038,0.05,0.062,0.078,0.1,0.085,0.114,201.3
381,MACH SUB-DIVISION,KACHHI DISTRICT,097,BALOCHISTAN,1816.9,41956,23.1,-0.0876,56.8,48,0,0.335,0.348,0.614,0.368,0.359,0.238,0.231,-31.1
568,KEAMARI SUB-DIVISION,KEAMARI DISTRICT,166,SINDH,14.4,135911,9438.2,0.974,97.1,4,0,177.501,190.212,179.021,160.726,187.178,163.567,172.044,-3.1
252,BAKRANI TALUKA,LARKANA DISTRICT,073,SINDH,485.4,323496,666.5,-0.1272,51.5,100,0,0.494,0.637,0.859,0.696,0.896,0.972,0.979,98.2
247,JACOBABAD TALUKA,JACOBABAD DISTRICT,071,SINDH,670.6,429372,640.3,-0.076,58.4,141,0,2.113,2.315,2.183,1.863,1.984,1.633,1.842,-12.8
391,TAFTAN SUB-DIVISION,CHAGAI DISTRICT,099,BALOCHISTAN,9690.4,11913,1.2,-0.1706,46.3,21,0,0.129,0.137,0.125,0.123,0.177,0.21,0.274,112.8
371,JHAT PAT SUB-DIVISION,JAFFARABAD DISTRICT,095,BALOCHISTAN,647.7,176965,273.2,-0.2461,37.6,140,0,0.722,1.007,1.472,0.542,1.143,0.802,0.727,0.8
589,NORTH NAZIMABAD SUB-DIVISION,KARACHI CENTRAL DISTRICT,149,SINDH,18.8,900302,47888.4,1.1018,98.1,4,0,199.547,190.143,258.557,218.497,273.975,310.263,286.945,43.8
352,WASHUK SUB-DIVISION,WASHUK DISTRICT,091,BALOCHISTAN,10621.6,30184,2.8,-0.2631,35.0,47,0,0.01,0.015,0.01,0.005,0.009,0.006,0.005,-54.0
669,MATHRA TEHSIL,PESHAWAR DISTRICT,025,KHYBER PAKHTUNKHWA,218.0,433916,1990.4,0.3768,88.5,58,0,3.784,4.994,5.246,5.291,5.376,5.368,8.245,117.9
277,SINJHORO TALUKA,SANGHAR DISTRICT,077,SINDH,881.1,331176,375.9,-0.3422,23.4,173,0,1.609,0.672,3.665,3.223,3.963,1.263,3.253,102.1
509,SAMAHNI TEHSIL,BHIMBER DISTRICT,136,AZAD JAMMU & KASHMIR,378.7,124516,328.8,-0.0733,58.7,94,0,2.751,1.038,4.64,1.019,6.939,0.725,6.507,136.5
111,SHORKOT TEHSIL,JHANG DISTRICT,035,PUNJAB,1174.3,596295,507.8,-0.1387,50.0,258,0,0.789,1.053,0.902,1.098,1.227,1.089,1.532,94.3
510,CHARHOI TEHSIL,KOTLI DISTRICT,137,AZAD JAMMU & KASHMIR,251.9,92525,367.3,0.0346,70.0,60,0,1.423,1.325,7.762,2.343,4.892,1.588,5.261,269.6
314,AWARAN SUB-DIVISION,AWARAN DISTRICT,085,BALOCHISTAN,1605.1,13693,8.5,-0.4729,6.2,47,0,0.0,0.0,0.0,0.0,0.0,0.0,0.0,
241,MIRPUR BATHORO TALUKA,SUJAWAL DISTRICT,152,SINDH,706.7,235378,333.1,-0.344,23.2,134,0,0.389,0.341,0.681,0.329,0.433,3.673,0.439,12.8
524,BAGH TEHSIL,BAGH DISTRICT,142,AZAD JAMMU & KASHMIR,322.3,158299,491.2,0.1922,81.4,72,0,1.203,1.117,0.904,1.161,2.164,2.039,2.691,123.6
429,KAN MEHTARZAI SUB-TEHSIL,KILLA SAIFULLAH DISTRICT,110,BALOCHISTAN,383.5,21316,55.6,-0.2458,37.8,41,0,0.0,0.0,0.003,0.0,0.0,0.015,0.028,
587,NAZIMABAD SUB-DIVISION,KARACHI CENTRAL DISTRICT,149,SINDH,7.7,516126,67029.3,1.136,98.5,2,0,192.323,238.766,279.531,221.03,294.849,294.286,272.818,41.9
670,PISHTA KHARA TEHSIL,PESHAWAR DISTRICT,025,KHYBER PAKHTUNKHWA,114.7,318126,2773.5,0.5297,92.4,30,0,12.018,14.607,14.387,13.873,13.2,13.261,14.942,24.3
593,SHAH MUREED SUB-DIVISION,MALIR DISTRICT,148,SINDH,291.3,178813,613.8,-0.0185,64.4,58,0,2.441,3.566,5.806,5.354,7.052,7.0,6.933,184.0
321,MANGOCHAR SUB-DIVISION,KALAT DISTRICT,086,BALOCHISTAN,1235.2,48986,39.7,-0.2805,32.5,94,0,0.024,0.016,0.034,0.016,0.022,0.0,0.01,-59.2
482,BIRMIL TEHSIL,SOUTH WAZIRISTAN DISTRICT,121,KHYBER PAKHTUNKHWA,886.2,82991,93.6,-0.3097,28.3,111,0,0.001,0.013,0.008,0.003,0.003,0.0,0.007,505.8
372,SOHBATPUR SUB-DIVISION,SOHBATPUR DISTRICT,153,BALOCHISTAN,234.8,55700,237.2,-0.396,16.7,49,0,1.891,0.303,1.951,0.193,0.669,0.2,0.377,-80.0
412,SUI SUB-DIVISION,DERA BUGTI DISTRICT,104,BALOCHISTAN,4319.4,83876,19.4,-0.1852,44.4,90,0,0.563,0.479,0.671,0.518,0.55,0.544,0.994,76.6
368,PANJGUR SUB-DIVISION,PANJGUR DISTRICT,094,BALOCHISTAN,3654.6,122994,33.7,0.1868,80.8,129,0,0.12,0.122,0.086,0.064,0.123,0.09,0.093,-22.5
059,LAHOR TEHSIL,SWABI DISTRICT,022,KHYBER PAKHTUNKHWA,320.0,378577,1183.1,0.1546,79.1,77,0,2.403,3.288,3.888,3.776,4.32,3.205,4.654,93.6
019,PALAS SUB-DIVISION,KOLAI PALAS KOHISTAN DISTRICT,008,KHYBER PAKHTUNKHWA,1241.5,258939,208.6,-0.4336,11.6,125,0,0.015,0.017,0.026,0.016,0.026,0.016,0.024,55.7
550,SHUJAABAD TALUKA,MIRPUR KHAS DISTRICT,076,SINDH,426.8,211648,495.9,-0.2986,29.6,88,0,0.873,1.23,1.277,0.963,1.246,1.187,1.697,94.3
302,MEHRABPUR TALUKA,NAUSHAHRO FEROZE DISTRICT,082,SINDH,428.2,295614,690.4,-0.1363,50.3,90,0,1.381,1.13,1.361,1.155,1.544,1.488,1.464,6.0
339,KANRAJ SUB-DIVISION,LASBELA DISTRICT,089,BALOCHISTAN,986.3,8604,8.7,-0.4669,7.0,38,0,0.023,0.028,0.084,0.084,0.207,0.159,0.133,477.0
227,THANO BULA KHAN TALUKA,JAMSHORO DISTRICT,065,SINDH,4977.4,166196,33.4,-0.0925,55.7,408,0,0.802,1.029,1.138,1.121,1.301,1.265,1.22,52.1
441,MUSAKHEL TEHSIL,MUSAKHEL DISTRICT,112,BALOCHISTAN,659.0,17167,26.0,-0.3421,23.5,78,0,0.0,0.0,0.005,0.091,0.0,0.0,0.0,
081,LIAQUAT PUR TEHSIL,RAHIM YAR KHAN DISTRICT,028,PUNJAB,7724.2,1130390,146.3,-0.1071,54.2,489,0,0.188,0.217,0.22,0.209,0.192,0.216,0.204,8.6
689,CHORBAT SUB-DIVISION,GHANCHE DISTRICT,130,GILGIT-BALTISTAN,1176.7,19736,16.8,-0.2984,29.7,17,0,0.001,0.001,0.001,0.008,0.016,0.008,0.005,436.3
343,UTHAL SUB-DIVISION,LASBELA DISTRICT,089,BALOCHISTAN,2393.1,61086,25.5,-0.243,38.4,109,0,0.046,0.058,0.07,0.069,0.098,0.087,0.082,79.4
045,PURAN TEHSIL,SHANGLA DISTRICT,018,KHYBER PAKHTUNKHWA,265.7,142721,537.2,-0.0952,55.4,60,0,0.023,0.017,0.087,0.126,0.083,0.038,0.037,62.7
144,SANGLA HILL TEHSIL,NANKANA SAHIB DISTRICT,045,PUNJAB,290.8,262193,901.6,-0.0282,63.5,65,0,1.072,1.3,1.095,1.577,1.455,1.625,2.979,177.9
555,ARAM BAGH SUB-DIVISION,KARACHI SOUTH DISTRICT,150,SINDH,4.1,224060,54648.8,1.433,100.0,1,0,313.749,341.593,334.898,340.668,334.198,266.659,256.837,-18.1
420,TAMBOO SUB-TEHSIL,KOHLU DISTRICT,106,BALOCHISTAN,1012.1,28335,28.0,-0.3489,22.8,61,0,0.001,0.0,0.0,0.0,0.0,0.0,0.002,98.2
675,MIR HASSAN KHOSA TEHSIL,NASIRABAD DISTRICT,098,BALOCHISTAN,515.4,30246,58.7,-0.402,15.8,42,0,0.036,0.019,0.016,0.003,0.07,0.043,0.023,-37.0
690,GOHARABAD SUB-DIVISION,DIAMER DISTRICT,132,GILGIT-BALTISTAN,2313.3,44695,19.3,-0.2528,36.5,63,0,0.006,0.023,0.051,0.077,0.026,0.037,0.038,499.7
012,HAVELIAN TEHSIL,ABBOTTABAD DISTRICT,005,KHYBER PAKHTUNKHWA,342.8,284402,829.6,0.2162,82.8,81,0,1.96,2.198,4.579,2.368,3.867,2.4,3.402,73.6
520,MUZAFFARABAD TEHSIL,MUZAFFARABAD DISTRICT,140,AZAD JAMMU & KASHMIR,743.2,414104,557.2,0.2787,85.4,174,0,2.971,3.279,3.641,3.115,3.421,3.749,4.293,44.5
686,BANKAND RANOLIA TEHSIL,LOWER KOHISTAN DISTRICT,169,KHYBER PAKHTUNKHWA,568.4,133674,235.2,-0.2395,38.7,57,0,0.022,0.014,0.034,0.038,0.015,0.002,0.012,-44.1
317,MASHKAI TEHSIL,AWARAN DISTRICT,085,BALOCHISTAN,3892.5,41409,10.6,-0.3042,28.8,82,0,0.0,0.0,0.0,0.0,0.0,0.0,0.0,
023,OGHI TEHSIL,MANSEHRA DISTRICT,009,KHYBER PAKHTUNKHWA,346.9,236664,682.2,0.0505,70.7,86,0,0.214,1.179,1.412,0.357,2.929,0.431,0.398,85.8
465,PRANG GHAR TEHSIL,MOHMAND DISTRICT,118,KHYBER PAKHTUNKHWA,309.8,42269,136.4,-0.466,7.3,54,0,0.215,1.296,2.06,1.257,1.616,1.234,1.748,711.7
615,DARBAND TEHSIL,MANSEHRA DISTRICT,009,KHYBER PAKHTUNKHWA,138.6,82384,594.4,-0.0707,59.0,35,0,0.065,0.874,2.778,0.284,1.896,0.082,0.773,1083.3
406,DERA BUGTI SUB-DIVISION,DERA BUGTI DISTRICT,104,BALOCHISTAN,537.3,18527,34.5,-0.1325,50.6,45,0,0.525,0.519,0.47,0.253,0.349,0.286,0.35,-33.2
511,FATEHPUR THAKIALA TEHSIL,KOTLI DISTRICT,137,AZAD JAMMU & KASHMIR,189.6,115682,610.1,-0.1404,49.7,54,0,2.628,3.092,5.695,6.323,7.084,5.665,8.314,216.3
445,KAKAR KHURASAN SUB-DIVISION,ZHOB DISTRICT,114,BALOCHISTAN,1603.8,11653,7.3,-0.459,8.5,41,0,0.0,0.0,0.0,0.0,0.0,0.003,0.0,
469,DATTA KHEL TEHSIL,NORTH WAZIRISTAN DISTRICT,119,KHYBER PAKHTUNKHWA,1899.2,172334,90.7,-0.2207,41.0,264,0,0.069,0.095,0.115,0.062,0.099,0.051,0.066,-4.9
438,MEKHTAR SUB-DIVISION,LORALAI DISTRICT,111,BALOCHISTAN,1567.5,45460,29.0,-0.2905,30.3,121,0,0.023,0.046,0.042,0.036,0.05,0.014,0.013,-43.6
449,BARANG TEHSIL,BAJAUR DISTRICT,115,KHYBER PAKHTUNKHWA,262.7,67165,255.7,-0.3553,22.0,59,0,0.0,0.046,0.088,0.008,1.578,0.0,0.0,
224,KOTRI TALUKA,JAMSHORO DISTRICT,065,SINDH,992.1,382387,385.4,0.3665,87.9,90,0,4.805,5.634,6.337,4.797,7.121,7.242,7.97,65.9
364,TUMP SUB-DIVISION,KECH DISTRICT,093,BALOCHISTAN,2194.5,50396,23.0,-0.1954,43.5,42,0,0.027,0.025,0.065,0.044,0.045,0.055,0.07,157.7
452,NAWAGAI TEHSIL,BAJAUR DISTRICT,115,KHYBER PAKHTUNKHWA,145.1,69611,479.7,-0.1944,43.7,34,0,0.0,0.253,0.166,0.072,0.053,0.0,0.104,
271,MIRPUR KHAS TALUKA,MIRPUR KHAS DISTRICT,076,SINDH,27.5,179799,6538.2,0.6888,94.0,7,0,26.931,25.151,24.483,19.94,31.828,36.313,34.467,28.0
409,QADIRABAD SUB-DIVISION,DERA BUGTI DISTRICT,104,BALOCHISTAN,116.7,1720,14.7,-0.5368,1.9,8,0,0.0,0.0,0.0,0.0,0.0,0.0,0.0,
486,SERWEKAI TEHSIL,SOUTH WAZIRISTAN DISTRICT,121,KHYBER PAKHTUNKHWA,569.3,62444,109.7,-0.3992,16.1,73,0,0.0,0.011,0.01,0.0,0.112,0.0,0.0,
298,NARA TALUKA,KHAIRPUR DISTRICT,081,SINDH,11568.9,167120,14.4,-0.249,37.0,273,0,0.14,0.111,0.331,0.17,0.197,0.255,0.136,-2.6
613,PATKAIN SUB-TEHSIL,KHARAN DISTRICT,087,BALOCHISTAN,1242.6,14790,11.9,-0.272,33.4,61,0,0.0,0.006,0.002,0.0,0.0,0.0,0.0,
324,SAR KHARAN SUB-DIVISION,KHARAN DISTRICT,087,BALOCHISTAN,2652.5,38324,14.4,-0.4535,9.0,34,0,0.0,0.002,0.004,0.01,0.002,0.011,0.007,
018,KANDIA SUB-DIVISION,UPPER KOHISTAN DISTRICT,168,KHYBER PAKHTUNKHWA,2495.5,97041,38.9,-0.4623,7.9,75,0,0.0,0.0,0.0,0.044,0.019,0.013,0.019,
617,LORA TEHSIL,ABBOTTABAD DISTRICT,005,KHYBER PAKHTUNKHWA,175.3,103178,588.6,0.0632,72.3,44,0,0.592,0.86,1.917,1.734,4.771,2.358,4.096,591.8
678,MERYAN TEHSIL,BANNU DISTRICT,001,KHYBER PAKHTUNKHWA,119.0,133019,1117.8,0.0957,74.8,31,0,0.529,0.176,0.193,0.038,0.009,0.035,0.194,-63.3
711,SAEED MUHAMMAD KANRANI TEHSIL,SOHBATPUR DISTRICT,153,BALOCHISTAN,77.3,8188,105.9,-0.4984,3.9,15,0,0.0,0.026,0.4,0.0,0.073,0.0,0.0,
424,SIBI SUB-DIVISION,SIBI DISTRICT,107,BALOCHISTAN,686.0,59292,86.4,0.27,84.7,63,0,1.417,1.304,1.397,1.046,0.985,1.241,1.46,3.0
621,KAKKI TEHSIL,BANNU DISTRICT,001,KHYBER PAKHTUNKHWA,57.3,49037,855.8,0.0807,73.5,14,0,0.678,0.587,0.417,0.036,0.041,0.018,1.095,61.7
056,KATLANG TEHSIL,MARDAN DISTRICT,021,KHYBER PAKHTUNKHWA,387.0,421205,1088.4,0.2982,86.2,85,0,0.667,1.354,1.51,1.347,2.768,1.208,1.966,194.5
328,KHUZDAR SUB-DIVISION,KHUZDAR DISTRICT,088,BALOCHISTAN,7034.9,166701,23.7,-0.033,63.3,372,0,0.25,0.406,0.152,0.243,0.171,2.063,0.434,73.7
094,MUZAFFARGARH TEHSIL,MUZAFFARGARH DISTRICT,031,PUNJAB,2377.1,1740393,732.1,-0.0556,60.7,513,0,0.829,1.276,1.431,1.535,1.576,1.624,2.076,150.5
142,LAHORE CITY TEHSIL,LAHORE DISTRICT,044,PUNJAB,202.6,2127573,10501.3,0.9364,96.4,43,0,53.638,70.369,76.351,83.186,94.004,94.465,102.831,91.7
264,KHANPUR TALUKA,SHIKARPUR DISTRICT,075,SINDH,734.3,307832,419.2,-0.2376,39.0,146,0,1.099,1.113,1.019,1.014,1.201,0.718,0.955,-13.1
279,CHACHRO TALUKA,THARPARKAR DISTRICT,078,SINDH,2597.7,272725,105.0,-0.4656,7.4,294,0,0.013,0.022,0.013,0.017,0.019,0.023,0.022,68.6
238,JATI TALUKA,SUJAWAL DISTRICT,152,SINDH,3476.5,193687,55.7,-0.5286,2.0,285,0,0.047,0.031,0.043,0.031,0.04,0.049,0.056,18.0
185,RAWALPINDI TEHSIL,RAWALPINDI DISTRICT,054,PUNJAB,1631.6,3131553,1919.3,0.7029,94.1,349,0,15.269,17.767,19.361,24.521,27.584,24.087,25.372,66.2
163,MAILSI TEHSIL,VEHARI DISTRICT,050,PUNJAB,1641.0,1205196,734.4,0.0158,68.9,367,0,0.798,1.178,1.139,1.48,1.515,1.422,1.98,148.2
053,DIR SUB-DIVISION,UPPER DIR DISTRICT,020,KHYBER PAKHTUNKHWA,1034.6,332805,321.7,-0.0706,59.1,200,0,0.06,0.102,0.112,0.126,0.126,0.078,0.136,124.7
086,KOT CHHUTTA TEHSIL,DERA GHAZI KHAN DISTRICT,029,PUNJAB,1747.7,660098,377.7,-0.1105,53.3,335,0,0.29,0.444,0.454,0.465,0.407,0.388,0.515,77.5
065,TANGI TEHSIL,CHARSADDA DISTRICT,023,KHYBER PAKHTUNKHWA,332.1,444580,1338.7,0.272,84.8,74,0,0.637,1.032,1.152,0.914,1.088,0.808,1.299,104.1
187,DEPALPUR TEHSIL,OKARA DISTRICT,055,PUNJAB,2479.4,1712578,690.7,0.0321,69.8,557,0,0.996,2.006,1.973,3.499,2.97,3.346,5.078,409.6
535,PALLANDARI TEHSIL,SUDHNOTI DISTRICT,145,AZAD JAMMU & KASHMIR,264.6,143642,542.9,-0.0077,65.2,64,0,0.889,0.619,1.765,0.416,6.37,1.964,4.027,352.9
208,SARGODHA TEHSIL,SARGODHA DISTRICT,061,PUNJAB,1544.1,1832346,1186.7,0.2888,85.9,362,0,3.388,4.486,5.409,5.637,5.955,5.523,7.043,107.9
598,FARIDABAD TEHSIL,SOHBATPUR DISTRICT,153,BALOCHISTAN,183.5,41666,227.1,-0.4096,14.7,42,0,0.432,0.277,1.156,0.265,0.52,0.262,0.498,15.4
181,KAHUTA TEHSIL,RAWALPINDI DISTRICT,054,PUNJAB,600.4,280728,467.6,0.0149,68.6,140,0,2.628,2.927,5.258,3.318,5.952,4.071,4.753,80.9
402,PANJPAI SUB-DIVISION,QUETTA DISTRICT,103,BALOCHISTAN,1300.3,30498,23.5,-0.3745,19.7,93,0,0.0,0.025,0.006,0.0,0.008,0.0,0.002,
141,LAHORE CANTT TEHSIL,LAHORE DISTRICT,044,PUNJAB,475.2,2324593,4891.8,0.8011,94.9,113,0,39.376,49.868,51.62,53.435,58.379,57.795,59.91,52.1
460,LOWER KURRAM TEHSIL,KURRAM DISTRICT,117,KHYBER PAKHTUNKHWA,999.0,120676,120.8,-0.1994,42.7,97,0,0.046,0.116,0.887,0.023,0.051,0.021,0.075,63.9
396,NUSHKI SUB-DIVISION,NUSHKI DISTRICT,101,BALOCHISTAN,3351.0,95857,28.6,-0.3167,26.9,161,0,0.13,0.146,0.079,0.123,0.136,0.122,0.127,-2.8
367,GOWARGO SUB-DIVISION,PANJGUR DISTRICT,094,BALOCHISTAN,2241.1,43521,19.4,-0.4701,6.3,77,0,0.0,0.0,0.0,0.0,0.0,0.0,0.0,
116,TOBA TEK SINGH TEHSIL,TOBA TEK SINGH DISTRICT,036,PUNJAB,1141.7,905791,793.4,-0.0188,64.1,258,0,1.023,1.597,1.246,2.169,2.292,2.224,2.857,179.4
413,HARNAI SUB-DIVISION,HARNAI DISTRICT,105,BALOCHISTAN,1295.7,51986,40.1,-0.1764,45.5,74,0,0.088,0.094,0.147,0.062,0.074,0.046,0.075,-15.0
459,CENTRAL KURRAM F.R TEHSIL,KURRAM DISTRICT,117,KHYBER PAKHTUNKHWA,1461.7,263870,180.5,-0.346,22.9,271,0,0.002,0.016,0.013,0.008,0.01,0.02,0.009,250.6
620,CHAKISAR TEHSIL,SHANGLA DISTRICT,018,KHYBER PAKHTUNKHWA,235.3,140212,595.9,-0.1497,48.9,59,0,0.095,0.057,0.256,0.064,0.005,0.01,0.048,-49.6
419,MAWAND SUB-DIVISION,KOHLU DISTRICT,106,BALOCHISTAN,2721.7,22271,8.2,-0.4094,14.9,107,0,0.006,0.002,0.0,0.017,0.002,0.0,0.001,-82.7
251,TANGWANI TALUKA,KASHMORE DISTRICT,072,SINDH,714.8,278689,389.9,-0.324,25.9,147,0,0.129,0.216,0.186,0.116,0.168,0.162,0.175,35.5
530,HAJIRA TEHSIL,POONCH DISTRICT,144,AZAD JAMMU & KASHMIR,233.2,162505,696.8,0.0748,73.2,61,0,0.497,0.532,1.844,2.013,2.639,2.847,6.805,1268.2
522,ATH MUQAM TEHSIL,NEELUM DISTRICT,141,AZAD JAMMU & KASHMIR,1289.2,82131,63.7,-0.2873,30.8,98,0,0.036,0.03,0.093,0.113,0.111,0.07,0.113,213.3
470,DOSSALI TEHSIL,NORTH WAZIRISTAN DISTRICT,119,KHYBER PAKHTUNKHWA,251.3,27911,111.1,-0.2616,35.4,41,0,0.0,0.0,0.173,0.004,0.032,0.013,0.0,
140,PATTOKI TEHSIL,KASUR DISTRICT,043,PUNJAB,896.2,1092276,1218.8,0.1849,80.7,209,0,5.439,7.424,7.66,9.473,8.726,7.998,10.412,91.4
601,KALOI TALUKA,THARPARKAR DISTRICT,078,SINDH,1007.9,98347,97.6,-0.3119,27.6,168,0,0.053,0.075,0.067,0.05,0.074,0.035,0.053,-1.2
315,GISHKORE TEHSIL,AWARAN DISTRICT,085,BALOCHISTAN,7723.2,23366,3.0,-0.3949,17.0,61,0,0.0,0.0,0.0,0.0,0.0,0.0,0.0,
188,OKARA TEHSIL,OKARA DISTRICT,055,PUNJAB,1255.2,1387451,1105.4,0.2066,82.5,292,0,2.567,3.434,3.16,4.074,4.374,4.492,5.874,128.9
214,TALHAR TALUKA,BADIN DISTRICT,062,SINDH,498.7,148387,297.5,-0.4554,8.8,102,0,0.226,0.337,0.376,0.288,0.321,0.44,0.66,192.0
118,GUJRANWALA SADDAR TEHSIL,GUJRANWALA DISTRICT,037,PUNJAB,732.8,1716850,2342.9,0.4247,89.9,171,0,7.315,9.843,12.753,14.29,15.64,15.595,18.55,153.6
195,DARYA KHAN TEHSIL,BHAKKAR DISTRICT,058,PUNJAB,1381.7,374050,270.7,-0.3402,23.8,300,0,0.13,0.238,0.237,0.269,0.263,0.226,0.372,185.5
105,JARANWALA TEHSIL,FAISALABAD DISTRICT,034,PUNJAB,1789.1,1823333,1019.1,0.1031,75.2,411,0,3.811,5.211,5.896,6.778,6.684,7.008,8.756,129.7
117,GUJRANWALA CITY TEHSIL,GUJRANWALA DISTRICT,037,PUNJAB,162.7,1508140,9269.5,0.9527,96.9,41,0,40.145,50.133,55.051,55.065,69.745,65.003,69.802,73.9
332,SAROONA SUB-TEHSIL,KHUZDAR DISTRICT,088,BALOCHISTAN,3005.8,24273,8.1,-0.4926,4.8,99,0,0.0,0.0,0.001,0.001,0.003,0.061,0.001,
209,SHAHPUR TEHSIL,SARGODHA DISTRICT,061,PUNJAB,759.4,416943,549.0,-0.0991,55.0,183,0,0.443,0.508,0.638,0.751,0.779,0.638,1.241,180.3
037,MASTUJ SUB-DIVISION,UPPER CHITRAL DISTRICT,170,KHYBER PAKHTUNKHWA,8573.8,231892,27.0,-0.268,34.1,267,0,0.001,0.003,0.003,0.023,0.011,0.012,0.012,883.7
295,KINGRI TALUKA,KHAIRPUR DISTRICT,081,SINDH,700.5,356736,509.3,-0.1661,46.9,132,0,0.386,0.334,0.287,0.324,0.358,0.398,0.348,-9.9
378,BHAG SUB-DIVISION,KACHHI DISTRICT,097,BALOCHISTAN,1250.7,68632,54.9,-0.504,3.3,93,0,0.081,0.062,0.081,0.101,0.027,0.054,0.048,-40.7
013,ALLAI TEHSIL,BATAGRAM DISTRICT,006,KHYBER PAKHTUNKHWA,487.6,166023,340.5,-0.0966,55.3,102,0,0.143,0.152,0.552,0.15,0.237,0.106,0.071,-50.7
275,SANGHAR TALUKA,SANGHAR DISTRICT,077,SINDH,2013.0,387616,192.6,-0.26,35.8,348,0,0.231,0.191,0.582,0.383,0.42,0.46,1.582,585.6
016,HARIPUR TEHSIL,HARIPUR DISTRICT,007,KHYBER PAKHTUNKHWA,1001.4,847340,846.2,0.3283,86.5,219,0,2.754,3.169,3.847,3.941,5.91,4.149,5.563,102.0
265,LAKHI TALUKA,SHIKARPUR DISTRICT,075,SINDH,514.4,368124,715.6,-0.0669,59.9,109,0,0.564,0.963,0.545,0.587,0.974,0.855,0.984,74.4
567,GULZAR-E-HIJRI SUB-DIVISION,KARACHI EAST DISTRICT,146,SINDH,79.8,292614,3666.8,0.8916,95.8,16,0,74.795,84.058,125.496,99.695,124.847,131.546,125.608,67.9
502,GUPIS SUB-DIVISION,GHIZER DISTRICT,133,GILGIT-BALTISTAN,5237.7,54039,10.3,-0.1405,49.5,55,0,0.003,0.005,0.007,0.027,0.025,0.012,0.02,686.4
213,MATLI TALUKA,BADIN DISTRICT,062,SINDH,1089.3,457144,419.7,-0.3131,27.2,221,0,0.771,0.533,0.448,0.375,0.506,0.428,0.506,-34.4
239,KETI BUNDER TALUKA,THATTA DISTRICT,069,SINDH,920.1,60518,65.8,-0.4951,4.3,63,0,0.0,0.0,0.0,0.0,0.009,0.004,0.0,
699,DROSH SUB-DIVISION,LOWER CHITRAL DISTRICT,015,KHYBER PAKHTUNKHWA,1026.1,89318,87.0,-0.0384,62.7,92,0,0.04,1.259,0.066,0.082,0.1,0.042,0.066,66.0
041,TEMERGARA SUB-DIVISION,LOWER DIR DISTRICT,016,KHYBER PAKHTUNKHWA,645.8,538951,834.5,0.1812,80.5,157,0,0.704,1.093,1.07,1.164,1.356,1.11,1.739,147.1
421,KOT MANDAI SUB-TEHSIL,SIBI DISTRICT,107,BALOCHISTAN,3576.1,65718,18.4,-0.4286,12.1,63,0,0.015,0.022,0.011,0.007,0.103,0.013,0.017,15.7
333,WADH SUB-DIVISION,KHUZDAR DISTRICT,088,BALOCHISTAN,2184.8,63425,29.0,-0.3096,28.5,190,0,0.005,0.021,0.011,0.006,0.012,0.016,0.006,34.8
721,SHAHEED MEHARABAD ZEHRI SUB-DIVISION,SURAB DISTRICT,164,BALOCHISTAN,920.0,21109,22.9,-0.2717,33.6,77,0,0.0,0.0,0.005,0.005,0.018,0.0,0.0,
113,KAMALIA TEHSIL,TOBA TEK SINGH DISTRICT,036,PUNJAB,480.7,406413,845.5,-0.0015,66.6,102,0,1.305,1.787,1.596,2.045,1.939,2.061,3.033,132.4
330,NAL SUB-DIVISION,KHUZDAR DISTRICT,088,BALOCHISTAN,1450.8,33480,23.1,-0.3183,26.5,109,0,0.037,0.028,0.043,0.039,0.054,0.044,0.041,12.4
027,BANDA DAUD SHAH TEHSIL,KARAK DISTRICT,012,KHYBER PAKHTUNKHWA,1024.2,168533,164.6,-0.2426,38.5,160,0,2.569,2.147,2.468,2.078,6.2,4.123,3.898,51.7
026,TALL TEHSIL,HANGU DISTRICT,011,KHYBER PAKHTUNKHWA,636.0,177054,278.4,-0.1719,45.8,110,0,0.187,0.285,0.33,0.225,0.214,0.134,0.481,157.4
619,KHANPUR TEHSIL,HARIPUR DISTRICT,007,KHYBER PAKHTUNKHWA,435.9,237450,544.7,0.1284,76.9,110,0,3.094,6.083,9.631,6.714,12.561,6.876,9.804,216.9
292,FAIZ GANJ TALUKA,KHAIRPUR DISTRICT,081,SINDH,939.1,229045,243.9,-0.1902,44.1,157,0,0.086,0.211,0.077,0.063,0.058,0.082,0.057,-33.6
463,HALIM ZAI TEHSIL,MOHMAND DISTRICT,118,KHYBER PAKHTUNKHWA,181.1,40184,221.9,-0.0841,57.1,39,0,0.248,0.367,0.876,0.449,0.342,0.219,0.597,140.1
254,LARKANA TALUKA,LARKANA DISTRICT,073,SINDH,483.9,659759,1363.4,0.3547,87.5,104,0,3.417,3.947,4.88,4.833,4.945,4.689,5.829,70.6
499,SHOUNTAR SUB-DIVISION,ASTORE DISTRICT,131,GILGIT-BALTISTAN,3896.8,64853,16.6,-0.3607,20.6,68,0,0.004,0.008,0.011,0.023,0.015,0.011,0.019,362.1
529,ABBASPUR TEHSIL,POONCH DISTRICT,144,AZAD JAMMU & KASHMIR,110.2,55925,507.5,-0.2142,41.5,27,0,0.244,0.367,0.292,1.53,1.543,1.669,3.411,1295.4
220,HYDERABAD CITY TALUKA,HYDERABAD DISTRICT,064,SINDH,31.3,475096,15178.8,1.1946,98.9,5,0,66.655,77.735,81.862,75.138,97.91,98.99,124.59,86.9
498,ASTORE SUB-DIVISION,ASTORE DISTRICT,131,GILGIT-BALTISTAN,1301.4,53035,40.8,-0.1641,47.4,49,0,0.015,0.031,0.061,0.111,0.07,0.066,0.085,471.3
240,KHARO CHAN TALUKA,SUJAWAL DISTRICT,152,SINDH,680.6,30436,44.7,-0.4935,4.6,26,0,0.0,0.0,0.0,0.0,0.0,0.0,0.0,
186,TAXILA TEHSIL,RAWALPINDI DISTRICT,054,PUNJAB,310.5,606467,1953.2,0.6847,93.8,70,0,22.878,27.205,30.974,32.434,34.746,31.604,38.29,67.4
417,KAHAN SUB-DIVISION,KOHLU DISTRICT,106,BALOCHISTAN,3247.3,29717,9.2,-0.5155,2.5,58,0,0.0,0.0,0.379,0.0,0.003,0.0,0.0,
064,SHABQADAR TEHSIL,CHARSADDA DISTRICT,023,KHYBER PAKHTUNKHWA,168.0,382938,2279.4,0.5579,93.0,41,0,3.056,2.935,2.892,2.488,2.845,2.101,3.803,24.4
129,PHALIA TEHSIL,MANDI BAHAUDDIN DISTRICT,040,PUNJAB,1193.5,706194,591.7,0.1248,76.6,269,0,0.473,0.689,0.968,1.025,1.16,1.171,1.99,320.4
203,PIPLAN TEHSIL,MIANWALI DISTRICT,060,PUNJAB,1214.5,450181,370.7,-0.0879,56.5,239,0,3.662,4.161,4.302,4.017,3.957,3.938,5.277,44.1
695,ISHKOMAN SUB-DIVISION,GHIZER DISTRICT,133,GILGIT-BALTISTAN,2726.5,22220,8.1,-0.4523,9.1,41,0,0.0,0.003,0.006,0.019,0.022,0.015,0.02,
055,WARI SUB-DIVISION,UPPER DIR DISTRICT,020,KHYBER PAKHTUNKHWA,498.9,258157,517.5,-0.1589,48.0,117,0,0.081,0.119,0.222,0.252,0.301,0.15,0.154,89.0
258,NASIRABAD TALUKA,KAMBAR SHAHDAD KOT DISTRICT,074,SINDH,292.8,206216,704.3,-0.1072,54.0,61,0,0.637,0.433,0.608,0.375,0.492,0.325,0.323,-49.2
566,GULSHAN-E-IQBAL SUB-DIVISION,KARACHI EAST DISTRICT,146,SINDH,44.2,1210384,27384.3,1.0614,98.0,9,0,194.56,195.271,244.493,212.42,261.303,248.994,239.88,23.3
342,SONMIANI/WINDER TEHSIL,LASBELA DISTRICT,089,BALOCHISTAN,1638.3,46309,28.3,-0.16,47.8,104,0,0.382,0.344,0.578,0.354,0.565,0.512,0.574,50.1
080,KHANPUR TEHSIL,RAHIM YAR KHAN DISTRICT,028,PUNJAB,1481.9,1059562,715.0,0.007,68.0,324,0,0.964,1.141,1.339,1.393,1.398,1.468,1.483,53.9
235,TANDO GHULAM HYDER TALUKA,TANDO MUHAMMAD KHAN DISTRICT,068,SINDH,526.0,176585,335.7,-0.2744,33.1,107,0,0.45,0.52,0.657,0.37,0.672,0.837,0.861,91.4
092,JATOI TEHSIL,MUZAFFARGARH DISTRICT,031,PUNJAB,1019.4,738898,724.8,-0.1684,46.6,213,0,0.211,0.343,0.379,0.445,0.527,0.359,0.518,145.1
211,BADIN TALUKA,BADIN DISTRICT,062,SINDH,1760.7,473498,268.9,-0.4793,5.6,314,0,0.38,0.373,0.345,0.252,0.336,0.31,0.448,17.8
673,SARIAB SUB-DIVISION,QUETTA DISTRICT,103,BALOCHISTAN,219.8,212675,967.6,0.5661,93.2,27,0,18.557,16.305,20.544,17.903,16.893,13.671,17.045,-8.1
430,KILLA SAIFULLAH SUB-DIVISION,KILLA SAIFULLAH DISTRICT,110,BALOCHISTAN,3918.4,62413,15.9,-0.3544,22.1,143,0,0.011,0.014,0.025,0.021,0.022,0.039,0.045,289.7
565,GULBERG SUB-DIVISION,KARACHI CENTRAL DISTRICT,149,SINDH,13.6,816735,60054.1,1.276,99.4,3,0,221.785,228.038,329.039,264.679,363.199,394.304,355.171,60.1
590,ORANGI SUB-DIVISION,KARACHI WEST DISTRICT,147,SINDH,8.2,139599,17024.3,0.814,95.2,1,0,146.001,149.748,194.138,167.074,188.484,168.03,183.618,25.8
344,DASHT SUB-DIVISION,MASTUNG DISTRICT,090,BALOCHISTAN,1703.1,47646,28.0,-0.2842,31.7,116,0,0.139,0.134,0.122,0.141,0.067,0.029,0.037,-73.4
010,TANK TEHSIL,TANK DISTRICT,004,KHYBER PAKHTUNKHWA,1711.6,420457,245.7,-0.3009,28.9,266,0,0.11,0.085,0.082,0.107,0.072,0.071,0.111,1.4
527,HAVELI TEHSIL,HAVELI DISTRICT,143,AZAD JAMMU & KASHMIR,270.7,76506,282.6,-0.2431,38.2,59,0,0.781,0.296,0.252,0.475,0.538,0.567,1.223,56.5
439,DRUG TEHSIL,MUSAKHEL DISTRICT,112,BALOCHISTAN,475.8,13810,29.0,-0.4789,5.7,33,0,0.0,0.0,0.0,0.018,0.013,0.0,0.0,
294,KHAIRPUR TALUKA,KHAIRPUR DISTRICT,081,SINDH,426.5,454906,1066.6,0.377,88.7,86,0,4.713,5.354,5.754,5.633,5.753,5.101,6.0,27.3
494,SHIGAR SUB-DIVISION,SHIGAR DISTRICT,156,GILGIT-BALTISTAN,8806.0,59440,6.7,-0.2991,29.4,88,0,0.005,0.004,0.004,0.055,0.042,0.011,0.028,417.0
503,PUNIAL SUB-DIVISION,GHIZER DISTRICT,133,GILGIT-BALTISTAN,1543.6,39807,25.8,-0.2046,42.1,48,0,0.027,0.05,0.094,0.164,0.142,0.14,0.196,614.6
121,WAZIRABAD TEHSIL,GUJRANWALA DISTRICT,037,PUNJAB,1146.2,1007131,878.7,0.2538,84.2,262,0,1.346,2.134,2.649,3.636,4.401,4.276,5.953,342.4
387,TAMBOO TEHSIL,NASIRABAD DISTRICT,098,BALOCHISTAN,674.9,84461,125.1,-0.4002,15.9,128,0,0.439,0.88,1.026,0.281,2.541,0.285,0.743,69.4
318,GAZG SUB-TEHSIL,KALAT DISTRICT,086,BALOCHISTAN,2142.9,21650,10.1,-0.4225,13.0,8,0,0.0,0.0,0.0,0.002,0.0,0.0,0.0,
143,NANKANA SAHIB TEHSIL,NANKANA SAHIB DISTRICT,045,PUNJAB,1660.2,1161360,699.5,-0.0255,63.6,377,0,1.592,2.464,2.356,3.673,2.97,2.944,4.68,193.9
096,JAMPUR TEHSIL,RAJANPUR DISTRICT,032,PUNJAB,2358.8,747990,317.1,-0.0452,62.5,390,0,0.209,0.256,0.268,0.296,0.274,0.266,0.312,49.5
319,JOHAN SUB-TEHSIL,KALAT DISTRICT,086,BALOCHISTAN,2031.5,22917,11.3,-0.389,18.3,28,0,0.0,0.0,0.0,0.0,0.0,0.0,0.0,
380,KHATTAN SUB-TEHSIL,KACHHI DISTRICT,097,BALOCHISTAN,346.2,21490,62.1,-0.5841,0.6,35,0,0.051,0.006,0.015,0.007,0.021,0.017,0.0,-100.0
005,DERA ISMAIL KHAN TEHSIL,DERA ISMAIL KHAN DISTRICT,003,KHYBER PAKHTUNKHWA,1531.5,569269,371.7,0.3515,87.3,253,0,1.012,1.187,1.193,1.432,0.986,0.992,1.693,67.3
128,MANDI BAHAUDDIN TEHSIL,MANDI BAHAUDDIN DISTRICT,040,PUNJAB,812.9,721097,887.1,0.2215,83.0,191,0,1.265,1.917,2.367,2.936,3.419,3.481,4.96,292.1
040,SAMARBAGH SUB-DIVISION,LOWER DIR DISTRICT,016,KHYBER PAKHTUNKHWA,438.6,352641,804.0,0.0205,69.2,104,0,0.119,0.212,0.248,0.25,0.304,0.156,0.338,182.9
392,CHAMAN SADDAR SUB-DIVISION,CHAMAN DISTRICT,167,BALOCHISTAN,1193.9,112890,94.6,-0.0667,60.1,131,0,0.06,0.047,0.092,0.047,0.102,0.214,0.089,47.7
306,KAZI AHMED TALUKA,SHAHEED BENAZIRABAD DISTRICT,083,SINDH,992.6,359566,362.2,-0.1911,44.0,199,0,1.271,1.2,1.142,0.937,1.109,1.16,0.998,-21.5
093,KOT ADDU TEHSIL,MUZAFFARGARH DISTRICT,031,PUNJAB,1685.1,982658,583.1,-0.2549,36.2,358,0,2.063,2.635,2.957,2.69,2.878,2.636,3.142,52.3
124,SARAI ALAMGIR TEHSIL,GUJRAT DISTRICT,038,PUNJAB,408.4,281583,689.5,0.268,84.5,90,0,2.783,5.664,9.314,11.645,13.421,10.7,9.712,248.9
485,SARAROGHA TEHSIL,SOUTH WAZIRISTAN DISTRICT,121,KHYBER PAKHTUNKHWA,932.4,139819,150.0,-0.3119,27.7,172,0,0.046,0.046,0.051,0.012,0.116,0.064,0.076,66.8
068,PESHAWAR TEHSIL,PESHAWAR DISTRICT,025,KHYBER PAKHTUNKHWA,175.6,1415752,8062.4,1.0476,97.8,43,0,55.316,62.301,65.527,65.993,72.361,54.564,72.452,31.0
165,ATTOCK TEHSIL,ATTOCK DISTRICT,051,PUNJAB,784.9,427166,544.2,0.2809,85.8,150,0,4.991,6.179,7.049,6.676,9.336,6.625,9.423,88.8
131,SHAKARGARH TEHSIL,NAROWAL DISTRICT,041,PUNJAB,1009.2,874927,867.0,0.0312,69.7,229,0,0.753,0.918,1.44,2.997,3.311,2.341,2.783,269.8
078,KHAIRPUR TAMEWALI TEHSIL,BAHAWALPUR DISTRICT,027,PUNJAB,530.4,253593,478.1,-0.2336,39.3,119,0,0.252,0.46,0.388,0.548,0.752,0.578,0.733,190.4
436,DUKI SUB-DIVISION,DUKI DISTRICT,165,BALOCHISTAN,939.2,36397,38.8,-0.3273,25.5,91,0,0.002,0.0,0.011,0.204,0.131,0.015,0.06,2536.0
323,KHARAN SUB-DIVISION,KHARAN DISTRICT,087,BALOCHISTAN,2127.4,25995,12.2,-0.4499,9.6,57,0,0.063,0.165,0.162,0.227,0.061,0.206,0.202,222.7
074,AHMADPUR EAST TEHSIL,BAHAWALPUR DISTRICT,027,PUNJAB,1472.6,1141075,774.9,0.0037,67.3,327,0,0.929,1.379,1.297,1.595,1.615,1.583,1.794,93.0
667,BADHBER TEHSIL,PESHAWAR DISTRICT,025,KHYBER PAKHTUNKHWA,326.5,348820,1068.4,0.1452,77.9,56,0,1.806,2.497,2.403,2.301,2.076,2.001,2.681,48.4
410,PIR KOH SUB-TEHSIL,DERA BUGTI DISTRICT,104,BALOCHISTAN,2157.3,58757,27.2,-0.2521,36.7,78,0,0.095,0.079,0.089,0.063,0.56,0.079,0.063,-33.2
196,KALUR KOT TEHSIL,BHAKKAR DISTRICT,058,PUNJAB,1681.7,360513,214.4,-0.3775,19.2,354,0,0.116,0.155,0.206,0.24,0.314,0.208,0.358,208.7
570,IBRAHIM HYDRI SUB-DIVISION,MALIR DISTRICT,148,SINDH,104.7,454262,4338.7,0.7087,94.3,21,0,79.104,89.656,102.446,98.843,106.741,105.883,109.452,38.4
190,ARIF WALA TEHSIL,PAKPATTAN DISTRICT,056,PUNJAB,1188.2,935817,787.6,0.058,72.0,268,0,1.682,2.272,2.534,4.115,3.748,3.973,5.252,212.2
458,MULLA GORI TEHSIL,KHYBER DISTRICT,116,KHYBER PAKHTUNKHWA,97.2,60037,617.7,0.0372,70.1,17,0,1.189,1.54,1.82,0.975,1.138,0.945,1.767,48.6
154,MIAN CHANNU TEHSIL,KHANEWAL DISTRICT,047,PUNJAB,998.2,907439,909.1,0.2595,84.4,227,0,1.512,2.157,2.11,2.877,2.601,2.776,3.376,123.4
305,DAUR TALUKA,SHAHEED BENAZIRABAD DISTRICT,083,SINDH,2335.8,563968,241.4,-0.2817,32.4,326,0,0.225,0.225,0.385,0.128,0.17,0.214,0.259,15.0
327,KARAKH SUB-DIVISION,KHUZDAR DISTRICT,088,BALOCHISTAN,1498.3,23730,15.8,-0.3918,18.0,58,0,0.006,0.004,0.005,0.004,0.03,0.019,0.005,-19.7
090,LAYYAH TEHSIL,LAYYAH DISTRICT,030,PUNJAB,2014.6,979636,486.3,-0.2379,38.9,433,0,0.453,0.789,0.897,0.876,0.994,0.926,1.486,228.4
447,ZHOB SUB-DIVISION,ZHOB DISTRICT,114,BALOCHISTAN,5550.8,182810,32.9,-0.2616,35.6,422,0,0.055,0.027,0.025,0.033,0.075,0.06,0.122,122.7
467,UPPER MOHMAND TEHSIL,MOHMAND DISTRICT,118,KHYBER PAKHTUNKHWA,500.1,118503,237.0,-0.2994,29.3,105,0,0.0,0.094,1.881,0.011,0.012,0.163,0.006,
182,KALLAR SAYADDAN TEHSIL,RAWALPINDI DISTRICT,054,PUNJAB,462.2,241451,522.4,0.2469,84.1,110,0,1.057,1.533,1.688,2.705,2.957,3.713,5.232,394.9
547,MODEL TOWN TEHSIL,LAHORE DISTRICT,044,PUNJAB,332.2,2357039,7095.2,0.9378,96.6,77,0,45.753,58.251,65.548,66.026,75.748,75.222,83.969,83.5
207,SAHIWAL TEHSIL,SARGODHA DISTRICT,061,PUNJAB,793.0,394627,497.6,-0.2311,39.6,179,0,0.355,0.596,0.678,0.938,0.668,0.725,1.217,242.9
488,TOI KHULLA TEHSIL,SOUTH WAZIRISTAN DISTRICT,121,KHYBER PAKHTUNKHWA,522.4,42480,81.3,-0.4686,6.7,33,0,0.0,0.0,0.0,0.0,0.0,0.0,0.0,
335,BELA SUB-DIVISION,LASBELA DISTRICT,089,BALOCHISTAN,1626.0,61203,37.6,-0.2639,34.5,140,0,0.035,0.03,0.064,0.057,0.112,0.178,0.085,140.7
083,SADIQABAD TEHSIL,RAHIM YAR KHAN DISTRICT,028,PUNJAB,2105.1,1353253,642.8,0.1489,78.2,446,0,3.575,3.333,4.213,4.009,3.905,3.681,4.315,20.7
383,SANNI SUB-DIVISION,KACHHI DISTRICT,097,BALOCHISTAN,1593.5,71035,44.6,-0.5011,3.6,121,0,0.018,0.001,0.002,0.28,0.012,0.0,0.0,-100.0
150,SHEIKHUPURA TEHSIL,SHEIKHUPURA DISTRICT,046,PUNJAB,1365.5,1802315,1319.9,0.3735,88.2,319,0,5.902,8.17,9.344,10.269,10.662,11.223,16.17,174.0
179,SOHAWA TEHSIL,JHELUM DISTRICT,053,PUNJAB,1177.6,259491,220.4,-0.1019,54.8,221,0,0.617,0.469,0.517,0.736,0.901,0.662,0.765,23.9
358,BALNIGORE SUB-TEHSIL,KECH DISTRICT,093,BALOCHISTAN,590.9,5899,10.0,-0.4522,9.3,51,0,0.0,0.0,0.0,0.002,0.0,0.0,0.002,
255,RATODERO TALUKA,LARKANA DISTRICT,073,SINDH,489.2,341700,698.5,-0.0701,59.4,103,0,1.105,1.204,1.288,1.27,1.672,1.817,1.918,73.6
022,MANSEHRA TEHSIL,MANSEHRA DISTRICT,009,KHYBER PAKHTUNKHWA,700.5,649772,927.6,0.2316,83.6,165,0,2.101,3.372,3.336,3.441,6.318,3.019,4.025,91.6
384,BABA KOT TEHSIL,NASIRABAD DISTRICT,098,BALOCHISTAN,557.5,48413,86.8,-0.4951,4.2,111,0,0.145,0.108,0.211,0.173,0.307,0.194,0.221,52.1
204,BHALWAL TEHSIL,SARGODHA DISTRICT,061,PUNJAB,512.2,358145,699.2,0.1632,79.7,119,0,1.471,2.201,2.825,4.032,3.709,3.697,4.757,223.3
685,BATTAIRA SUB-DIVISION,KOLAI PALAS KOHISTAN DISTRICT,008,KHYBER PAKHTUNKHWA,176.5,83888,475.3,-0.2461,37.5,41,0,0.012,0.021,0.047,0.023,0.059,0.014,0.014,12.3
523,SHARDA TEHSIL,NEELUM DISTRICT,141,AZAD JAMMU & KASHMIR,2136.6,72917,34.1,-0.2212,40.7,41,0,0.003,0.016,0.018,0.019,0.019,0.012,0.021,548.8
011,ABBOTTABAD TEHSIL,ABBOTTABAD DISTRICT,005,KHYBER PAKHTUNKHWA,1000.7,965805,965.1,0.4958,92.0,241,0,3.077,4.022,4.479,3.799,4.786,3.92,4.72,53.4
020,PATTAN SUB-DIVISION,LOWER KOHISTAN DISTRICT,169,KHYBER PAKHTUNKHWA,310.9,82512,265.4,-0.1641,47.2,41,0,0.131,0.074,0.113,0.111,0.092,0.1,0.164,25.5
176,DINA TEHSIL,JHELUM DISTRICT,053,PUNJAB,515.7,364773,707.3,0.3287,86.7,106,0,2.227,2.63,2.806,3.612,3.538,3.391,4.382,96.8
200,QUAIDABAD TEHSIL,KHUSHAB DISTRICT,059,PUNJAB,998.7,209426,209.7,-0.2485,37.2,223,0,0.423,0.513,0.477,0.634,0.784,0.596,1.149,171.5
703,LARJUM SUB-DIVISION,UPPER DIR DISTRICT,020,KHYBER PAKHTUNKHWA,217.2,59180,272.5,-0.0463,61.9,45,0,0.01,0.079,0.161,0.182,0.122,0.04,0.094,844.7
600,KHANDER TEHSIL,TORGHAR DISTRICT,010,KHYBER PAKHTUNKHWA,302.1,208195,689.2,-0.3583,21.2,73,0,0.05,0.11,2.415,0.009,1.211,0.023,0.108,114.9
146,FEROZEWALA TEHSIL,SHEIKHUPURA DISTRICT,046,PUNJAB,565.6,959313,1696.1,0.4831,91.8,132,0,13.307,18.015,21.611,23.242,24.334,23.787,29.165,119.2
112,GOJRA TEHSIL,TOBA TEK SINGH DISTRICT,036,PUNJAB,851.8,920877,1081.1,0.2298,83.4,196,0,0.842,1.566,1.398,2.228,2.013,1.807,2.928,247.8
108,18-HAZARI TEHSIL,JHANG DISTRICT,035,PUNJAB,1583.5,311899,197.0,-0.2785,32.7,256,0,0.128,0.196,0.166,0.296,0.382,0.308,0.517,304.4
307,NAWABSHAH TALUKA,SHAHEED BENAZIRABAD DISTRICT,083,SINDH,438.9,331095,754.4,0.1239,76.5,90,0,3.996,4.629,4.495,4.661,4.686,4.946,5.501,37.6
024,JUDBA TEHSIL,TORGHAR DISTRICT,010,KHYBER PAKHTUNKHWA,79.5,44589,560.9,-0.212,41.8,21,0,0.0,0.0,1.575,0.0,0.0,0.0,0.0,
178,PIND DADAN KHAN TEHSIL,JHELUM DISTRICT,053,PUNJAB,1194.2,400788,335.6,-0.0755,58.5,250,0,0.687,0.834,0.976,1.092,1.145,1.002,1.674,143.5
267,DIGRI TALUKA,MIRPUR KHAS DISTRICT,076,SINDH,581.5,262161,450.8,-0.3564,21.5,119,0,0.307,0.223,0.324,0.3,0.359,0.366,0.761,147.6
448,BAR CHAMER KAND TEHSIL,BAJAUR DISTRICT,115,KHYBER PAKHTUNKHWA,13.1,1158,88.4,-0.406,15.2,2,0,0.0,0.0,0.0,0.0,0.0,0.0,0.0,
394,GULISTAN SUB-DIVISION,KILLA ABDULLAH DISTRICT,100,BALOCHISTAN,1485.1,68733,46.3,-0.2876,30.7,98,0,0.057,0.086,0.129,0.053,0.088,0.017,0.013,-76.5
347,MASTUNG SUB-DIVISION,MASTUNG DISTRICT,090,BALOCHISTAN,782.6,73677,94.1,-0.0369,63.0,102,0,0.071,0.648,0.275,0.239,0.167,0.222,0.344,385.3
428,BADINI SUB-TEHSIL,KILLA SAIFULLAH DISTRICT,110,BALOCHISTAN,1786.4,8475,4.7,-0.4051,15.6,13,0,0.0,0.0,0.0,0.0,0.0,0.006,0.0,
487,TIARZA TEHSIL,SOUTH WAZIRISTAN DISTRICT,121,KHYBER PAKHTUNKHWA,394.4,31091,78.8,-0.3379,24.1,72,0,0.0,0.0,0.0,0.0,0.0,0.0,0.0,
122,GUJRAT TEHSIL,GUJRAT DISTRICT,038,PUNJAB,1449.2,1838626,1268.7,0.4451,90.6,330,0,2.775,3.655,4.08,5.136,6.239,5.71,8.305,199.3
193,SAHIWAL TEHSIL,SAHIWAL DISTRICT,057,PUNJAB,1602.1,1658998,1035.5,0.2028,82.0,363,0,4.843,5.57,5.864,6.845,6.651,7.131,8.924,84.3
245,THATTA TALUKA,THATTA DISTRICT,069,SINDH,3813.4,435775,114.3,-0.1569,48.3,471,0,1.348,1.793,2.024,1.338,1.931,1.963,1.797,33.3
189,RENALA KHURD TEHSIL,OKARA DISTRICT,055,PUNJAB,623.4,560554,899.2,0.0548,71.4,141,0,1.875,2.941,2.976,3.957,2.894,3.729,5.235,179.2
158,JALALPUR PIRWALA TEHSIL,MULTAN DISTRICT,049,PUNJAB,961.7,623350,648.2,-0.2618,35.1,211,0,0.295,0.438,0.607,0.577,0.766,0.477,0.552,86.9
177,JHELUM TEHSIL,JHELUM DISTRICT,053,PUNJAB,651.3,502968,772.3,0.471,91.5,126,0,2.334,3.095,3.579,5.51,7.388,5.302,6.809,191.8
602,BAHAWALPUR SADDAR TEHSIL,BAHAWALPUR DISTRICT,027,PUNJAB,818.6,589081,719.6,0.2723,85.0,178,0,2.423,3.467,3.708,4.849,5.329,5.027,5.33,119.9
596,BISHAM TEHSIL,SHANGLA DISTRICT,018,KHYBER PAKHTUNKHWA,154.7,77357,500.0,0.0554,71.5,36,0,0.478,0.402,1.417,0.421,0.72,0.53,0.493,3.0
586,MURAD MEMON SUB-DIVISION,MALIR DISTRICT,148,SINDH,208.0,230769,1109.5,0.5431,92.6,43,0,30.253,32.841,44.892,36.51,43.921,36.251,40.213,32.9
431,LOIBAND TEHSIL,KILLA SAIFULLAH DISTRICT,110,BALOCHISTAN,1635.2,22246,13.6,-0.3741,19.8,74,0,0.0,0.0,0.0,0.0,0.0,0.016,0.0,
377,BALANARI SUB-TEHSIL,KACHHI DISTRICT,097,BALOCHISTAN,785.2,41426,52.8,-0.3388,24.0,78,0,0.115,0.049,0.094,0.025,0.003,0.0,0.018,-84.0
389,DALBANDIN SUB-DIVISION,CHAGAI DISTRICT,099,BALOCHISTAN,7789.0,43834,5.6,-0.2326,39.5,100,0,0.01,0.009,0.011,0.019,0.022,0.024,0.031,210.3
201,ISAKHEL TEHSIL,MIANWALI DISTRICT,060,PUNJAB,1809.7,412849,228.1,-0.1995,42.6,343,0,0.408,0.872,0.331,0.331,0.601,0.64,0.707,73.4
293,GAMBAT TALUKA,KHAIRPUR DISTRICT,081,SINDH,553.3,272770,493.0,-0.2092,42.0,110,0,0.766,0.932,0.827,0.806,0.894,0.694,0.741,-3.3
101,LALIAN TEHSIL,CHINIOT DISTRICT,033,PUNJAB,1069.1,628078,587.5,-0.1153,52.8,247,0,0.676,1.009,0.989,1.339,1.3,1.345,1.667,146.7
679,GADEZAI TEHSIL,BUNER DISTRICT,014,KHYBER PAKHTUNKHWA,378.9,198513,523.9,-0.1094,53.7,85,0,0.058,0.09,1.548,0.115,0.292,0.282,0.273,370.2
110,JHANG TEHSIL,JHANG DISTRICT,035,PUNJAB,2622.6,1524799,581.4,-0.006,65.5,595,0,0.924,1.243,1.232,1.393,1.573,1.573,2.007,117.2
244,SUJAWAL TALUKA,SUJAWAL DISTRICT,152,SINDH,734.1,204902,279.1,-0.324,26.0,136,0,0.347,0.384,2.292,0.445,0.451,0.515,0.361,4.2
497,MASHABBRUM SUB-DIVISION,GHANCHE DISTRICT,130,GILGIT-BALTISTAN,5926.1,33449,5.6,-0.5048,3.1,25,0,0.002,0.003,0.001,0.025,0.012,0.012,0.009,438.7
001,BANNU TEHSIL,BANNU DISTRICT,001,KHYBER PAKHTUNKHWA,227.8,501644,2202.1,0.4512,90.9,51,0,5.674,4.537,4.568,3.322,3.579,3.522,4.826,-14.9
697,GAMBA SUB-DIVISION,SKARDU DISTRICT,129,GILGIT-BALTISTAN,1364.2,32984,24.2,-0.1709,46.1,50,0,0.056,0.091,0.131,0.214,0.376,0.417,0.471,740.7
455,BARA TEHSIL,KHYBER DISTRICT,116,KHYBER PAKHTUNKHWA,1640.0,554698,338.2,-0.0763,58.2,212,0,0.192,0.32,0.336,0.394,0.794,0.621,0.919,378.6
355,ORMARA TEHSIL,GWADAR DISTRICT,092,BALOCHISTAN,2962.1,27719,9.4,-0.2304,39.8,31,0,0.067,0.135,0.131,0.161,0.161,0.165,0.216,224.8
471,GHARYUM TEHSIL,NORTH WAZIRISTAN DISTRICT,119,KHYBER PAKHTUNKHWA,345.4,13889,40.2,-0.3589,20.7,34,0,0.082,0.0,0.0,0.019,0.0,0.0,0.0,-100.0
028,KARAK TEHSIL,KARAK DISTRICT,012,KHYBER PAKHTUNKHWA,1042.5,355691,341.2,-0.133,50.5,176,0,1.403,1.113,0.965,0.864,1.4,0.889,1.32,-5.9
036,CHITRAL SUB-DIVISION,LOWER CHITRAL DISTRICT,015,KHYBER PAKHTUNKHWA,5294.0,243546,46.0,-0.0878,56.7,203,0,0.045,0.079,0.057,0.081,0.087,0.05,0.09,101.0
496,KHAPLU SUB-DIVISION,GHANCHE DISTRICT,130,GILGIT-BALTISTAN,784.9,29375,37.4,-0.1652,47.1,41,0,0.011,0.021,0.031,0.107,0.05,0.038,0.082,630.3
715,JHAL JAO TEHSIL,AWARAN DISTRICT,085,BALOCHISTAN,7999.9,45395,5.7,-0.3943,17.2,54,0,0.0,0.0,0.001,0.0,0.0,0.0,0.0,
316,KORAK JHAO TEHSIL,AWARAN DISTRICT,085,BALOCHISTAN,3058.6,16709,5.5,-0.4187,13.3,72,0,0.0,0.0,0.0,0.0,0.0,0.0,0.0,
534,MANG TEHSIL,SUDHNOTI DISTRICT,145,AZAD JAMMU & KASHMIR,73.8,29877,404.8,-0.1221,51.7,19,0,0.251,0.117,1.028,0.587,0.767,2.556,2.701,975.3
414,KHOAST SUB-DIVISION,HARNAI DISTRICT,105,BALOCHISTAN,1491.3,27727,18.6,-0.2844,31.4,56,0,0.158,0.223,0.163,0.161,0.162,0.15,0.101,-35.8
231,CHAMBER TALUKA,TANDO ALLAHYAR DISTRICT,067,SINDH,507.9,185292,364.8,-0.3109,28.0,103,0,0.641,0.48,0.5,0.188,0.653,0.284,0.825,28.7
512,KHUI RATTA TEHSIL,KOTLI DISTRICT,137,AZAD JAMMU & KASHMIR,245.1,136478,556.8,0.0485,70.6,57,0,4.656,3.029,4.284,4.865,12.151,4.145,11.105,138.5
303,MORO TALUKA,NAUSHAHRO FEROZE DISTRICT,082,SINDH,797.7,450849,565.2,-0.0452,62.4,152,0,1.473,1.515,1.513,1.121,1.175,1.087,1.429,-3.0
035,MANDANR TEHSIL,BUNER DISTRICT,014,KHYBER PAKHTUNKHWA,302.7,138222,456.6,-0.0125,64.9,71,0,0.355,4.391,0.713,0.091,2.502,0.924,0.198,-44.3
043,SWAT RANI ZAI SUB-DIVISION,MALAKAND PROTECTED AREA,017,KHYBER PAKHTUNKHWA,663.3,458857,691.8,0.1303,77.1,148,0,1.441,1.763,2.032,2.017,3.054,1.762,2.786,93.3
334,ZEHRI SUB-DIVISION,KHUZDAR DISTRICT,088,BALOCHISTAN,3423.7,65540,19.1,-0.377,19.3,91,0,0.005,0.0,0.0,0.0,0.008,0.0,0.001,-72.3
263,GARHI YASIN TALUKA,SHIKARPUR DISTRICT,075,SINDH,896.5,351245,391.8,-0.3118,27.9,189,0,0.388,0.556,0.405,0.329,0.398,0.331,0.434,11.9
230,SAEEDABAD TALUKA,MATIARI DISTRICT,066,SINDH,332.2,154896,466.3,-0.1096,53.6,71,0,0.917,1.291,1.465,0.869,1.192,1.243,0.844,-8.0
004,SARAI NAURANG TEHSIL,LAKKI MARWAT DISTRICT,002,KHYBER PAKHTUNKHWA,557.8,209231,375.1,-0.0548,61.0,122,0,0.272,0.294,0.384,0.26,0.229,0.105,0.331,21.6
099,BHAWANA TEHSIL,CHINIOT DISTRICT,033,PUNJAB,891.8,386961,433.9,-0.2219,40.6,204,0,0.323,0.433,0.67,0.942,0.973,0.826,1.328,310.5
102,CHAK JHUMRA TEHSIL,FAISALABAD DISTRICT,034,PUNJAB,489.3,412741,843.5,0.1871,81.0,117,0,4.503,7.003,8.969,10.691,10.643,11.515,14.625,224.8
194,BHAKKAR TEHSIL,BHAKKAR DISTRICT,058,PUNJAB,1711.6,670403,391.7,-0.2226,40.4,374,0,0.411,0.678,0.548,0.726,0.731,0.646,0.956,132.5
710,YAK MACHH SUB-TEHSIL,CHAGAI DISTRICT,099,BALOCHISTAN,9090.1,26968,3.0,-0.3354,24.5,33,0,0.0,0.001,0.001,0.001,0.001,0.002,0.006,
533,BALUCH TEHSIL,SUDHNOTI DISTRICT,145,AZAD JAMMU & KASHMIR,183.5,70309,383.2,-0.1141,52.9,46,0,0.273,0.143,1.225,0.121,1.942,2.142,5.017,1735.4
030,KOHAT TEHSIL,KOHAT DISTRICT,013,KHYBER PAKHTUNKHWA,1163.7,633565,544.4,0.4678,91.2,171,0,2.699,2.867,3.158,2.636,4.045,2.455,3.185,18.0
331,ORNACH SUB-DIVISION,KHUZDAR DISTRICT,088,BALOCHISTAN,2741.2,28481,10.4,-0.3963,16.6,78,0,0.0,0.0,0.002,0.005,0.002,0.003,0.004,
320,KALAT SUB-DIVISION,KALAT DISTRICT,086,BALOCHISTAN,4692.3,90504,19.3,-0.2289,39.9,206,0,0.04,0.006,0.051,0.044,0.045,0.038,0.026,-36.5
107,TANDLIAN WALA TEHSIL,FAISALABAD DISTRICT,034,PUNJAB,1157.6,807670,697.7,-0.1713,46.0,259,0,0.609,0.99,0.803,1.26,1.373,1.186,1.648,170.4
552,DAHLI TALUKA,THARPARKAR DISTRICT,078,SINDH,2268.4,154362,68.0,-0.3516,22.6,316,0,0.263,0.61,0.59,0.495,0.576,0.647,0.504,91.6
290,MIRPUR MATHELO TALUKA,GHOTKI DISTRICT,080,SINDH,860.1,326431,379.5,-0.1698,46.4,168,0,1.948,2.046,2.437,2.515,2.315,2.001,2.129,9.3
289,KHANGARH TALUKA,GHOTKI DISTRICT,080,SINDH,1921.6,199948,104.1,-0.1776,45.4,160,0,0.068,0.058,0.064,0.07,0.118,0.09,0.544,697.8
049,CHARBAGH TEHSIL,SWAT DISTRICT,019,KHYBER PAKHTUNKHWA,154.5,122417,792.3,-0.0453,62.2,38,0,0.53,1.055,1.706,2.457,1.555,1.02,1.789,237.4
528,KHURSHID ABAD TEHSIL,HAVELI DISTRICT,143,AZAD JAMMU & KASHMIR,182.8,29555,161.7,-0.4169,13.9,37,0,0.124,0.039,0.012,0.0,0.032,0.035,0.21,68.9
369,JAHEEN PAROME TEHSIL,PANJGUR DISTRICT,094,BALOCHISTAN,5255.5,62589,11.9,-0.5091,2.8,86,0,0.006,0.007,0.008,0.01,0.01,0.036,0.027,324.6
167,HASAN ABDAL TEHSIL,ATTOCK DISTRICT,051,PUNJAB,342.7,233995,682.8,0.3392,87.0,78,0,7.442,9.747,8.318,9.821,10.383,10.278,13.287,78.6
415,SHAHRIG TEHSIL,HARNAI DISTRICT,105,BALOCHISTAN,254.8,11361,44.6,-0.2826,32.2,32,0,0.059,0.0,0.013,0.008,0.057,0.0,0.0,-100.0
166,FATEH JANG TEHSIL,ATTOCK DISTRICT,051,PUNJAB,1424.3,386606,271.4,0.0015,66.9,302,0,4.297,4.511,4.217,4.626,6.112,4.982,6.631,54.3
379,DHADAR SUB-DIVISION,KACHHI DISTRICT,097,BALOCHISTAN,860.5,62557,72.7,-0.0702,59.3,51,0,0.147,0.078,0.289,0.235,0.254,0.14,0.15,2.1
623,RUSTAM TEHSIL,MARDAN DISTRICT,021,KHYBER PAKHTUNKHWA,379.0,282715,745.9,0.1169,76.0,90,0,0.613,1.685,0.819,1.162,3.878,1.113,1.493,143.6
720,DASHT E GORAN SUB-DIVISION,SURAB DISTRICT,164,BALOCHISTAN,1010.3,10900,10.8,-0.4056,15.3,29,0,0.005,0.007,0.002,0.009,0.005,0.002,0.007,43.6
434,SHINKI SUB-TEHSIL,KILLA SAIFULLAH DISTRICT,110,BALOCHISTAN,2847.4,47884,16.8,-0.4393,11.0,162,0,0.0,0.0,0.0,0.0,0.0,0.001,0.0,
592,SHAH FAISAL SUB-DIVISION,KORANGI DISTRICT,154,SINDH,23.0,389193,16921.4,1.0398,97.5,5,0,124.003,157.597,163.983,150.363,174.32,174.607,170.929,37.8
215,TANDO BAGO TALUKA,BADIN DISTRICT,062,SINDH,1421.0,384709,270.7,-0.458,8.7,291,0,0.064,0.118,0.112,0.064,0.144,0.136,0.173,171.2
232,JHANDO MARI TALUKA,TANDO ALLAHYAR DISTRICT,067,SINDH,627.3,230610,367.6,-0.2712,33.7,129,0,0.397,0.365,0.671,0.268,0.304,0.241,0.66,66.5
692,DANYORE SUB-DIVISION,GILGIT DISTRICT,134,GILGIT-BALTISTAN,1695.2,42967,25.3,0.1041,75.5,36,0,0.308,0.407,0.458,0.546,0.368,0.402,0.516,67.4
174,LAWA TEHSIL,CHAKWAL DISTRICT,052,PUNJAB,975.7,147510,151.2,-0.2898,30.5,199,0,0.144,0.191,0.096,0.144,0.196,0.083,3.509,2344.1
229,MATIARI TALUKA,MATIARI DISTRICT,066,SINDH,630.2,329084,522.2,-0.0875,57.0,120,0,1.945,3.872,3.693,3.02,3.084,2.665,2.952,51.8
440,KINGRI TEHSIL,MUSAKHEL DISTRICT,112,BALOCHISTAN,2230.0,54675,24.5,-0.3584,20.9,163,0,0.005,0.002,0.021,0.001,0.005,0.0,0.014,203.4
349,MASHKHEL SUB-DIVISION,WASHUK DISTRICT,091,BALOCHISTAN,14681.0,34610,2.4,-0.3561,21.7,53,0,0.004,0.005,0.006,0.009,0.011,0.013,0.009,147.1
226,SEHWAN TALUKA,JAMSHORO DISTRICT,065,SINDH,2449.9,286948,117.1,-0.0577,60.4,180,0,0.533,0.56,0.515,0.564,0.58,0.556,0.546,2.4
014,BATAGRAM TEHSIL,BATAGRAM DISTRICT,006,KHYBER PAKHTUNKHWA,470.3,305605,649.8,0.1516,78.3,110,0,0.312,0.143,0.348,0.122,0.2,0.126,0.152,-51.3
266,SHIKARPUR TALUKA,SHIKARPUR DISTRICT,075,SINDH,560.4,433074,772.8,0.1588,79.6,123,0,1.724,2.338,2.338,2.473,3.14,2.979,3.016,75.0
017,DASSU SUB-DIVISION,UPPER KOHISTAN DISTRICT,168,KHYBER PAKHTUNKHWA,1959.6,127569,65.1,-0.414,14.1,101,0,0.024,0.07,0.114,0.139,0.175,0.176,0.187,668.2
672,CHOWK SARWAR SHAHEED TEHSIL,MUZAFFARGARH DISTRICT,031,PUNJAB,1786.4,464290,259.9,-0.4105,14.6,343,0,0.144,0.289,0.317,0.315,0.345,0.267,0.419,190.8
517,CHIKAR TEHSIL,JHELUM VALLEY DISTRICT,139,AZAD JAMMU & KASHMIR,82.9,33257,401.2,0.094,74.5,18,0,2.933,2.735,2.659,0.943,0.476,0.979,2.207,-24.8
597,NOWSHERA TEHSIL,KHUSHAB DISTRICT,059,PUNJAB,730.8,128871,176.3,-0.2844,31.6,132,0,0.616,0.237,0.289,0.285,0.344,0.26,0.529,-14.1
082,RAHIM YAR KHAN TEHSIL,RAHIM YAR KHAN DISTRICT,028,PUNJAB,2011.7,1558538,774.7,0.1538,78.9,431,0,2.326,2.197,2.701,2.9,3.088,3.212,3.543,52.3
051,KHAWAZAKHELA TEHSIL,SWAT DISTRICT,019,KHYBER PAKHTUNKHWA,286.8,216204,753.8,0.1555,79.3,71,0,0.443,1.062,0.965,1.455,1.208,0.795,1.103,149.1
164,VEHARI TEHSIL,VEHARI DISTRICT,050,PUNJAB,1418.0,1091352,769.6,-0.105,54.5,323,0,1.432,1.895,2.072,2.421,2.646,2.772,3.53,146.6
705,TOISAR TEHSIL,MUSAKHEL DISTRICT,112,BALOCHISTAN,1074.2,33183,30.9,-0.4449,10.4,72,0,0.0,0.003,0.074,0.0,0.0,0.017,0.009,
280,DIPLO TALUKA,THARPARKAR DISTRICT,078,SINDH,3029.7,168291,55.5,-0.4287,11.9,335,0,0.091,0.095,0.059,0.05,0.245,0.415,0.494,445.4
273,JAM NAWAZ ALI TALUKA,SANGHAR DISTRICT,077,SINDH,461.5,137993,299.0,-0.3815,19.0,96,0,0.833,1.158,1.226,0.778,0.922,0.938,3.47,316.8
481,UPPER TEHSIL,ORAKZAI DISTRICT,120,KHYBER PAKHTUNKHWA,309.1,95348,308.5,-0.3168,26.8,65,0,0.0,0.0,0.0,0.0,0.0,0.0,0.0,
453,SALARZAI TEHSIL,BAJAUR DISTRICT,115,KHYBER PAKHTUNKHWA,322.9,258585,800.8,-0.292,30.2,76,0,0.0,0.031,0.073,0.079,0.079,0.044,0.085,
572,JAMSHED QUARTERS SUB-DIVISION,KARACHI EAST DISTRICT,146,SINDH,12.1,457884,37841.7,0.9875,97.2,4,0,257.932,282.217,312.559,274.02,319.27,296.18,254.606,-1.3
702,MUMTAZABAD TEHSIL,HAVELI DISTRICT,143,AZAD JAMMU & KASHMIR,95.8,32527,339.5,-0.2667,34.2,24,0,0.52,0.47,0.102,0.362,0.681,0.42,1.354,160.3
684,HARBAN BHASHA TEHSIL,UPPER KOHISTAN DISTRICT,168,KHYBER PAKHTUNKHWA,985.8,67838,68.8,-0.3254,25.7,48,0,0.002,0.187,0.481,0.463,0.395,0.415,0.438,20248.1
454,UTMAN KHEL TEHSIL,BAJAUR DISTRICT,115,KHYBER PAKHTUNKHWA,153.1,65090,425.1,-0.2599,35.9,36,0,0.069,0.157,0.017,0.081,0.113,0.03,0.026,-62.1
184,MURREE TEHSIL,RAWALPINDI DISTRICT,054,PUNJAB,409.0,291187,711.9,0.4364,90.1,97,0,4.527,6.145,7.6,7.143,11.463,6.84,11.256,148.6
423,SANGAN SUB-TEHSIL,SIBI DISTRICT,107,BALOCHISTAN,1170.5,12688,10.8,-0.3333,24.8,7,0,0.001,0.0,0.0,0.0,0.009,0.002,0.0,-100.0
212,GOLARCHI (S.F.RAHU) TALUKA,BADIN DISTRICT,062,SINDH,1716.8,295583,172.2,-0.4132,14.2,321,0,0.592,0.617,0.572,0.345,0.499,0.445,0.448,-24.3
152,KABIRWALA TEHSIL,KHANEWAL DISTRICT,047,PUNJAB,1578.8,1054043,667.6,-0.0726,58.8,351,0,1.126,1.815,1.789,2.239,2.083,2.107,2.701,139.8
322,SURAB SUB-DIVISION,SURAB DISTRICT,164,BALOCHISTAN,1270.7,55381,43.6,0.0083,68.1,65,0,0.332,0.113,0.093,0.223,0.097,0.094,0.12,-63.9
282,NAGAR PARKAR TALUKA,THARPARKAR DISTRICT,078,SINDH,4015.9,264139,65.8,-0.5052,2.9,495,0,0.263,0.254,0.258,0.17,0.514,0.747,0.745,183.8
336,DUREJI SUB-DIVISION,LASBELA DISTRICT,089,BALOCHISTAN,3798.2,39920,10.5,-0.4592,8.4,147,0,0.003,0.001,0.005,0.004,0.011,0.052,0.014,387.3
155,DUNYAPUR TEHSIL,LODHRAN DISTRICT,048,PUNJAB,968.0,624400,645.0,-0.1105,53.4,214,0,0.331,0.622,0.627,0.766,0.77,0.628,1.063,221.2
483,LADHA TEHSIL,SOUTH WAZIRISTAN DISTRICT,121,KHYBER PAKHTUNKHWA,190.2,60801,319.7,-0.2456,37.9,37,0,0.0,0.006,0.051,0.028,0.04,0.012,0.025,
133,DASKA TEHSIL,SIALKOT DISTRICT,042,PUNJAB,696.5,983642,1412.3,0.5129,92.1,165,0,2.922,4.746,6.008,7.524,9.108,8.903,11.123,280.7
618,LOWER TANAWAL TEHSIL,ABBOTTABAD DISTRICT,005,KHYBER PAKHTUNKHWA,152.8,116126,760.0,0.0951,74.6,38,0,0.402,0.552,1.725,0.306,4.08,0.15,3.144,682.9
025,HANGU TEHSIL,HANGU DISTRICT,011,KHYBER PAKHTUNKHWA,683.3,356841,522.2,-0.0827,57.4,122,0,0.282,0.478,0.492,0.47,0.304,0.219,0.562,99.5
284,PITHORO TALUKA,UMER KOT DISTRICT,079,SINDH,512.1,123207,240.6,-0.4182,13.5,109,0,0.05,0.06,0.045,0.024,0.054,0.057,0.053,5.9
680,CHAGHARZAI TEHSIL,BUNER DISTRICT,014,KHYBER PAKHTUNKHWA,259.9,80282,308.9,-0.1558,48.6,62,0,0.019,0.966,3.032,0.022,0.246,0.092,0.004,-77.3
180,GUJAR KHAN TEHSIL,RAWALPINDI DISTRICT,054,PUNJAB,1465.6,814783,555.9,0.1893,81.1,341,0,1.711,1.851,1.926,4.1,4.609,3.678,5.085,197.2
375,JHAL MAGSI TEHSIL,JHAL MAGSI DISTRICT,096,BALOCHISTAN,1953.3,81518,41.7,-0.5396,1.7,229,0,0.051,0.041,0.071,0.061,0.116,0.263,0.445,779.3
095,DE-EXCLUDED AREA RAJANPUR TEHSIL,RAJANPUR DISTRICT,032,PUNJAB,3741.6,29504,7.9,-0.5593,1.1,25,0,0.0,0.008,0.02,0.0,0.016,0.0,0.066,
608,HASSAN KHEL SUB-DIVISION,PESHAWAR DISTRICT,025,KHYBER PAKHTUNKHWA,249.8,78259,313.3,-0.0926,55.6,32,0,0.0,0.177,0.103,0.0,0.0,0.0,0.0,
603,WAZIR SUB-DIVISION,BANNU DISTRICT,001,KHYBER PAKHTUNKHWA,853.7,50392,59.0,-0.4474,9.9,103,0,0.002,0.0,0.021,0.0,0.014,0.079,0.004,146.9
123,KHARIAN TEHSIL,GUJRAT DISTRICT,038,PUNJAB,1288.9,1317203,1022.0,0.3664,87.8,289,0,2.072,2.94,3.602,4.673,5.816,5.175,6.994,237.6
274,KHIPRO TALUKA,SANGHAR DISTRICT,077,SINDH,5322.9,389190,73.1,-0.2929,30.0,253,0,0.074,0.073,0.089,0.092,0.117,0.107,0.085,14.4
476,SHEWA TEHSIL,NORTH WAZIRISTAN DISTRICT,119,KHYBER PAKHTUNKHWA,392.8,34883,88.8,-0.1682,46.7,35,0,0.0,0.257,13.201,0.329,0.601,2.15,3.345,
007,KULACHI TEHSIL,DERA ISMAIL KHAN DISTRICT,003,KHYBER PAKHTUNKHWA,1187.0,108641,91.5,-0.3324,24.9,97,0,0.082,0.062,0.093,0.072,0.044,0.016,0.041,-50.3
202,MIANWALI TEHSIL,MIANWALI DISTRICT,060,PUNJAB,2772.3,849130,306.3,0.0574,71.8,512,0,1.14,1.274,1.552,1.962,2.338,2.025,2.533,122.1
066,NOWSHERA TEHSIL,NOWSHERA DISTRICT,024,KHYBER PAKHTUNKHWA,615.1,714775,1162.0,0.4493,90.7,121,0,5.987,8.821,7.952,8.074,9.374,7.228,8.573,43.2
009,PAROA TEHSIL,DERA ISMAIL KHAN DISTRICT,003,KHYBER PAKHTUNKHWA,1676.3,318392,189.9,-0.2765,33.0,298,0,0.228,0.256,0.264,0.261,0.244,0.143,0.245,7.2
288,GHOTKI TALUKA,GHOTKI DISTRICT,080,SINDH,807.6,457901,567.0,0.0051,67.8,162,0,3.212,3.921,4.446,4.759,4.007,3.067,3.32,3.4
329,MOOLA SUB-TEHSIL,KHUZDAR DISTRICT,088,BALOCHISTAN,2434.2,28279,11.6,-0.5129,2.6,46,0,0.001,0.0,0.0,0.441,0.0,0.0,0.0,-100.0
206,KOT MOMIN TEHSIL,SARGODHA DISTRICT,061,PUNJAB,995.0,646711,650.0,-0.0198,63.9,230,0,0.658,0.875,1.049,1.18,1.559,1.273,1.769,168.7
104,FAISALABAD SADAR TEHSIL,FAISALABAD DISTRICT,034,PUNJAB,1309.4,1653693,1262.9,0.4526,91.0,295,0,6.401,8.589,9.808,10.347,10.167,10.432,12.702,98.4
256,KAMBAR ALI KHAN TALUKA,KAMBAR SHAHDAD KOT DISTRICT,074,SINDH,2312.9,428220,185.1,-0.0545,61.1,218,0,0.407,0.285,0.285,0.212,0.375,0.3,0.352,-13.5
138,KASUR TEHSIL,KASUR DISTRICT,043,PUNJAB,1438.4,1192078,828.8,0.2258,83.3,336,0,3.645,7.063,7.404,9.722,8.907,8.439,10.248,181.1
249,KANDHKOT TALUKA,KASHMORE DISTRICT,072,SINDH,749.3,346225,462.1,-0.0968,55.1,155,0,0.458,0.472,0.578,0.489,0.538,0.521,0.583,27.1
616,BAFFA PAKHAL TEHSIL,MANSEHRA DISTRICT,009,KHYBER PAKHTUNKHWA,702.9,383652,545.8,0.1787,80.3,143,0,0.635,0.861,1.284,0.808,2.057,0.78,1.715,170.3
504,GILGIT SUB-DIVISION,GILGIT DISTRICT,134,GILGIT-BALTISTAN,1435.8,63402,44.2,0.3973,89.5,45,0,1.008,1.192,1.472,1.605,1.199,1.258,1.559,54.6
149,SHARAK PUR TEHSIL,SHEIKHUPURA DISTRICT,046,PUNJAB,376.0,287230,763.9,0.0538,71.2,85,0,2.318,4.413,4.95,8.292,6.669,6.35,9.646,316.2
100,CHINIOT TEHSIL,CHINIOT DISTRICT,033,PUNJAB,695.1,597857,860.1,0.2102,82.7,161,0,2.213,3.398,3.808,3.971,3.848,3.924,5.28,138.6
061,SWABI TEHSIL,SWABI DISTRICT,022,KHYBER PAKHTUNKHWA,269.2,394941,1467.1,0.2749,85.1,65,0,2.911,4.865,4.386,6.107,6.02,4.783,6.668,129.1
531,RAWALAKOT TEHSIL,POONCH DISTRICT,144,AZAD JAMMU & KASHMIR,324.5,244535,753.6,0.1428,77.2,79,0,0.687,0.807,0.727,1.188,2.66,3.91,4.804,599.0
605,DRAZANDA SUB-DIVISION,DERA ISMAIL KHAN DISTRICT,003,KHYBER PAKHTUNKHWA,1581.7,50707,32.1,-0.4641,7.7,114,0,0.03,0.001,0.044,0.015,0.118,0.014,0.977,3126.8
432,MUSLIM BAGH TEHSIL,KILLA SAIFULLAH DISTRICT,110,BALOCHISTAN,1727.5,71677,41.5,-0.0886,56.2,141,0,0.096,0.104,0.116,0.083,0.117,0.126,0.107,11.9
175,TALA GANG TEHSIL,CHAKWAL DISTRICT,052,PUNJAB,2028.5,452319,223.0,-0.1813,44.9,446,0,0.455,0.514,0.429,0.387,0.379,0.245,0.503,10.5
525,DHIR KOT TEHSIL,BAGH DISTRICT,142,AZAD JAMMU & KASHMIR,231.4,137040,592.2,0.1189,76.2,57,0,1.565,1.104,1.293,1.371,2.854,4.003,5.923,278.5
461,UPPER KURRAM TEHSIL,KURRAM DISTRICT,117,KHYBER PAKHTUNKHWA,725.3,273724,377.4,0.065,72.4,133,0,0.033,0.159,0.099,0.141,0.151,0.076,0.891,2569.0
237,GHORABARI TALUKA,THATTA DISTRICT,069,SINDH,944.7,148410,157.1,-0.494,4.5,173,0,0.078,0.078,0.116,0.086,0.15,0.145,0.112,44.3
553,ISLAMKOT TALUKA,THARPARKAR DISTRICT,078,SINDH,3750.1,308724,82.3,-0.5477,1.4,420,0,0.362,0.396,0.481,0.844,1.19,1.147,1.288,255.6
363,MAND TEHSIL,KECH DISTRICT,093,BALOCHISTAN,2206.9,41986,19.0,-0.3176,26.6,37,0,0.049,0.051,0.098,0.125,0.193,0.184,0.2,309.4
359,BULAIDA SUB-DIVISION,KECH DISTRICT,093,BALOCHISTAN,2435.4,53914,22.1,-0.3528,22.3,100,0,0.018,0.009,0.005,0.005,0.014,0.029,0.016,-12.3
706,ZIMRI PLASEEN SUB-TEHSIL,MUSAKHEL DISTRICT,112,BALOCHISTAN,540.0,24160,44.7,-0.5725,0.8,22,0,0.0,0.0,0.189,0.0,0.009,0.016,0.0,
106,SAMMUNDRI TEHSIL,FAISALABAD DISTRICT,034,PUNJAB,872.6,867213,993.8,-0.1065,54.3,203,0,0.889,1.589,1.578,2.27,2.558,2.268,3.034,241.4
559,CIVIL LINES SUB-DIVISION,KARACHI SOUTH DISTRICT,150,SINDH,49.3,1562104,31685.7,0.9482,96.7,9,0,161.039,185.435,219.365,213.811,222.519,212.194,218.577,35.7
029,TAKHT-E-NASRATI TEHSIL,KARAK DISTRICT,012,KHYBER PAKHTUNKHWA,605.0,234821,388.1,-0.0609,60.2,124,0,0.166,0.153,0.316,0.232,0.211,0.101,0.217,30.6
507,BARNALA TEHSIL,BHIMBER DISTRICT,136,AZAD JAMMU & KASHMIR,409.9,126066,307.6,-0.0021,66.1,91,0,0.75,0.67,0.837,1.38,3.597,0.885,4.363,481.5
003,LAKKI MARWAT TEHSIL,LAKKI MARWAT DISTRICT,002,KHYBER PAKHTUNKHWA,1326.0,367251,277.0,-0.1897,44.3,204,0,0.107,0.138,0.18,0.183,0.223,0.173,0.231,116.6
071,FORT ABBAS TEHSIL,BAHAWALNAGAR DISTRICT,026,PUNJAB,3713.1,652775,175.8,-0.2617,35.3,323,0,0.138,0.19,0.187,0.212,0.215,0.188,0.257,86.9
548,RAIWIND TEHSIL,LAHORE DISTRICT,044,PUNJAB,483.1,2288683,4737.5,0.6654,93.7,112,0,33.654,41.613,47.39,49.397,54.655,53.701,60.999,81.3
714,GRESHA SUB-TEHSIL,KHUZDAR DISTRICT,088,BALOCHISTAN,2118.0,24795,11.7,-0.2846,31.3,110,0,0.0,0.0,0.001,0.0,0.0,0.0,0.0,
197,MANKERA TEHSIL,BHAKKAR DISTRICT,058,PUNJAB,3348.3,275710,82.3,-0.3723,20.1,599,0,0.031,0.032,0.046,0.055,0.085,0.038,0.089,191.7
198,KHUSHAB TEHSIL,KHUSHAB DISTRICT,059,PUNJAB,2358.4,841465,356.8,-0.1278,51.4,497,0,1.894,2.268,2.777,2.685,2.314,2.178,2.834,49.7
526,HARI GAIL TEHSIL,BAGH DISTRICT,142,AZAD JAMMU & KASHMIR,119.4,59471,498.1,-0.0463,61.8,31,0,0.328,0.886,0.681,0.482,1.93,2.714,4.112,1151.9
285,SAMARO TALUKA,UMER KOT DISTRICT,079,SINDH,574.6,172914,300.9,-0.3969,16.4,115,0,0.067,0.081,0.055,0.026,0.041,0.11,0.155,132.8
422,LEHRI SUB-DIVISION,SIBI DISTRICT,107,BALOCHISTAN,1528.5,33736,22.1,-0.3937,17.3,66,0,0.035,0.021,0.07,0.039,0.048,0.028,0.035,2.0
286,UMER KOT TALUKA,UMER KOT DISTRICT,079,SINDH,3849.0,525435,136.5,-0.1172,52.6,399,0,0.129,0.148,0.141,0.155,0.145,0.181,0.163,26.4
712,PANHWAR TEHSIL,SOHBATPUR DISTRICT,153,BALOCHISTAN,164.9,19327,117.2,-0.3557,21.8,29,0,0.077,0.097,0.223,0.0,0.158,0.085,0.076,-1.6
087,TAUNSA TEHSIL,DERA GHAZI KHAN DISTRICT,029,PUNJAB,2770.5,619130,223.5,-0.2211,40.9,542,0,0.179,0.312,0.281,0.289,0.279,0.231,0.393,119.2
580,MANGHOPIR SUB-DIVISION,KARACHI WEST DISTRICT,147,SINDH,222.1,999438,4499.9,0.547,92.7,42,0,30.946,32.359,43.978,41.679,54.9,57.149,45.197,46.1
159,MULTAN CITY TEHSIL,MULTAN DISTRICT,049,PUNJAB,281.7,2279370,8091.5,0.8964,96.0,67,0,35.644,44.921,53.506,56.337,59.457,59.413,66.716,87.2
199,NOOR PUR TEHSIL,KHUSHAB DISTRICT,059,PUNJAB,2404.2,270395,112.5,-0.376,19.5,455,0,0.267,0.358,0.38,0.462,0.341,0.383,0.43,60.9
002,DOMEL TEHSIL,BANNU DISTRICT,001,KHYBER PAKHTUNKHWA,415.1,236820,570.5,0.1518,78.5,91,0,0.758,0.823,0.805,0.689,0.807,0.514,0.914,20.6
719,GIDDER SUB-DIVISION,SURAB DISTRICT,164,BALOCHISTAN,1105.3,28558,25.8,-0.3412,23.7,83,0,0.007,0.009,0.011,0.009,0.0,0.0,0.0,-100.0
047,BEHRAIN TEHSIL,SWAT DISTRICT,019,KHYBER PAKHTUNKHWA,3282.1,350800,106.9,-0.1374,50.2,162,0,0.036,0.112,0.191,0.113,0.115,0.089,0.139,284.4
696,GULMAT GOJAL SUB-DIVISION,HUNZA DISTRICT,135,GILGIT-BALTISTAN,10623.7,34820,3.3,-0.1028,54.6,52,0,0.002,0.008,0.014,0.038,0.025,0.02,0.026,963.7
304,NAUSHAHRO FEROZE TALUKA,NAUSHAHRO FEROZE DISTRICT,082,SINDH,663.2,374992,565.4,-0.1813,44.7,141,0,0.961,0.666,0.732,0.713,0.62,0.795,0.947,-1.4
205,BHERA TEHSIL,SARGODHA DISTRICT,061,PUNJAB,593.6,330677,557.1,0.0915,74.0,140,0,0.617,0.802,0.799,1.015,1.014,1.061,1.867,202.8
057,MARDAN TEHSIL,MARDAN DISTRICT,021,KHYBER PAKHTUNKHWA,334.9,980246,2927.0,0.6385,93.5,86,0,8.052,10.172,10.637,10.891,10.458,9.48,11.805,46.6
299,SOBHO DERO TALUKA,KHAIRPUR DISTRICT,081,SINDH,517.0,295992,572.5,-0.1174,52.3,105,0,1.139,1.109,0.959,0.819,0.841,1.02,0.944,-17.2
219,MEHAR TALUKA,DADU DISTRICT,063,SINDH,1541.3,541755,351.5,-0.0675,59.8,199,0,0.325,0.409,0.368,0.308,0.202,0.226,0.333,2.5
160,MULTAN SADDAR TEHSIL,MULTAN DISTRICT,049,PUNJAB,1722.2,1693916,983.6,0.2244,83.1,383,0,4.272,6.684,9.026,9.816,10.313,11.2,12.482,192.2
664,BAKKA KHEL TEHSIL,BANNU DISTRICT,001,KHYBER PAKHTUNKHWA,337.7,261870,775.5,0.065,72.6,76,0,0.806,0.413,0.712,0.482,0.455,0.179,0.357,-55.7
351,SHAHOO GARHI SUB-TEHSIL,WASHUK DISTRICT,091,BALOCHISTAN,6123.3,28321,4.6,-0.4771,6.0,107,0,0.0,0.0,0.0,0.0,0.0,0.0,0.0,
518,HATTIAN TEHSIL,JHELUM VALLEY DISTRICT,139,AZAD JAMMU & KASHMIR,502.8,146695,291.8,0.0046,67.6,116,0,0.798,0.542,0.708,0.632,0.732,0.447,0.857,7.5
225,MANJHAND TALUKA,JAMSHORO DISTRICT,065,SINDH,2553.9,208859,81.8,-0.2774,32.8,225,0,0.117,0.167,0.128,0.144,0.135,0.245,0.171,45.8
073,MINCHINABAD TEHSIL,BAHAWALNAGAR DISTRICT,026,PUNJAB,1735.7,720527,415.1,-0.2179,41.2,367,0,0.179,0.424,0.538,0.666,0.61,0.555,0.896,401.8
724,NANA SAHIB TEHSIL,PISHIN DISTRICT,102,BALOCHISTAN,346.1,17944,51.8,-0.3006,29.1,45,0,0.0,0.009,0.016,0.01,0.018,0.021,0.049,
192,CHICHAWATNI TEHSIL,SAHIWAL DISTRICT,057,PUNJAB,1603.3,1308106,815.9,-0.0089,65.0,360,0,1.048,1.436,1.469,2.045,1.901,1.702,2.406,129.5
704,TIYAR ESSOT SUB-TEHSIL,MUSAKHEL DISTRICT,112,BALOCHISTAN,760.8,20739,27.3,-0.5022,3.4,32,0,0.0,0.0,0.006,0.0,0.063,0.007,0.163,
054,SHARINGAL SUB-DIVISION,UPPER DIR DISTRICT,020,KHYBER PAKHTUNKHWA,1729.5,200245,115.8,-0.2858,31.1,142,0,0.008,0.029,0.044,0.058,0.022,0.004,0.016,103.2
554,AIRPORT SUB-DIVISION,MALIR DISTRICT,148,SINDH,40.1,201698,5029.9,0.9135,96.1,10,0,102.717,116.376,139.571,113.265,149.673,142.531,149.58,45.6
665,MARTUNG TEHSIL,SHANGLA DISTRICT,018,KHYBER PAKHTUNKHWA,160.4,93216,581.1,-0.1219,51.9,40,0,0.0,0.0,0.914,0.006,0.022,0.0,0.0,
681,DAUR MERA TEHSIL,TORGHAR DISTRICT,010,KHYBER PAKHTUNKHWA,113.1,55232,488.3,-0.2353,39.2,28,0,0.0,0.0,0.237,0.0,0.0,0.0,0.0,
088,CHOUBARA TEHSIL,LAYYAH DISTRICT,030,PUNJAB,2810.6,222646,79.2,-0.4779,5.9,529,0,0.015,0.041,0.068,0.05,0.075,0.05,0.076,400.5
574,KORANGI SUB-DIVISION,KORANGI DISTRICT,154,SINDH,40.5,988759,24413.8,1.0298,97.4,10,0,113.405,146.514,167.153,152.999,163.918,149.672,188.012,65.8
221,HYDERABAD TALUKA,HYDERABAD DISTRICT,064,SINDH,702.7,348494,495.9,0.0236,69.3,142,0,10.055,12.764,16.377,16.582,17.196,10.738,13.477,34.0
357,SUNTSER SUB-TEHSIL,GWADAR DISTRICT,092,BALOCHISTAN,1559.9,43062,27.6,-0.4172,13.8,36,0,0.0,0.0,0.0,0.013,0.031,0.02,0.033,
399,KAREZAT SUB-DIVISION,PISHIN DISTRICT,102,BALOCHISTAN,694.1,41242,59.4,-0.0833,57.3,74,0,0.025,0.053,0.064,0.058,0.049,0.033,0.06,141.5
103,FAISALABAD CITY TEHSIL,FAISALABAD DISTRICT,034,PUNJAB,211.3,3420551,16188.1,1.1936,98.8,49,0,47.277,59.001,64.978,66.848,67.755,69.659,78.856,66.8
425,SINJAWI SUB-DIVISION,ZIARAT DISTRICT,108,BALOCHISTAN,1798.6,57825,32.1,-0.2869,31.0,163,0,0.015,0.001,0.004,0.001,0.012,0.0,0.009,-39.8
500,CHILAS SUB-DIVISION,DIAMER DISTRICT,132,GILGIT-BALTISTAN,1873.3,34672,18.5,-0.3738,20.0,92,0,0.064,0.114,0.162,0.19,0.123,0.138,0.139,118.8
622,GUMBAT TEHSIL,KOHAT DISTRICT,013,KHYBER PAKHTUNKHWA,760.0,169868,223.5,-0.0698,59.6,17,0,0.284,0.456,0.53,0.24,0.82,0.189,0.967,240.3
063,CHARSADDA TEHSIL,CHARSADDA DISTRICT,023,KHYBER PAKHTUNKHWA,460.6,940672,2042.3,0.3857,89.3,114,0,3.073,4.205,4.645,4.759,4.824,4.145,4.64,51.0
153,KHANEWAL TEHSIL,KHANEWAL DISTRICT,047,PUNJAB,1139.8,959202,841.6,0.1983,81.9,253,0,1.907,2.842,2.917,3.442,3.545,3.61,4.406,131.0
466,SAFI TEHSIL,MOHMAND DISTRICT,118,KHYBER PAKHTUNKHWA,286.3,89064,311.1,-0.2261,40.1,63,0,0.058,0.496,0.531,0.089,0.076,0.076,0.182,210.9
404,SADDAR TEHSIL,QUETTA DISTRICT,103,BALOCHISTAN,1465.8,176428,120.4,0.3337,86.8,114,0,2.166,2.356,3.179,2.686,3.097,3.435,4.112,89.9
495,SKARDU SUB-DIVISION,SKARDU DISTRICT,129,GILGIT-BALTISTAN,4264.6,79535,18.7,0.3736,88.4,45,0,0.062,0.053,0.053,0.09,0.089,0.135,0.182,192.9
171,CHAKWAL TEHSIL,CHAKWAL DISTRICT,052,PUNJAB,2234.7,754412,337.6,0.0834,73.7,444,0,0.995,1.013,1.51,1.625,1.691,1.338,1.918,92.9
407,LOTI SUB-TEHSIL,DERA BUGTI DISTRICT,104,BALOCHISTAN,1060.6,11224,10.6,-0.427,12.4,45,0,0.0,0.0,0.0,0.0,0.0,0.155,0.0,
437,BORI SUB-DIVISION,LORALAI DISTRICT,111,BALOCHISTAN,2378.0,119453,50.2,-0.1915,43.8,188,0,0.326,0.324,0.216,0.153,0.151,0.2,0.209,-36.0
698,RONDU SUB-DIVISION,SKARDU DISTRICT,129,GILGIT-BALTISTAN,1494.2,32203,21.6,-0.4431,10.5,59,0,0.01,0.022,0.016,0.035,0.026,0.007,0.012,18.5
474,MIRAN SHAH TEHSIL,NORTH WAZIRISTAN DISTRICT,119,KHYBER PAKHTUNKHWA,226.4,91626,404.7,-0.0184,64.6,35,0,0.812,0.715,0.657,0.24,0.309,0.176,0.253,-68.9
173,KALLAR KAHAR TEHSIL,CHAKWAL DISTRICT,052,PUNJAB,947.3,272243,287.4,0.015,68.7,195,0,1.312,1.483,2.036,1.889,2.054,1.712,2.343,78.6
291,UBAURO TALUKA,GHOTKI DISTRICT,080,SINDH,748.5,305640,408.3,-0.2576,36.1,164,0,0.756,0.929,0.987,0.861,0.583,0.636,0.946,25.1
446,SAMBAZA SUB-TEHSIL,ZHOB DISTRICT,114,BALOCHISTAN,2291.1,42142,18.4,-0.4426,10.7,32,0,0.0,0.008,0.0,0.0,0.002,0.0,0.0,
223,QASIMABAD TALUKA,HYDERABAD DISTRICT,064,SINDH,64.3,367831,5720.5,0.8724,95.7,12,0,32.03,40.015,45.985,40.487,51.637,51.899,65.531,104.6
308,SAKRAND TALUKA,SHAHEED BENAZIRABAD DISTRICT,083,SINDH,894.0,462333,517.2,0.002,67.0,170,0,1.461,1.589,1.336,1.216,1.038,1.436,1.526,4.5
281,MITHI TALUKA,THARPARKAR DISTRICT,078,SINDH,2674.6,161356,60.3,-0.4853,5.1,290,0,0.121,0.14,0.215,0.221,0.327,0.295,0.346,186.1
268,HUSSAIN BUX MARI TALUKA,MIRPUR KHAS DISTRICT,076,SINDH,390.5,218814,560.3,-0.2827,32.0,78,0,1.275,1.383,1.643,1.402,1.609,1.834,2.083,63.4
038,ADENZAI SUB-DIVISION,LOWER DIR DISTRICT,016,KHYBER PAKHTUNKHWA,390.9,356998,913.3,0.0884,73.8,100,0,0.613,1.143,1.316,1.568,1.668,1.493,2.496,307.0
242,MIRPUR SAKRO TALUKA,THATTA DISTRICT,069,SINDH,1461.7,259503,177.5,-0.2137,41.6,254,0,1.055,1.332,1.539,1.515,1.833,2.198,2.247,112.9
604,BETTANI SUB-DIVISION,LAKKI MARWAT DISTRICT,002,KHYBER PAKHTUNKHWA,312.9,20435,65.3,-0.465,7.6,45,0,0.098,0.239,0.0,0.582,0.271,0.101,0.014,-85.6
479,ISMAIL ZAI TEHSIL,ORAKZAI DISTRICT,120,KHYBER PAKHTUNKHWA,166.2,45102,271.4,-0.3106,28.2,36,0,0.0,0.0,0.063,0.023,0.032,0.0,0.03,
468,YAKE GHUND TEHSIL,MOHMAND DISTRICT,118,KHYBER PAKHTUNKHWA,331.0,154624,467.1,-0.1115,53.1,38,0,0.307,0.492,0.71,0.252,0.336,0.273,0.711,132.1
361,HOSHAB SUB-TEHSIL,KECH DISTRICT,093,BALOCHISTAN,1897.9,18305,9.6,-0.3825,18.7,53,0,0.005,0.001,0.002,0.016,0.012,0.004,0.003,-38.1
408,MALAM SUB-TEHSIL,DERA BUGTI DISTRICT,104,BALOCHISTAN,696.4,11336,16.3,-0.4259,12.5,7,0,0.0,0.0,0.0,0.0,0.0,0.0,0.0,
070,CHISHTIAN TEHSIL,BAHAWALNAGAR DISTRICT,026,PUNJAB,1416.5,704986,497.7,0.0559,71.7,318,0,0.475,0.625,0.827,0.971,1.165,0.889,1.079,127.0
501,DAREL SUB-DIVISION,DIAMER DISTRICT,132,GILGIT-BALTISTAN,1716.9,57095,33.3,-0.4369,11.1,49,0,0.004,0.032,0.105,0.122,0.117,0.117,0.125,2851.0
126,PINDI BHATTIAN TEHSIL,HAFIZABAD DISTRICT,039,PUNJAB,1164.2,579313,497.6,0.0599,72.1,264,0,1.094,1.634,1.794,1.812,1.878,2.017,2.969,171.3
373,USTA MUHAMMAD SUB-DIVISION,JAFFARABAD DISTRICT,095,BALOCHISTAN,443.2,128051,288.9,-0.1286,51.1,93,0,2.064,2.541,3.686,1.821,2.658,1.5,2.208,7.0
506,NAGAR-I SUB-DIVISION,NAGAR DISTRICT,157,GILGIT-BALTISTAN,1357.2,57557,42.4,-0.0013,66.7,23,0,0.061,0.083,0.085,0.113,0.063,0.056,0.088,46.1
048,BARIKOT TEHSIL,SWAT DISTRICT,019,KHYBER PAKHTUNKHWA,330.1,325337,985.6,0.103,75.1,78,0,0.446,0.87,1.481,1.125,1.418,0.855,1.554,248.3
072,HAROONABAD TEHSIL,BAHAWALNAGAR DISTRICT,026,PUNJAB,1195.4,666400,557.5,-0.0553,60.8,260,0,0.444,0.692,0.663,0.864,0.887,0.808,0.864,94.7
727,BOSTAN TEHSIL,PISHIN DISTRICT,102,BALOCHISTAN,186.4,17691,94.9,-0.1191,52.2,24,0,0.766,0.898,1.365,1.032,0.965,0.529,0.856,11.9
683,SEO SUB-DIVISION,UPPER KOHISTAN DISTRICT,168,KHYBER PAKHTUNKHWA,257.7,28201,109.4,-0.3957,16.9,42,0,0.175,0.387,0.359,0.812,1.469,1.175,1.349,671.9
442,SHERANI SUB-DIVISION,SHERANI DISTRICT,113,BALOCHISTAN,2859.5,105861,37.0,-0.4112,14.4,224,0,0.008,0.002,0.004,0.001,0.004,0.0,0.002,-74.6
084,KOH-E-SULEMAN TEHSIL,DERA GHAZI KHAN DISTRICT,029,PUNJAB,5470.7,222065,40.6,-0.4175,13.6,654,0,0.18,0.216,0.223,0.204,0.174,0.133,0.198,9.8
260,SHAHDAD KOT TALUKA,KAMBAR SHAHDAD KOT DISTRICT,074,SINDH,418.5,220547,527.0,-0.0187,64.2,88,0,0.621,1.062,1.678,0.698,0.944,1.038,1.61,159.2
397,BARSHORE TEHSIL,PISHIN DISTRICT,102,BALOCHISTAN,2213.5,116937,52.8,-0.3054,28.6,247,0,0.0,0.0,0.0,0.0,0.0,0.0,0.003,
416,GRISANI SUB-TEHSIL,KOHLU DISTRICT,106,BALOCHISTAN,200.3,9694,48.4,-0.4397,10.8,16,0,0.0,0.0,0.0,0.0,0.0,0.0,0.0,
272,SINDHRI TALUKA,MIRPUR KHAS DISTRICT,076,SINDH,832.3,208437,250.4,-0.4334,11.8,163,0,0.46,0.383,0.355,0.219,0.397,0.367,0.386,-16.0
015,GHAZI TEHSIL,HARIPUR DISTRICT,007,KHYBER PAKHTUNKHWA,545.7,201498,369.2,-0.0061,65.3,126,0,1.127,1.327,3.762,2.35,5.273,2.091,4.393,289.7
044,ALPURI TEHSIL,SHANGLA DISTRICT,018,KHYBER PAKHTUNKHWA,581.5,316226,543.8,-0.0376,62.8,123,0,0.115,0.115,0.333,0.256,0.217,0.136,0.181,57.6
132,ZAFARWAL TEHSIL,NAROWAL DISTRICT,041,PUNJAB,521.7,404265,774.9,0.1006,74.9,122,0,0.727,0.905,1.541,3.633,3.476,2.334,3.767,418.0
354,JIWANI TEHSIL,GWADAR DISTRICT,092,BALOCHISTAN,332.8,10910,32.8,0.0168,69.0,14,0,0.03,0.014,0.089,0.214,0.356,0.395,0.611,1938.1
513,KOTLI TEHSIL,KOTLI DISTRICT,137,AZAD JAMMU & KASHMIR,443.6,260132,586.4,0.2785,85.3,114,0,3.527,2.125,4.064,4.622,6.822,4.959,8.2,132.5
489,WANA TEHSIL,SOUTH WAZIRISTAN DISTRICT,121,KHYBER PAKHTUNKHWA,2476.7,160372,64.8,-0.0771,57.7,153,0,0.054,0.091,0.094,0.035,0.065,0.068,0.08,49.2
217,JOHI TALUKA,DADU DISTRICT,063,SINDH,3608.6,365004,101.1,-0.4189,13.2,316,0,0.199,0.176,0.412,0.253,0.195,6.034,0.474,137.8
709,THAL CHUTYALI SUB-DIVISION,DUKI DISTRICT,165,BALOCHISTAN,1047.5,46422,44.3,-0.4954,4.0,63,0,0.0,0.0,0.0,0.0,0.0,0.0,0.0,
168,HAZRO TEHSIL,ATTOCK DISTRICT,051,PUNJAB,395.0,377768,956.4,0.3188,86.4,92,0,4.336,5.623,5.548,6.47,7.588,7.547,10.289,137.3
362,TURBAT SUB-DIVISION,KECH DISTRICT,093,BALOCHISTAN,10812.1,260250,24.1,0.0792,73.4,179,0,0.052,0.066,0.117,0.127,0.122,0.137,0.135,158.0
097,RAJANPUR TEHSIL,RAJANPUR DISTRICT,032,PUNJAB,2175.1,612599,281.6,-0.0823,57.6,369,0,0.635,0.627,0.666,0.611,0.584,0.482,0.49,-22.9
120,NOWSHERA VIRKAN TEHSIL,GUJRANWALA DISTRICT,037,PUNJAB,858.4,699151,814.5,0.1445,77.6,200,0,0.614,1.182,1.322,1.872,2.362,1.994,4.623,652.4
376,MIRPUR SUB-TEHSIL,JHAL MAGSI DISTRICT,096,BALOCHISTAN,547.6,15854,29.0,-0.6631,0.5,18,0,0.005,0.0,0.044,0.01,0.003,0.025,0.023,401.6
034,KHADO KHEL TEHSIL,BUNER DISTRICT,014,KHYBER PAKHTUNKHWA,299.5,179952,600.8,-0.1173,52.5,68,0,0.076,0.188,0.221,0.381,0.394,0.27,0.47,517.3
325,TOHMULK SUB-TEHSIL,KHARAN DISTRICT,087,BALOCHISTAN,2050.2,25151,12.3,-0.4463,10.2,72,0,0.0,0.0,0.001,0.0,0.001,0.0,0.0,
480,LOWER TEHSIL,ORAKZAI DISTRICT,120,KHYBER PAKHTUNKHWA,561.3,105713,188.3,-0.3122,27.4,99,0,0.032,0.037,0.047,0.028,0.009,0.016,0.129,300.1
069,BAHAWALNAGAR TEHSIL,BAHAWALNAGAR DISTRICT,026,PUNJAB,1752.0,861903,492.0,-0.0347,63.2,387,0,0.787,1.195,1.368,1.554,1.556,1.605,1.977,151.3
456,JAMRUD TEHSIL,KHYBER DISTRICT,116,KHYBER PAKHTUNKHWA,368.0,170152,462.4,0.5493,92.9,56,0,2.375,2.559,2.443,2.293,2.072,2.475,3.29,38.5
228,HALA TALUKA,MATIARI DISTRICT,066,SINDH,518.4,313718,605.2,-0.109,53.9,91,0,1.606,2.812,2.724,1.816,2.132,1.929,3.427,113.3
278,TANDO ADAM TALUKA,SANGHAR DISTRICT,077,SINDH,442.8,388300,876.9,0.1927,81.7,92,0,4.459,6.727,10.842,8.805,12.258,9.426,7.818,75.3
473,MIR ALI TEHSIL,NORTH WAZIRISTAN DISTRICT,119,KHYBER PAKHTUNKHWA,817.8,105699,129.2,-0.3135,27.1,97,0,0.114,0.232,0.14,0.0,0.051,0.005,0.001,-98.8
443,ASHWAT SUB-TEHSIL,ZHOB DISTRICT,114,BALOCHISTAN,1187.7,10819,9.1,-0.4696,6.5,31,0,0.0,0.0,0.0,0.0,0.0,0.0,0.0,
089,KAROR LAL ESAN TEHSIL,LAYYAH DISTRICT,030,PUNJAB,1440.1,639419,444.0,-0.2634,34.7,310,0,0.18,0.342,0.312,0.356,0.434,0.306,0.613,241.1
388,CHAGAI TEHSIL,CHAGAI DISTRICT,099,BALOCHISTAN,4507.6,27803,6.2,-0.3869,18.4,115,0,0.0,0.001,0.0,0.003,0.004,0.004,0.009,
521,NASEERABAD TEHSIL,MUZAFFARABAD DISTRICT,140,AZAD JAMMU & KASHMIR,578.5,94435,163.2,-0.1785,45.2,102,0,0.397,0.307,0.378,0.327,0.43,0.31,0.56,41.1
157,LODHRAN TEHSIL,LODHRAN DISTRICT,048,PUNJAB,1067.8,720393,674.7,-0.0016,66.4,242,0,1.214,1.93,1.79,2.293,2.268,2.406,2.969,144.6
135,SAMBRIAL TEHSIL,SIALKOT DISTRICT,042,PUNJAB,424.5,570015,1342.8,0.4396,90.2,98,0,2.271,3.997,5.417,7.314,8.385,7.834,10.376,356.9
127,MALAKWAL TEHSIL,MANDI BAHAUDDIN DISTRICT,040,PUNJAB,690.4,458182,663.6,-0.0456,62.1,160,0,0.455,0.686,0.981,1.157,1.197,1.018,1.832,302.8
427,BARKHAN TEHSIL,BARKHAN DISTRICT,109,BALOCHISTAN,3369.1,119776,35.6,-0.3919,17.6,282,0,0.022,0.015,0.08,0.018,0.064,0.007,0.008,-66.5
236,TANDO MUHAMMAD KHAN TALUKA,TANDO MUHAMMAD KHAN DISTRICT,068,SINDH,355.7,217844,612.4,-0.1278,51.2,76,0,1.982,2.31,3.524,1.865,2.563,2.461,3.302,66.6
671,SHAH ALAM TEHSIL,PESHAWAR DISTRICT,025,KHYBER PAKHTUNKHWA,118.8,273114,2298.9,0.4704,91.3,27,0,7.835,9.554,10.67,9.829,9.368,8.524,10.447,33.3
505,ALI ABAD SUB-DIVISION,HUNZA DISTRICT,135,GILGIT-BALTISTAN,872.2,24631,28.2,0.2439,83.9,20,0,0.114,0.262,0.344,0.379,0.282,0.296,0.328,186.7
033,GAGRA TEHSIL,BUNER DISTRICT,014,KHYBER PAKHTUNKHWA,216.7,139042,641.6,0.0675,72.8,53,0,0.483,1.326,4.341,1.096,1.187,0.707,1.104,128.8
170,PINDI GHEB TEHSIL,ATTOCK DISTRICT,051,PUNJAB,1584.4,328229,207.2,-0.254,36.4,346,0,0.893,0.83,0.924,0.843,1.138,0.889,1.576,76.5
050,KABAL TEHSIL,SWAT DISTRICT,019,KHYBER PAKHTUNKHWA,421.2,389227,924.1,0.1208,76.3,102,0,0.819,1.121,1.966,1.861,2.075,1.549,3.753,358.1
191,PAKPATTAN TEHSIL,PAKPATTAN DISTRICT,056,PUNJAB,1540.9,1195773,776.0,-0.0017,66.3,351,0,1.225,1.774,1.73,2.858,2.94,3.257,4.643,279.1
477,SPINWAM TEHSIL,NORTH WAZIRISTAN DISTRICT,119,KHYBER PAKHTUNKHWA,655.2,43672,66.7,-0.3444,23.1,54,0,0.024,0.192,1.088,0.04,0.346,0.259,0.26,999.8
253,DOKRI TALUKA,LARKANA DISTRICT,073,SINDH,456.3,278412,610.2,-0.1441,49.2,96,0,0.312,0.385,0.598,0.397,0.373,0.437,0.405,29.7
345,KHAD KOCHA SUB-TEHSIL,MASTUNG DISTRICT,090,BALOCHISTAN,848.9,44863,52.8,-0.3318,25.1,69,0,0.03,0.032,0.026,0.06,0.031,0.008,0.003,-91.3
021,BALAKOT TEHSIL,MANSEHRA DISTRICT,009,KHYBER PAKHTUNKHWA,2187.1,358821,164.1,0.112,75.9,175,0,0.241,0.474,0.701,0.641,0.751,0.453,0.934,288.3
514,SEHNSA TEHSIL,KOTLI DISTRICT,137,AZAD JAMMU & KASHMIR,372.4,67149,180.3,-0.1503,48.8,89,0,1.556,1.129,4.686,1.193,6.918,1.665,3.053,96.3
400,PISHIN SUB-DIVISION,PISHIN DISTRICT,102,BALOCHISTAN,579.4,171151,295.4,-0.0575,60.5,100,0,0.941,0.554,0.82,0.555,0.338,0.509,0.409,-56.6
723,CHAMAN CITY SUB-DIVISION,CHAMAN DISTRICT,167,BALOCHISTAN,21.5,2249,104.6,,,0,0,3.537,4.497,3.853,4.851,4.554,23.319,5.69,60.9
147,MURIDKE TEHSIL,SHEIKHUPURA DISTRICT,046,PUNJAB,966.0,695261,719.7,0.1255,76.8,220,0,2.559,3.456,4.406,5.467,5.506,5.117,6.944,171.3
077,HASILPUR TEHSIL,BAHAWALPUR DISTRICT,027,PUNJAB,922.7,525455,569.5,0.1448,77.7,201,0,0.549,0.797,0.846,1.016,1.292,1.172,1.442,162.5
234,BULRI SHAH KARIM TALUKA,TANDO MUHAMMAD KHAN DISTRICT,068,SINDH,853.0,301568,353.5,-0.4676,6.8,171,0,0.637,0.367,0.66,0.553,0.544,0.656,0.699,9.8
115,PIRMAHAL TEHSIL,TOBA TEK SINGH DISTRICT,036,PUNJAB,767.9,580913,756.5,-0.0254,63.8,168,0,0.856,1.281,1.031,1.538,2.012,1.918,2.377,177.7
161,SHUJABAD TEHSIL,MULTAN DISTRICT,049,PUNJAB,815.8,707027,866.7,-0.158,48.1,179,0,0.548,0.932,1.098,1.123,1.316,1.27,1.738,216.9
713,DAK SUB-TEHSIL,NUSHKI DISTRICT,101,BALOCHISTAN,2483.6,25391,10.2,-0.7597,0.3,15,0,0.0,0.0,0.0,0.0,0.0,0.0,0.0,
296,KOT DIJI TALUKA,KHAIRPUR DISTRICT,081,SINDH,528.8,369314,698.4,-0.1831,44.6,114,0,1.359,2.312,1.766,1.634,1.31,1.153,1.06,-22.0
444,KASHATOO SUB-TEHSIL,ZHOB DISTRICT,114,BALOCHISTAN,1611.4,8941,5.5,-0.4823,5.3,10,0,0.0,0.0,0.0,0.0,0.0,0.0,0.0,
085,DERA GHAZI KHAN TEHSIL,DERA GHAZI KHAN DISTRICT,029,PUNJAB,2049.2,1343412,655.6,0.1713,80.0,391,0,2.05,2.844,2.977,2.82,2.696,2.566,3.182,55.2
398,HURRAM ZAI SUB-DIVISION,PISHIN DISTRICT,102,BALOCHISTAN,438.6,51022,116.3,-0.1981,43.0,69,0,0.213,0.34,0.0,0.0,0.0,0.0,0.007,-96.6
411,SANGSILLAH SUB-TEHSIL,DERA BUGTI DISTRICT,104,BALOCHISTAN,1405.2,28354,20.2,-0.4254,12.7,33,0,0.07,0.081,0.06,0.058,0.049,0.029,0.026,-62.9
060,RAZAR TEHSIL,SWABI DISTRICT,022,KHYBER PAKHTUNKHWA,451.6,587742,1301.5,0.2048,82.2,107,0,1.745,3.714,2.526,3.573,3.866,2.912,4.097,134.8
451,MAMUND TEHSIL,BAJAUR DISTRICT,115,KHYBER PAKHTUNKHWA,248.8,219194,881.0,-0.2035,42.3,61,0,0.043,0.041,0.065,0.096,0.045,0.0,0.06,41.4
668,CHAM KANI TEHSIL,PESHAWAR DISTRICT,025,KHYBER PAKHTUNKHWA,204.4,485094,2373.3,0.4785,91.6,45,0,8.984,10.212,11.493,10.891,11.917,8.828,10.965,22.1
365,ZAMORAN SUB-TEHSIL,KECH DISTRICT,093,BALOCHISTAN,1395.5,37792,27.1,-0.3583,21.1,24,0,0.0,0.0,0.007,0.01,0.013,0.012,0.01,
130,NAROWAL TEHSIL,NAROWAL DISTRICT,041,PUNJAB,727.8,721936,991.9,0.2061,82.4,174,0,1.01,1.551,2.79,3.985,4.379,3.774,4.644,359.7
606,JANDOLA SUB-DIVISION,TANK DISTRICT,004,KHYBER PAKHTUNKHWA,1099.1,36740,33.4,-0.4477,9.8,73,0,0.0,0.033,0.037,0.021,0.009,0.027,0.013,
677,GHAZNI KHEL TEHSIL,LAKKI MARWAT DISTRICT,002,KHYBER PAKHTUNKHWA,1053.3,246744,234.3,-0.2002,42.4,207,0,0.769,0.965,1.022,3.572,1.706,0.92,1.932,151.2
366,GICHK SUB-TEHSIL,PANJGUR DISTRICT,094,BALOCHISTAN,5759.7,37335,6.5,-0.382,18.9,81,0,0.0,0.0,0.0,0.0,0.0,0.0,0.0,
549,SHALIMAR TEHSIL,LAHORE DISTRICT,044,PUNJAB,295.3,1478745,5007.6,0.816,95.4,68,0,25.451,31.347,36.971,40.684,43.782,40.349,44.195,73.6
385,CHATTAR SUB-DIVISION,NASIRABAD DISTRICT,098,BALOCHISTAN,702.2,32931,46.9,-0.7994,0.2,46,0,0.022,0.0,0.0,0.0,0.029,0.0,0.0,-100.0
691,TANGIR SUB-DIVISION,DIAMER DISTRICT,132,GILGIT-BALTISTAN,994.2,26007,26.2,-0.3926,17.5,33,0,0.024,0.011,0.007,0.048,0.05,0.023,0.069,188.5
492,ISLAMABAD TEHSIL,ISLAMABAD DISTRICT,128,ISLAMABAD CAPITAL TERRITORY,945.7,2045850,2163.3,0.8491,95.5,222,0,39.773,46.74,54.56,57.695,64.39,57.152,64.64,62.5
301,KANDIARO TALUKA,NAUSHAHRO FEROZE DISTRICT,082,SINDH,574.2,309608,539.2,-0.2161,41.3,117,0,0.871,0.657,0.646,0.691,0.722,0.649,0.746,-14.3
243,SHAH BUNDER TALUKA,SUJAWAL DISTRICT,152,SINDH,2370.0,152088,64.2,-0.4465,10.1,153,0,0.025,0.026,0.031,0.038,0.042,0.041,0.045,83.1
395,KILLA ABDULLAH SUB-DIVISION,KILLA ABDULLAH DISTRICT,100,BALOCHISTAN,469.2,108776,231.8,-0.1293,50.8,82,0,0.569,0.654,0.607,0.37,0.409,0.044,0.014,-97.5
405,BAIKER SUB-TEHSIL,DERA BUGTI DISTRICT,104,BALOCHISTAN,253.8,5258,20.7,-0.5225,2.3,8,0,0.0,0.0,0.0,0.0,0.0,0.0,0.542,
210,SILLANWALI TEHSIL,SARGODHA DISTRICT,061,PUNJAB,584.6,404730,692.3,-0.0917,56.0,134,0,2.088,2.447,2.706,2.87,2.39,2.608,3.536,69.3
257,MIRO KHAN TALUKA,KAMBAR SHAHDAD KOT DISTRICT,074,SINDH,378.5,144621,382.1,-0.1288,50.9,80,0,0.161,0.433,0.899,0.098,0.167,0.122,0.393,143.7
350,NAG SUB-TEHSIL,WASHUK DISTRICT,091,BALOCHISTAN,6116.4,30216,4.9,-0.3858,18.6,122,0,0.001,0.003,0.003,0.003,0.004,0.004,0.011,1265.0
276,SHAHDADPUR TALUKA,SANGHAR DISTRICT,077,SINDH,736.1,469823,638.3,0.0932,74.3,155,0,1.868,2.096,1.794,1.646,1.829,2.08,2.865,53.3
162,BUREWALA TEHSIL,VEHARI DISTRICT,050,PUNJAB,1301.0,1092166,839.5,-0.0763,58.0,292,0,1.953,2.405,2.366,3.182,3.119,3.363,4.493,130.0
125,HAFIZABAD TEHSIL,HAFIZABAD DISTRICT,039,PUNJAB,1194.4,838180,701.8,0.1527,78.6,276,0,0.771,1.146,1.295,1.351,1.807,1.765,2.854,270.1
075,BAHAWALPUR CITY TEHSIL,BAHAWALPUR DISTRICT,027,PUNJAB,313.7,646096,2059.6,0.7996,94.7,68,0,10.135,12.413,13.301,14.71,15.261,14.7,16.133,59.2
006,DARABAN TEHSIL,DERA ISMAIL KHAN DISTRICT,003,KHYBER PAKHTUNKHWA,1275.3,133945,105.0,-0.4606,8.0,95,0,0.015,0.083,0.046,0.029,0.066,0.004,0.01,-31.9
508,BHIMBER TEHSIL,BHIMBER DISTRICT,136,AZAD JAMMU & KASHMIR,444.3,131130,295.1,0.0678,72.9,97,0,1.266,1.52,1.825,2.874,3.874,2.783,4.984,293.7
401,SARANAN TEHSIL,PISHIN DISTRICT,102,BALOCHISTAN,1025.9,68240,66.5,-0.2505,36.8,72,0,0.012,0.018,0.014,0.006,0.025,0.016,0.056,357.7
370,GANDAKHA TEHSIL,JAFFARABAD DISTRICT,095,BALOCHISTAN,514.2,54245,105.5,-0.4073,15.0,104,0,0.249,0.388,1.239,0.193,0.916,0.635,0.3,20.6
717,MANJHIPUR TEHSIL,SOHBATPUR DISTRICT,153,BALOCHISTAN,81.8,13257,162.1,-0.3639,20.4,18,0,0.114,0.101,0.014,0.418,0.0,0.031,0.112,-1.4
326,ARANJI SUB-TEHSIL,KHUZDAR DISTRICT,088,BALOCHISTAN,4160.2,45106,10.8,-0.4054,15.5,137,0,0.0,0.0,0.0,0.0,0.0,0.046,0.0,
607,DARRA ADAM KHEL SUB-DIVISION,KOHAT DISTRICT,013,KHYBER PAKHTUNKHWA,428.5,138677,323.6,-0.1614,47.7,57,0,0.222,0.722,1.118,0.516,0.701,0.585,1.665,650.9
109,AHMADPUR SIAL TEHSIL,JHANG DISTRICT,035,PUNJAB,854.3,421167,493.0,-0.1753,45.7,191,0,0.394,0.684,0.493,0.83,0.83,0.638,1.09,176.5
169,JAND TEHSIL,ATTOCK DISTRICT,051,PUNJAB,2337.1,388584,166.3,-0.2834,31.9,389,0,1.438,0.708,1.054,1.008,1.171,0.832,1.791,24.5
515,DUDYAL TEHSIL,MIRPUR DISTRICT,138,AZAD JAMMU & KASHMIR,320.7,84106,262.3,0.1038,75.4,69,0,2.029,1.788,1.58,2.575,3.817,3.68,7.138,251.9
137,CHUNIAN TEHSIL,KASUR DISTRICT,043,PUNJAB,1235.9,975009,788.9,0.0134,68.3,277,0,1.46,2.719,2.799,5.211,3.754,3.301,5.37,267.7
356,PASNI SUB-DIVISION,GWADAR DISTRICT,092,BALOCHISTAN,4039.8,58461,14.5,-0.1387,49.8,56,0,0.064,0.05,0.078,0.079,0.082,0.087,0.076,18.1
134,PASRUR TEHSIL,SIALKOT DISTRICT,042,PUNJAB,981.1,995406,1014.6,0.3847,89.0,236,0,1.064,1.549,2.442,4.263,4.503,4.05,5.954,459.6
250,KASHMORE TALUKA,KASHMORE DISTRICT,072,SINDH,1149.9,395432,343.9,-0.0919,55.9,235,0,1.846,1.312,1.719,1.452,1.632,1.309,1.32,-28.5
478,CENTRAL TEHSIL,ORAKZAI DISTRICT,120,KHYBER PAKHTUNKHWA,396.6,100613,253.7,-0.3671,20.3,80,0,0.0,0.0,0.007,0.0,0.0,0.0,0.003,
676,NAGAR-II SUB-DIVISION,NAGAR DISTRICT,157,GILGIT-BALTISTAN,1423.1,18578,13.1,0.0038,67.5,21,0,0.035,0.072,0.128,0.212,0.148,0.091,0.203,487.0
151,JAHANIAN TEHSIL,KHANEWAL DISTRICT,047,PUNJAB,556.9,429887,771.9,0.0465,70.4,129,0,0.914,1.466,1.617,1.997,2.167,1.892,2.82,208.5
475,RAZMAK TEHSIL,NORTH WAZIRISTAN DISTRICT,119,KHYBER PAKHTUNKHWA,59.0,2022,34.3,0.0917,74.1,14,0,0.0,0.653,0.149,0.105,0.096,0.018,0.084,
393,DOBANDI SUB-TEHSIL,KILLA ABDULLAH DISTRICT,100,BALOCHISTAN,1613.4,109836,68.1,-0.3526,22.4,207,0,0.0,0.0,0.0,0.0,0.0,0.0,0.0,
546,JEHANGIRA TEHSIL,NOWSHERA DISTRICT,024,KHYBER PAKHTUNKHWA,733.3,410321,559.6,0.1046,75.7,129,0,1.964,2.925,2.651,2.775,2.919,2.754,4.031,105.3
233,TANDO ALLAHYAR TALUKA,TANDO ALLAHYAR DISTRICT,067,SINDH,409.2,357991,874.9,0.1534,78.8,86,0,3.336,4.736,4.67,12.503,4.593,4.411,7.643,129.1
353,GWADAR SUB-DIVISION,GWADAR DISTRICT,092,BALOCHISTAN,2811.1,76806,27.3,-0.1623,47.5,129,0,0.29,0.355,0.503,0.657,0.843,0.646,0.924,218.2
