district,girls_pop_5_16,girls_enrolled_5_16,girls_never_5_16,boys_pop_5_16,boys_enrolled_5_16,boys_never_5_16,girls_rural_pop_5_16,girls_rural_enrolled_5_16,girls_rural_never_5_16,boys_rural_pop_5_16,boys_rural_enrolled_5_16,boys_rural_never_5_16,girls_urban_pop_5_16,girls_urban_enrolled_5_16,girls_urban_never_5_16,boys_urban_pop_5_16,boys_urban_enrolled_5_16,boys_urban_never_5_16,girls_out_of_school_5_16,boys_out_of_school_5_16,girls_rural_out_of_school_5_16,boys_rural_out_of_school_5_16,girls_urban_out_of_school_5_16,boys_urban_out_of_school_5_16,constituents,girls_in_school_pct,boys_in_school_pct,girls_rural_in_school_pct,boys_rural_in_school_pct,girls_urban_in_school_pct,boys_urban_in_school_pct,enrol_gap_pp,district_key,release
Abbottabad,190703.0,165063.0,10380.0,193531.0,169912.0,8526.0,149516.0,128575.0,8198.0,150439.0,132771.0,6054.0,41187.0,36488.0,2182.0,43092.0,37141.0,2472.0,25640.0,23619.0,20941.0,17668.0,4699.0,5951.0,Abbottabad,86.56,87.8,85.99,88.26,88.59,86.19,1.24,abbottabad,2026-09
Attock,270452.0,218545.0,25983.0,274847.0,225986.0,19531.0,193527.0,155113.0,18470.0,195349.0,161567.0,12150.0,76925.0,63432.0,7513.0,79498.0,64419.0,7381.0,51907.0,48861.0,38414.0,33782.0,13493.0,15079.0,Attock,80.81,82.22,80.15,82.71,82.46,81.03,1.41,attock,2026-09
Awaran,31602.0,14785.0,15546.0,33141.0,16382.0,15393.0,23658.0,10309.0,12449.0,24806.0,11867.0,11951.0,7944.0,4476.0,3097.0,8335.0,4515.0,3442.0,16817.0,16759.0,13349.0,12939.0,3468.0,3820.0,Awaran,46.79,49.43,43.58,47.84,56.34,54.17,2.64,awaran,2026-09
Badin,291444.0,86352.0,190973.0,330985.0,153860.0,161155.0,229769.0,55878.0,163555.0,263282.0,110440.0,141015.0,61675.0,30474.0,27418.0,67703.0,43420.0,20140.0,205092.0,177125.0,173891.0,152842.0,31201.0,24283.0,Badin,29.63,46.49,24.32,41.95,49.41,64.13,16.86,badin,2026-09
Bahawalnagar,504306.0,333220.0,116164.0,575567.0,374727.0,115622.0,369858.0,227084.0,101364.0,419217.0,263001.0,96216.0,134448.0,106136.0,14800.0,156350.0,111726.0,19406.0,171086.0,200840.0,142774.0,156216.0,28312.0,44624.0,Bahawalnagar,66.07,65.11,61.4,62.74,78.94,71.46,-0.96,bahawalnagar,2026-09
Bahawalpur,626087.0,370605.0,195337.0,642265.0,381750.0,180622.0,403069.0,203175.0,158617.0,411952.0,213859.0,146944.0,223018.0,167430.0,36720.0,230313.0,167891.0,33678.0,255482.0,260515.0,199894.0,198093.0,55588.0,62422.0,Bahawalpur,59.19,59.44,50.41,51.91,75.07,72.9,0.25,bahawalpur,2026-09
Bajaur Agency,229248.0,46922.0,173804.0,233413.0,118175.0,105984.0,229248.0,46922.0,173804.0,233413.0,118175.0,105984.0,0.0,0.0,0.0,0.0,0.0,0.0,182326.0,115238.0,182326.0,115238.0,0.0,0.0,Bajaur Agency,20.47,50.63,20.47,50.63,,,30.16,bajaur agency,2026-09
Bannu,206275.0,80856.0,115627.0,241231.0,148226.0,80679.0,199650.0,75853.0,114483.0,233316.0,142406.0,79661.0,6625.0,5003.0,1144.0,7915.0,5820.0,1018.0,125419.0,93005.0,123797.0,90910.0,1622.0,2095.0,Bannu,39.2,61.45,37.99,61.04,75.52,73.53,22.25,bannu,2026-09
Barkhan,37201.0,9089.0,27002.0,42611.0,24190.0,16226.0,34875.0,7603.0,26290.0,39916.0,22267.0,15868.0,2326.0,1486.0,712.0,2695.0,1923.0,358.0,28112.0,18421.0,27272.0,17649.0,840.0,772.0,Barkhan,24.43,56.77,21.8,55.78,63.89,71.35,32.34,barkhan,2026-09
Batagram,91600.0,37707.0,46107.0,99555.0,63997.0,29673.0,91600.0,37707.0,46107.0,99555.0,63997.0,29673.0,0.0,0.0,0.0,0.0,0.0,0.0,53893.0,35558.0,53893.0,35558.0,0.0,0.0,Batagram,41.16,64.28,41.16,64.28,,,23.12,batagram,2026-09
Bhakkar,256852.0,174024.0,58601.0,281079.0,208129.0,45660.0,213235.0,137111.0,54629.0,233036.0,170613.0,39564.0,43617.0,36913.0,3972.0,48043.0,37516.0,6096.0,82828.0,72950.0,76124.0,62423.0,6704.0,10527.0,Bhakkar,67.75,74.05,64.3,73.21,84.63,78.09,6.3,bhakkar,2026-09
Buner,162284.0,81689.0,66736.0,176770.0,132109.0,36644.0,162284.0,81689.0,66736.0,176770.0,132109.0,36644.0,0.0,0.0,0.0,0.0,0.0,0.0,80595.0,44661.0,80595.0,44661.0,0.0,0.0,Buner,50.34,74.73,50.34,74.73,,,24.39,buner,2026-09
Chaghi,48486.0,13469.0,31794.0,52615.0,17002.0,30909.0,44963.0,11840.0,30129.0,48950.0,15452.0,29052.0,3523.0,1629.0,1665.0,3665.0,1550.0,1857.0,35017.0,35613.0,33123.0,33498.0,1894.0,2115.0,Chaghi,27.78,32.31,26.33,31.57,46.24,42.29,4.53,chaghi,2026-09
Chakwal,199501.0,167319.0,14985.0,212306.0,181802.0,11403.0,146406.0,123065.0,10220.0,155152.0,135565.0,5916.0,53095.0,44254.0,4765.0,57154.0,46237.0,5487.0,32182.0,30504.0,23341.0,19587.0,8841.0,10917.0,Chakwal,83.87,85.63,84.06,87.38,83.35,80.9,1.76,chakwal,2026-09
Charsadda,273293.0,176927.0,76264.0,299116.0,226204.0,56525.0,231941.0,147621.0,67024.0,253814.0,191532.0,48317.0,41352.0,29306.0,9240.0,45302.0,34672.0,8208.0,96366.0,72912.0,84320.0,62282.0,12046.0,10630.0,Charsadda,64.74,75.62,63.65,75.46,70.87,76.54,10.88,charsadda,2026-09
Chiniot,223847.0,151082.0,50194.0,228491.0,168556.0,35560.0,153485.0,97265.0,39757.0,157990.0,116534.0,25213.0,70362.0,53817.0,10437.0,70501.0,52022.0,10347.0,72765.0,59935.0,56220.0,41456.0,16545.0,18479.0,Chiniot,67.49,73.77,63.37,73.76,76.49,73.79,6.28,chiniot,2026-09
Chitral,64846.0,52391.0,9301.0,66593.0,56610.0,7271.0,57905.0,46363.0,8663.0,59532.0,50459.0,6677.0,6941.0,6028.0,638.0,7061.0,6151.0,594.0,12455.0,9983.0,11542.0,9073.0,913.0,910.0,Lower Chitral + Upper Chitral,80.79,85.01,80.07,84.76,86.85,87.11,4.22,chitral,2026-09
Dadu,278192.0,133338.0,122198.0,286127.0,162881.0,102573.0,211526.0,85553.0,109020.0,218950.0,111748.0,91476.0,66666.0,47785.0,13178.0,67177.0,51133.0,11097.0,144854.0,123246.0,125973.0,107202.0,18881.0,16044.0,Dadu,47.93,56.93,40.45,51.04,71.68,76.12,9.0,dadu,2026-09
Dera Bugti,51150.0,10263.0,40028.0,77801.0,26101.0,49508.0,34272.0,4787.0,29100.0,56759.0,15043.0,40340.0,16878.0,5476.0,10928.0,21042.0,11058.0,9168.0,40887.0,51700.0,29485.0,41716.0,11402.0,9984.0,Dera Bugti,20.06,33.55,13.97,26.5,32.44,52.55,13.49,dera bugti,2026-09
Dera Ghazi Khan,540691.0,256661.0,242733.0,558119.0,321967.0,186707.0,422058.0,173021.0,216959.0,436219.0,231527.0,166546.0,118633.0,83640.0,25774.0,121900.0,90440.0,20161.0,284030.0,236152.0,249037.0,204692.0,34993.0,31460.0,Dera Ghazi Khan,47.47,57.69,40.99,53.08,70.5,74.19,10.22,dera ghazi khan,2026-09
Dera Ismail Khan,277287.0,130788.0,129046.0,314297.0,190668.0,100845.0,227783.0,95092.0,118782.0,258418.0,149490.0,91708.0,49504.0,35696.0,10264.0,55879.0,41178.0,9137.0,146499.0,123629.0,132691.0,108928.0,13808.0,14701.0,Dera Ismail Khan,47.17,60.66,41.75,57.85,72.11,73.69,13.49,dera ismail khan,2026-09
Faisalabad,1156810.0,920421.0,136436.0,1252988.0,995598.0,124338.0,615521.0,475049.0,84559.0,667888.0,516115.0,81930.0,541289.0,445372.0,51877.0,585100.0,479483.0,42408.0,236389.0,257390.0,140472.0,151773.0,95917.0,105617.0,Faisalabad,79.57,79.46,77.18,77.28,82.28,81.95,-0.11,faisalabad,2026-09
Ghotki,271732.0,86379.0,172099.0,304868.0,169100.0,120392.0,217264.0,55013.0,152598.0,244650.0,127176.0,105194.0,54468.0,31366.0,19501.0,60218.0,41924.0,15198.0,185353.0,135768.0,162251.0,117474.0,23102.0,18294.0,Ghotki,31.79,55.47,25.32,51.98,57.59,69.62,23.68,ghotki,2026-09
Gujranwala,796026.0,647697.0,74768.0,810161.0,618435.0,92717.0,321951.0,263567.0,29853.0,324929.0,248836.0,37426.0,474075.0,384130.0,44915.0,485232.0,369599.0,55291.0,148329.0,191726.0,58384.0,76093.0,89945.0,115633.0,Gujranwala,81.37,76.33,81.87,76.58,81.03,76.17,-5.04,gujranwala,2026-09
Gujrat,408254.0,356051.0,21193.0,406070.0,334227.0,28702.0,241112.0,212653.0,10542.0,239008.0,200001.0,14755.0,167142.0,143398.0,10651.0,167062.0,134226.0,13947.0,52203.0,71843.0,28459.0,39007.0,23744.0,32836.0,Gujrat,87.21,82.31,88.2,83.68,85.79,80.35,-4.9,gujrat,2026-09
Gwadar,45706.0,28021.0,14506.0,53778.0,37458.0,12580.0,23878.0,13166.0,8836.0,28255.0,17150.0,8802.0,21828.0,14855.0,5670.0,25523.0,20308.0,3778.0,17685.0,16320.0,10712.0,11105.0,6973.0,5215.0,Gwadar,61.31,69.65,55.14,60.7,68.05,79.57,8.34,gwadar,2026-09
Hafizabad,180820.0,143161.0,21172.0,181812.0,138511.0,24908.0,111969.0,86804.0,14378.0,112850.0,85179.0,16375.0,68851.0,56357.0,6794.0,68962.0,53332.0,8533.0,37659.0,43301.0,25165.0,27671.0,12494.0,15630.0,Hafizabad,79.17,76.18,77.53,75.48,81.85,77.34,-2.99,hafizabad,2026-09
Hangu,83545.0,32138.0,46197.0,92913.0,66451.0,22965.0,71360.0,24346.0,42678.0,79043.0,55202.0,20944.0,12185.0,7792.0,3519.0,13870.0,11249.0,2021.0,51407.0,26462.0,47014.0,23841.0,4393.0,2621.0,Hangu,38.47,71.52,34.12,69.84,63.95,81.1,33.05,hangu,2026-09
Haripur,153986.0,129342.0,13195.0,164700.0,143889.0,9704.0,135530.0,112287.0,12575.0,144986.0,126201.0,8947.0,18456.0,17055.0,620.0,19714.0,17688.0,757.0,24644.0,20811.0,23243.0,18785.0,1401.0,2026.0,Haripur,84.0,87.36,82.85,87.04,92.41,89.72,3.36,haripur,2026-09
Harnai,21892.0,5398.0,15677.0,24494.0,8348.0,15045.0,17044.0,2786.0,13735.0,18240.0,5491.0,11983.0,4848.0,2612.0,1942.0,6254.0,2857.0,3062.0,16494.0,16146.0,14258.0,12749.0,2236.0,3397.0,Harnai,24.66,34.08,16.35,30.1,53.88,45.68,9.42,harnai,2026-09
Hyderabad,295621.0,194167.0,78807.0,339388.0,226437.0,83825.0,57198.0,25835.0,27905.0,67333.0,35076.0,28112.0,238423.0,168332.0,50902.0,272055.0,191361.0,55713.0,101454.0,112951.0,31363.0,32257.0,70091.0,80694.0,Hyderabad,65.68,66.72,45.17,52.09,70.6,70.34,1.04,hyderabad,2026-09
Islamabad,278773.0,236063.0,20531.0,312921.0,260117.0,19944.0,153309.0,132379.0,9107.0,167805.0,142343.0,9444.0,125464.0,103684.0,11424.0,145116.0,117774.0,10500.0,42710.0,52804.0,20930.0,25462.0,21780.0,27342.0,Islamabad,84.68,83.13,86.35,84.83,82.64,81.16,-1.55,islamabad,2026-09
Jacobabad,202371.0,60862.0,129880.0,212405.0,96206.0,103774.0,143223.0,29207.0,107859.0,152826.0,58004.0,87665.0,59148.0,31655.0,22021.0,59579.0,38202.0,16109.0,141509.0,116199.0,114016.0,94822.0,27493.0,21377.0,Jacobabad,30.07,45.29,20.39,37.95,53.52,64.12,15.22,jacobabad,2026-09
Jaffarabad,105126.0,31532.0,69835.0,109673.0,44889.0,60564.0,77470.0,17414.0,57661.0,81283.0,29823.0,48839.0,27656.0,14118.0,12174.0,28390.0,15066.0,11725.0,73594.0,64784.0,60056.0,51460.0,13538.0,13324.0,Jaffarabad,29.99,40.93,22.48,36.69,51.05,53.07,10.94,jaffarabad,2026-09
Jamshoro,166533.0,81911.0,73353.0,177831.0,92555.0,74382.0,90235.0,32428.0,52614.0,99255.0,42384.0,51527.0,76298.0,49483.0,20739.0,78576.0,50171.0,22855.0,84622.0,85276.0,57807.0,56871.0,26815.0,28405.0,Jamshoro,49.19,52.05,35.94,42.7,64.85,63.85,2.86,jamshoro,2026-09
Jhal Magsi,37215.0,9748.0,26357.0,39051.0,15897.0,21785.0,33060.0,7725.0,24404.0,35477.0,14220.0,20078.0,4155.0,2023.0,1953.0,3574.0,1677.0,1707.0,27467.0,23154.0,25335.0,21257.0,2132.0,1897.0,Jhal Magsi,26.19,40.71,23.37,40.08,48.69,46.92,14.52,jhal magsi,2026-09
Jhang,429222.0,298925.0,87014.0,471054.0,352341.0,70465.0,322292.0,210563.0,77230.0,354652.0,256593.0,61320.0,106930.0,88362.0,9784.0,116402.0,95748.0,9145.0,130297.0,118713.0,111729.0,98059.0,18568.0,20654.0,Jhang,69.64,74.8,65.33,72.35,82.64,82.26,5.16,jhang,2026-09
Jhelum,159189.0,138069.0,8079.0,170711.0,147490.0,6296.0,96952.0,82846.0,5360.0,103571.0,89875.0,3634.0,62237.0,55223.0,2719.0,67140.0,57615.0,2662.0,21120.0,23221.0,14106.0,13696.0,7014.0,9525.0,Jhelum,86.73,86.4,85.45,86.78,88.73,85.81,-0.33,jhelum,2026-09
Kachhi,83713.0,16152.0,64243.0,99499.0,26567.0,68804.0,68097.0,9815.0,55979.0,82876.0,19581.0,60224.0,15616.0,6337.0,8264.0,16623.0,6986.0,8580.0,67561.0,72932.0,58282.0,63295.0,9279.0,9637.0,Kachhi,19.29,26.7,14.41,23.63,40.58,42.03,7.41,kachhi,2026-09
Kalat,98213.0,28581.0,62107.0,104202.0,44009.0,47613.0,84309.0,21436.0,56345.0,90062.0,35786.0,44139.0,13904.0,7145.0,5762.0,14140.0,8223.0,3474.0,69632.0,60193.0,62873.0,54276.0,6759.0,5917.0,Kalat + Surab,29.1,42.23,25.43,39.73,51.39,58.15,13.13,kalat,2026-09
Kambar-Shahdadkot,235811.0,90991.0,128800.0,270180.0,134095.0,120118.0,171979.0,57575.0,102853.0,198823.0,91895.0,95181.0,63832.0,33416.0,25947.0,71357.0,42200.0,24937.0,144820.0,136085.0,114404.0,106928.0,30416.0,29157.0,Kambar-Shahdadkot,38.59,49.63,33.48,46.22,52.35,59.14,11.04,kambar shahdadkot,2026-09
Karachi Central,461946.0,357540.0,50017.0,521285.0,377866.0,68168.0,0.0,0.0,0.0,0.0,0.0,0.0,461946.0,357540.0,50017.0,521285.0,377866.0,68168.0,104406.0,143419.0,0.0,0.0,104406.0,143419.0,Karachi Central,77.4,72.49,,,77.4,72.49,-4.91,karachi central,2026-09
Karachi East,487375.0,360462.0,79309.0,558450.0,377926.0,118052.0,0.0,0.0,0.0,0.0,0.0,0.0,487375.0,360462.0,79309.0,558450.0,377926.0,118052.0,126913.0,180524.0,0.0,0.0,126913.0,180524.0,Karachi East,73.96,67.67,,,73.96,67.67,-6.29,karachi east,2026-09
Karachi South,282768.0,200779.0,51078.0,315384.0,229978.0,46796.0,0.0,0.0,0.0,0.0,0.0,0.0,282768.0,200779.0,51078.0,315384.0,229978.0,46796.0,81989.0,85406.0,0.0,0.0,81989.0,85406.0,Karachi South,71.0,72.92,,,71.0,72.92,1.92,karachi south,2026-09
Karachi West,366233.0,210571.0,113827.0,402334.0,239373.0,113253.0,36326.0,15316.0,16653.0,40560.0,17102.0,18800.0,329907.0,195255.0,97174.0,361774.0,222271.0,94453.0,155662.0,162961.0,21010.0,23458.0,134652.0,139503.0,Karachi West,57.5,59.5,42.16,42.16,59.18,61.44,2.0,karachi west,2026-09
Karak,118292.0,75487.0,31913.0,130328.0,103311.0,18732.0,110091.0,69083.0,30645.0,121113.0,95456.0,17906.0,8201.0,6404.0,1268.0,9215.0,7855.0,826.0,42805.0,27017.0,41008.0,25657.0,1797.0,1360.0,Karak,63.81,79.27,62.75,78.82,78.09,85.24,15.46,karak,2026-09
Kashmore,211103.0,50138.0,153775.0,223762.0,80182.0,135820.0,164930.0,27175.0,133329.0,179538.0,55080.0,118948.0,46173.0,22963.0,20446.0,44224.0,25102.0,16872.0,160965.0,143580.0,137755.0,124458.0,23210.0,19122.0,Kashmore,23.75,35.83,16.48,30.68,49.73,56.76,12.08,kashmore,2026-09
Kasur,578487.0,440329.0,86411.0,585126.0,436606.0,87118.0,410211.0,303020.0,69853.0,415045.0,306066.0,65555.0,168276.0,137309.0,16558.0,170081.0,130540.0,21563.0,138158.0,148520.0,107191.0,108979.0,30967.0,39541.0,Kasur,76.12,74.62,73.87,73.74,81.6,76.75,-1.5,kasur,2026-09
Keamari,287209.0,155844.0,100903.0,316871.0,184702.0,100160.0,0.0,0.0,0.0,0.0,0.0,0.0,287209.0,155844.0,100903.0,316871.0,184702.0,100160.0,131365.0,132169.0,0.0,0.0,131365.0,132169.0,Keamari,54.26,58.29,,,54.26,58.29,4.03,keamari,2026-09
Kech,149374.0,77015.0,61762.0,160013.0,95577.0,53478.0,95812.0,44762.0,43898.0,99962.0,55295.0,37427.0,53562.0,32253.0,17864.0,60051.0,40282.0,16051.0,72359.0,64436.0,51050.0,44667.0,21309.0,19769.0,Kech,51.56,59.73,46.72,55.32,60.22,67.08,8.17,kech,2026-09
Khairpur,407577.0,196718.0,184499.0,421313.0,263109.0,134372.0,279249.0,122535.0,139326.0,291078.0,174554.0,101109.0,128328.0,74183.0,45173.0,130235.0,88555.0,33263.0,210859.0,158204.0,156714.0,116524.0,54145.0,41680.0,Khairpur,48.27,62.45,43.88,59.97,57.81,68.0,14.18,khairpur,2026-09
Khanewal,464061.0,324301.0,96681.0,507228.0,370698.0,81858.0,368619.0,245185.0,87160.0,404581.0,286668.0,73954.0,95442.0,79116.0,9521.0,102647.0,84030.0,7904.0,139760.0,136530.0,123434.0,117913.0,16326.0,18617.0,Khanewal,69.88,73.08,66.51,70.86,82.89,81.86,3.2,khanewal,2026-09
Kharan,44212.0,14074.0,27824.0,55589.0,22596.0,28483.0,31462.0,9397.0,20223.0,38663.0,14697.0,20687.0,12750.0,4677.0,7601.0,16926.0,7899.0,7796.0,30138.0,32993.0,22065.0,23966.0,8073.0,9027.0,Kharan,31.83,40.65,29.87,38.01,36.68,46.67,8.82,kharan,2026-09
Khushab,181850.0,136019.0,29379.0,199380.0,159197.0,20084.0,132086.0,94204.0,25172.0,143754.0,114708.0,14466.0,49764.0,41815.0,4207.0,55626.0,44489.0,5618.0,45831.0,40183.0,37882.0,29046.0,7949.0,11137.0,Khushab,74.8,79.85,71.32,79.79,84.03,79.98,5.05,khushab,2026-09
Khuzdar,157440.0,41896.0,103625.0,203197.0,75757.0,110457.0,98037.0,20741.0,70372.0,127765.0,42489.0,74581.0,59403.0,21155.0,33253.0,75432.0,33268.0,35876.0,115544.0,127440.0,77296.0,85276.0,38248.0,42164.0,Khuzdar,26.61,37.28,21.16,33.26,35.61,44.1,10.67,khuzdar,2026-09
Khyber Agency,196703.0,57589.0,126230.0,223844.0,141503.0,72981.0,181320.0,49942.0,119576.0,206543.0,128710.0,69146.0,15383.0,7647.0,6654.0,17301.0,12793.0,3835.0,139114.0,82341.0,131378.0,77833.0,7736.0,4508.0,Khyber Agency,29.28,63.22,27.54,62.32,49.71,73.94,33.94,khyber agency,2026-09
Killa Abdullah,132422.0,22704.0,101233.0,166669.0,61944.0,94425.0,106607.0,14461.0,86659.0,133049.0,45421.0,80548.0,25815.0,8243.0,14574.0,33620.0,16523.0,13877.0,109718.0,104725.0,92146.0,87628.0,17572.0,17097.0,Chaman + Killa Abdullah,17.15,37.17,13.56,34.14,31.93,49.15,20.02,killa abdullah,2026-09
Killa Saifullah,63110.0,14002.0,46592.0,73140.0,36362.0,33416.0,52768.0,9583.0,41190.0,62182.0,29812.0,29676.0,10342.0,4419.0,5402.0,10958.0,6550.0,3740.0,49108.0,36778.0,43185.0,32370.0,5923.0,4408.0,Killa Saifullah,22.19,49.72,18.16,47.94,42.73,59.77,27.53,killa saifullah,2026-09
Kohat,180006.0,100446.0,66474.0,198139.0,159194.0,30471.0,142097.0,73237.0,57801.0,156494.0,126343.0,23438.0,37909.0,27209.0,8673.0,41645.0,32851.0,7033.0,79560.0,38945.0,68860.0,30151.0,10700.0,8794.0,Kohat,55.8,80.34,51.54,80.73,71.77,78.88,24.54,kohat,2026-09
Kohistan,167896.0,20327.0,144108.0,181325.0,47373.0,128197.0,167896.0,20327.0,144108.0,181325.0,47373.0,128197.0,0.0,0.0,0.0,0.0,0.0,0.0,147569.0,133952.0,147569.0,133952.0,0.0,0.0,Kolai Palas Kohistan + Lower Kohistan + Upper Kohistan,12.11,26.13,12.11,26.13,,,14.02,kohistan,2026-09
Kohlu,46355.0,13291.0,31575.0,51076.0,14382.0,34926.0,42711.0,10570.0,30940.0,47949.0,11925.0,34460.0,3644.0,2721.0,635.0,3127.0,2457.0,466.0,33064.0,36694.0,32141.0,36024.0,923.0,670.0,Kohlu,28.67,28.16,24.75,24.87,74.67,78.57,-0.51,kohlu,2026-09
Korangi,430098.0,288259.0,90290.0,474540.0,313706.0,96919.0,0.0,0.0,0.0,0.0,0.0,0.0,430098.0,288259.0,90290.0,474540.0,313706.0,96919.0,141839.0,160834.0,0.0,0.0,141839.0,160834.0,Korangi,67.02,66.11,,,67.02,66.11,-0.91,korangi,2026-09
Kurram Agency,124391.0,41938.0,76869.0,144302.0,78500.0,60508.0,117602.0,39306.0,73502.0,136436.0,73665.0,58469.0,6789.0,2632.0,3367.0,7866.0,4835.0,2039.0,82453.0,65802.0,78296.0,62771.0,4157.0,3031.0,Kurram Agency,33.71,54.4,33.42,53.99,38.77,61.47,20.69,kurram agency,2026-09
Lahore,1599073.0,1263114.0,196854.0,1748494.0,1333677.0,225813.0,0.0,0.0,0.0,0.0,0.0,0.0,1599073.0,1263114.0,196854.0,1748494.0,1333677.0,225813.0,335959.0,414817.0,0.0,0.0,335959.0,414817.0,Lahore,78.99,76.28,,,78.99,76.28,-2.71,lahore,2026-09
Lakki Marwat,164352.0,71820.0,80742.0,167220.0,115068.0,41025.0,149343.0,61464.0,77399.0,152235.0,103310.0,38983.0,15009.0,10356.0,3343.0,14985.0,11758.0,2042.0,92532.0,52152.0,87879.0,48925.0,4653.0,3227.0,Lakki Marwat,43.7,68.81,41.16,67.86,69.0,78.47,25.11,lakki marwat,2026-09
Larkana,265297.0,130471.0,112398.0,301782.0,182900.0,96031.0,152683.0,61784.0,77440.0,173992.0,93896.0,66645.0,112614.0,68687.0,34958.0,127790.0,89004.0,29386.0,134826.0,118882.0,90899.0,80096.0,43927.0,38786.0,Larkana,49.18,60.61,40.47,53.97,60.99,69.65,11.43,larkana,2026-09
Lasbela,109546.0,39753.0,62584.0,113854.0,51072.0,53037.0,57610.0,17814.0,36870.0,59952.0,23734.0,32383.0,51936.0,21939.0,25714.0,53902.0,27338.0,20654.0,69793.0,62782.0,39796.0,36218.0,29997.0,26564.0,Lasbela,36.29,44.86,30.92,39.59,42.24,50.72,8.57,lasbela,2026-09
Layyah,298657.0,220658.0,50046.0,319041.0,250624.0,36867.0,247168.0,175400.0,47269.0,264250.0,205667.0,31809.0,51489.0,45258.0,2777.0,54791.0,44957.0,5058.0,77999.0,68417.0,71768.0,58583.0,6231.0,9834.0,Layyah,73.88,78.56,70.96,77.83,87.9,82.05,4.68,layyah,2026-09
Lodhran,274810.0,166602.0,79051.0,303903.0,190488.0,77284.0,229644.0,131766.0,72960.0,255120.0,153976.0,70693.0,45166.0,34836.0,6091.0,48783.0,36512.0,6591.0,108208.0,113415.0,97878.0,101144.0,10330.0,12271.0,Lodhran,60.62,62.68,57.38,60.35,77.13,74.85,2.06,lodhran,2026-09
Loralai,77182.0,19934.0,53338.0,85840.0,43956.0,34745.0,67112.0,13418.0,50459.0,74649.0,36458.0,32001.0,10070.0,6516.0,2879.0,11191.0,7498.0,2744.0,57248.0,41884.0,53694.0,38191.0,3554.0,3693.0,Duki + Loralai,25.83,51.21,19.99,48.84,64.71,67.0,25.38,loralai,2026-09
Lower Dir,264950.0,173914.0,73007.0,283834.0,223974.0,48197.0,257417.0,167657.0,72066.0,275686.0,217449.0,46871.0,7533.0,6257.0,941.0,8148.0,6525.0,1326.0,91036.0,59860.0,89760.0,58237.0,1276.0,1623.0,Lower Dir,65.64,78.91,65.13,78.88,83.06,80.08,13.27,lower dir,2026-09
Malakand,122585.0,92587.0,22534.0,135341.0,109973.0,19775.0,111678.0,83946.0,20937.0,123466.0,101249.0,17219.0,10907.0,8641.0,1597.0,11875.0,8724.0,2556.0,29998.0,25368.0,27732.0,22217.0,2266.0,3151.0,Malakand,75.53,81.26,75.17,82.01,79.22,73.47,5.73,malakand,2026-09
Malir,335936.0,189157.0,115424.0,361367.0,208928.0,119327.0,176452.0,89172.0,71244.0,192836.0,100215.0,75530.0,159484.0,99985.0,44180.0,168531.0,108713.0,43797.0,146779.0,152439.0,87280.0,92621.0,59499.0,59818.0,Malir,56.31,57.82,50.54,51.97,62.69,64.51,1.51,malir,2026-09
Mandi Bahauddin,235268.0,183091.0,32414.0,250639.0,190519.0,33175.0,190663.0,145734.0,28210.0,202943.0,151940.0,28566.0,44605.0,37357.0,4204.0,47696.0,38579.0,4609.0,52177.0,60120.0,44929.0,51003.0,7248.0,9117.0,Mandi Bahauddin,77.82,76.01,76.44,74.87,83.75,80.89,-1.81,mandi bahauddin,2026-09
Mansehra,262803.0,190969.0,46330.0,280080.0,235899.0,23926.0,242248.0,174210.0,44001.0,257264.0,216329.0,22653.0,20555.0,16759.0,2329.0,22816.0,19570.0,1273.0,71834.0,44181.0,68038.0,40935.0,3796.0,3246.0,Mansehra,72.67,84.23,71.91,84.09,81.53,85.77,11.56,mansehra,2026-09
Mardan,405766.0,268355.0,107556.0,440064.0,341464.0,77753.0,342222.0,222827.0,94188.0,370943.0,286049.0,67387.0,63544.0,45528.0,13368.0,69121.0,55415.0,10366.0,137411.0,98600.0,119395.0,84894.0,18016.0,13706.0,Mardan,66.14,77.59,65.11,77.11,71.65,80.17,11.45,mardan,2026-09
Mastung,49630.0,18551.0,27229.0,59475.0,30270.0,23702.0,44020.0,14980.0,25895.0,53050.0,25442.0,22957.0,5610.0,3571.0,1334.0,6425.0,4828.0,745.0,31079.0,29205.0,29040.0,27608.0,2039.0,1597.0,Mastung,37.38,50.9,34.03,47.96,63.65,75.14,13.52,mastung,2026-09
Matiari,127517.0,57115.0,60682.0,131836.0,71953.0,50917.0,98601.0,39628.0,51195.0,102518.0,51112.0,44468.0,28916.0,17487.0,9487.0,29318.0,20841.0,6449.0,70402.0,59883.0,58973.0,51406.0,11429.0,8477.0,Matiari,44.79,54.58,40.19,49.86,60.48,71.09,9.79,matiari,2026-09
Mianwali,230944.0,154938.0,56123.0,250716.0,197754.0,32418.0,186734.0,119796.0,50433.0,202869.0,159061.0,27250.0,44210.0,35142.0,5690.0,47847.0,38693.0,5168.0,76006.0,52962.0,66938.0,43808.0,9068.0,9154.0,Mianwali,67.09,78.88,64.15,78.41,79.49,80.87,11.79,mianwali,2026-09
Mirpurkhas,243577.0,96577.0,137179.0,280490.0,159265.0,107555.0,179859.0,51552.0,121920.0,208349.0,104115.0,94979.0,63718.0,45025.0,15259.0,72141.0,55150.0,12576.0,147000.0,121225.0,128307.0,104234.0,18693.0,16991.0,Mirpurkhas,39.65,56.78,28.66,49.97,70.66,76.45,17.13,mirpurkhas,2026-09
Mohmand Agency,98086.0,19306.0,73058.0,100299.0,52397.0,42118.0,98086.0,19306.0,73058.0,100299.0,52397.0,42118.0,0.0,0.0,0.0,0.0,0.0,0.0,78780.0,47902.0,78780.0,47902.0,0.0,0.0,Mohmand Agency,19.68,52.24,19.68,52.24,,,32.56,mohmand agency,2026-09
Multan,753754.0,498865.0,184942.0,769247.0,535250.0,152605.0,424639.0,240783.0,143545.0,432737.0,272982.0,116233.0,329115.0,258082.0,41397.0,336510.0,262268.0,36372.0,254889.0,233997.0,183856.0,159755.0,71033.0,74242.0,Multan,66.18,69.58,56.7,63.08,78.42,77.94,3.4,multan,2026-09
Musakhail,30744.0,12948.0,16876.0,37866.0,20148.0,16357.0,28026.0,11290.0,15926.0,34394.0,17659.0,15533.0,2718.0,1658.0,950.0,3472.0,2489.0,824.0,17796.0,17718.0,16736.0,16735.0,1060.0,983.0,Musakhail,42.12,53.21,40.28,51.34,61.0,71.69,11.09,musakhail,2026-09
Muzaffargarh,795822.0,412585.0,310488.0,816855.0,478533.0,257022.0,656840.0,313160.0,281687.0,675366.0,377438.0,230643.0,138982.0,99425.0,28801.0,141489.0,101095.0,26379.0,383237.0,338322.0,343680.0,297928.0,39557.0,40394.0,Muzaffargarh,51.84,58.58,47.68,55.89,71.54,71.45,6.74,muzaffargarh,2026-09
Nankana Sahib,230855.0,174164.0,36490.0,234410.0,178494.0,32965.0,186258.0,138684.0,30781.0,189586.0,142925.0,28433.0,44597.0,35480.0,5709.0,44824.0,35569.0,4532.0,56691.0,55916.0,47574.0,46661.0,9117.0,9255.0,Nankana Sahib,75.44,76.15,74.46,75.39,79.56,79.35,0.71,nankana sahib,2026-09
Narowal,266191.0,229703.0,17605.0,279521.0,234681.0,18432.0,219651.0,189901.0,13744.0,229927.0,193172.0,14517.0,46540.0,39802.0,3861.0,49594.0,41509.0,3915.0,36488.0,44840.0,29750.0,36755.0,6738.0,8085.0,Narowal,86.29,83.96,86.46,84.01,85.52,83.7,-2.33,narowal,2026-09
Nasirabad,99923.0,21602.0,74942.0,107017.0,33609.0,69699.0,81200.0,13056.0,65900.0,88960.0,23517.0,62986.0,18723.0,8546.0,9042.0,18057.0,10092.0,6713.0,78321.0,73408.0,68144.0,65443.0,10177.0,7965.0,Nasirabad,21.62,31.41,16.08,26.44,45.64,55.89,9.79,nasirabad,2026-09
Naushehro Feroze,269211.0,153903.0,89501.0,276937.0,176913.0,77318.0,193797.0,99460.0,75267.0,201023.0,118719.0,65978.0,75414.0,54443.0,14234.0,75914.0,58194.0,11340.0,115308.0,100024.0,94337.0,82304.0,20971.0,17720.0,Naushehro Feroze,57.17,63.88,51.32,59.06,72.19,76.66,6.71,naushehro feroze,2026-09
North Waziristan Agency,115709.0,21439.0,90706.0,123651.0,56347.0,62047.0,115116.0,21022.0,90540.0,123091.0,55915.0,61925.0,593.0,417.0,166.0,560.0,432.0,122.0,94270.0,67304.0,94094.0,67176.0,176.0,128.0,North Waziristan Agency,18.53,45.57,18.26,45.43,70.32,77.14,27.04,north waziristan agency,2026-09
Nowshera,263345.0,176150.0,70559.0,269135.0,213499.0,40470.0,213984.0,138411.0,62090.0,219442.0,172382.0,34786.0,49361.0,37739.0,8469.0,49693.0,41117.0,5684.0,87195.0,55636.0,75573.0,47060.0,11622.0,8576.0,Nowshera,66.89,79.33,64.68,78.55,76.46,82.74,12.44,nowshera,2026-09
Nushki,32749.0,15884.0,13187.0,36333.0,21015.0,11698.0,25296.0,11985.0,10493.0,27979.0,15138.0,10009.0,7453.0,3899.0,2694.0,8354.0,5877.0,1689.0,16865.0,15318.0,13311.0,12841.0,3554.0,2477.0,Nushki,48.5,57.84,47.38,54.1,52.31,70.35,9.34,nushki,2026-09
Okara,495513.0,360515.0,88866.0,503814.0,369323.0,81521.0,332527.0,230408.0,70025.0,338762.0,240896.0,62957.0,162986.0,130107.0,18841.0,165052.0,128427.0,18564.0,134998.0,134491.0,102119.0,97866.0,32879.0,36625.0,Okara,72.76,73.31,69.29,71.11,79.83,77.81,0.55,okara,2026-09
Orakzai Agency,62818.0,16550.0,42899.0,74196.0,45074.0,26225.0,62818.0,16550.0,42899.0,74196.0,45074.0,26225.0,0.0,0.0,0.0,0.0,0.0,0.0,46268.0,29122.0,46268.0,29122.0,0.0,0.0,Orakzai Agency,26.35,60.75,26.35,60.75,,,34.4,orakzai agency,2026-09
Pakpattan,302954.0,210708.0,60217.0,309421.0,223246.0,49982.0,237545.0,157232.0,53662.0,242546.0,171975.0,41860.0,65409.0,53476.0,6555.0,66875.0,51271.0,8122.0,92246.0,86175.0,80313.0,70571.0,11933.0,15604.0,Pakpattan,69.55,72.15,66.19,70.9,81.76,76.67,2.6,pakpattan,2026-09
Panjgur,69867.0,24470.0,40644.0,74083.0,27547.0,41420.0,47590.0,18721.0,25751.0,50731.0,19355.0,27970.0,22277.0,5749.0,14893.0,23352.0,8192.0,13450.0,45397.0,46536.0,28869.0,31376.0,16528.0,15160.0,Panjgur,35.02,37.18,39.34,38.15,25.81,35.08,2.16,panjgur,2026-09
Peshawar,744783.0,415757.0,282895.0,760461.0,556778.0,164391.0,466956.0,232078.0,206424.0,474999.0,339707.0,111556.0,277827.0,183679.0,76471.0,285462.0,217071.0,52835.0,329026.0,203683.0,234878.0,135292.0,94148.0,68391.0,Peshawar,55.82,73.22,49.7,71.52,66.11,76.04,17.4,peshawar,2026-09
Pishin,138995.0,42925.0,81514.0,149149.0,69477.0,63473.0,97535.0,26837.0,59613.0,105373.0,45313.0,47657.0,41460.0,16088.0,21901.0,43776.0,24164.0,15816.0,96070.0,79672.0,70698.0,60060.0,25372.0,19612.0,Pishin,30.88,46.58,27.52,43.0,38.8,55.2,15.7,pishin,2026-09
Quetta,366248.0,202871.0,127670.0,378180.0,242982.0,97244.0,164116.0,81108.0,66700.0,171898.0,100658.0,52710.0,202132.0,121763.0,60970.0,206282.0,142324.0,44534.0,163377.0,135198.0,83008.0,71240.0,80369.0,63958.0,Quetta,55.39,64.25,49.42,58.56,60.24,68.99,8.86,quetta,2026-09
Rahim Yar Khan,802621.0,415405.0,326596.0,904137.0,499600.0,319585.0,620252.0,275326.0,298587.0,701730.0,344671.0,293722.0,182369.0,140079.0,28009.0,202407.0,154929.0,25863.0,387216.0,404537.0,344926.0,357059.0,42290.0,47478.0,Rahim Yar Khan,51.76,55.26,44.39,49.12,76.81,76.54,3.5,rahim yar khan,2026-09
Rajanpur,385744.0,150036.0,215542.0,400478.0,191357.0,182583.0,287106.0,83248.0,190377.0,302476.0,122015.0,162604.0,98638.0,66788.0,25165.0,98002.0,69342.0,19979.0,235708.0,209121.0,203858.0,180461.0,31850.0,28660.0,Rajanpur,38.9,47.78,29.0,40.34,67.71,70.76,8.88,rajanpur,2026-09
Rawalpindi,766304.0,642018.0,62412.0,770467.0,635858.0,56316.0,241236.0,206354.0,18721.0,235337.0,207757.0,9263.0,525068.0,435664.0,43691.0,535130.0,428101.0,47053.0,124286.0,134609.0,34882.0,27580.0,89404.0,107029.0,Rawalpindi,83.78,82.53,85.54,88.28,82.97,80.0,-1.25,rawalpindi,2026-09
Sahiwal,389045.0,274375.0,80162.0,396221.0,297332.0,58504.0,290010.0,194884.0,68683.0,295465.0,218516.0,47240.0,99035.0,79491.0,11479.0,100756.0,78816.0,11264.0,114670.0,98889.0,95126.0,76949.0,19544.0,21940.0,Sahiwal,70.53,75.04,67.2,73.96,80.27,78.22,4.51,sahiwal,2026-09
Sajawal,128893.0,23148.0,101300.0,148437.0,45973.0,96931.0,116237.0,16465.0,96173.0,135435.0,38418.0,92230.0,12656.0,6683.0,5127.0,13002.0,7555.0,4701.0,105745.0,102464.0,99772.0,97017.0,5973.0,5447.0,Sajawal,17.96,30.97,14.17,28.37,52.8,58.11,13.01,sajawal,2026-09
Sanghar,363837.0,131310.0,212572.0,375990.0,186757.0,166990.0,272008.0,74512.0,184785.0,283397.0,123936.0,145494.0,91829.0,56798.0,27787.0,92593.0,62821.0,21496.0,232527.0,189233.0,197496.0,159461.0,35031.0,29772.0,Sanghar,36.09,49.67,27.39,43.73,61.85,67.85,13.58,sanghar,2026-09
Sargodha,577518.0,464057.0,61887.0,585144.0,464844.0,56905.0,367634.0,286482.0,46606.0,370335.0,288453.0,42535.0,209884.0,177575.0,15281.0,214809.0,176391.0,14370.0,113461.0,120300.0,81152.0,81882.0,32309.0,38418.0,Sargodha,80.35,79.44,77.93,77.89,84.61,82.12,-0.91,sargodha,2026-09
Shaheed Benazirabad,281773.0,133465.0,126905.0,291646.0,179287.0,90442.0,194913.0,75193.0,104863.0,202977.0,118371.0,69694.0,86860.0,58272.0,22042.0,88669.0,60916.0,20748.0,148308.0,112359.0,119720.0,84606.0,28588.0,27753.0,Shaheed Benazirabad,47.37,61.47,38.58,58.32,67.09,68.7,14.1,shaheed benazirabad,2026-09
Shangla,147116.0,51328.0,90288.0,166710.0,97231.0,63950.0,147116.0,51328.0,90288.0,166710.0,97231.0,63950.0,0.0,0.0,0.0,0.0,0.0,0.0,95788.0,69479.0,95788.0,69479.0,0.0,0.0,Shangla,34.89,58.32,34.89,58.32,,,23.43,shangla,2026-09
Sheikhupura,559792.0,431057.0,80705.0,567885.0,426943.0,82343.0,350872.0,266516.0,52741.0,353455.0,265187.0,51838.0,208920.0,164541.0,27964.0,214430.0,161756.0,30505.0,128735.0,140942.0,84356.0,88268.0,44379.0,52674.0,Sheikhupura,77.0,75.18,75.96,75.03,78.76,75.44,-1.82,sheikhupura,2026-09
Sherani,29959.0,4219.0,24660.0,41778.0,11413.0,28253.0,29959.0,4219.0,24660.0,41778.0,11413.0,28253.0,0.0,0.0,0.0,0.0,0.0,0.0,25740.0,30365.0,25740.0,30365.0,0.0,0.0,Sherani,14.08,27.32,14.08,27.32,,,13.24,sherani,2026-09
Shikarpur,239205.0,78160.0,144908.0,248525.0,102158.0,132157.0,189805.0,47449.0,130910.0,202437.0,68913.0,122886.0,49400.0,30711.0,13998.0,46088.0,33245.0,9271.0,161045.0,146367.0,142356.0,133524.0,18689.0,12843.0,Shikarpur,32.67,41.11,25.0,34.04,62.17,72.13,8.44,shikarpur,2026-09
Sialkot,587460.0,520306.0,29002.0,627203.0,535601.0,32034.0,403395.0,355540.0,21023.0,427601.0,363962.0,21403.0,184065.0,164766.0,7979.0,199602.0,171639.0,10631.0,67154.0,91602.0,47855.0,63639.0,19299.0,27963.0,Sialkot,88.57,85.4,88.14,85.12,89.52,85.99,-3.17,sialkot,2026-09
Sibi,36580.0,12495.0,22093.0,38916.0,15666.0,20966.0,26787.0,6872.0,18730.0,29545.0,9072.0,18954.0,9793.0,5623.0,3363.0,9371.0,6594.0,2012.0,24085.0,23250.0,19915.0,20473.0,4170.0,2777.0,Sibi,34.16,40.26,25.65,30.71,57.42,70.37,6.1,sibi,2026-09
Sohbatpur,42884.0,16288.0,25159.0,45098.0,23306.0,20124.0,39940.0,14525.0,24072.0,41887.0,21371.0,19022.0,2944.0,1763.0,1087.0,3211.0,1935.0,1102.0,26596.0,21792.0,25415.0,20516.0,1181.0,1276.0,Sohbatpur,37.98,51.68,36.37,51.02,59.88,60.26,13.7,sohbatpur,2026-09
South Waziristan Agency,147366.0,40688.0,100325.0,156628.0,62382.0,86886.0,147366.0,40688.0,100325.0,156628.0,62382.0,86886.0,0.0,0.0,0.0,0.0,0.0,0.0,106678.0,94246.0,106678.0,94246.0,0.0,0.0,South Waziristan Agency,27.61,39.83,27.61,39.83,,,12.22,south waziristan agency,2026-09
Sukkur,237604.0,112852.0,105360.0,281987.0,168460.0,91925.0,127496.0,40608.0,77312.0,153723.0,73906.0,68726.0,110108.0,72244.0,28048.0,128264.0,94554.0,23199.0,124752.0,113527.0,86888.0,79817.0,37864.0,33710.0,Sukkur,47.5,59.74,31.85,48.08,65.61,73.72,12.24,sukkur,2026-09
Swabi,275508.0,184546.0,66150.0,298994.0,241504.0,41054.0,226364.0,148906.0,56819.0,245695.0,199008.0,33303.0,49144.0,35640.0,9331.0,53299.0,42496.0,7751.0,90962.0,57490.0,77458.0,46687.0,13504.0,10803.0,Swabi,66.98,80.77,65.78,81.0,72.52,79.73,13.79,swabi,2026-09
Swat,430032.0,247848.0,152171.0,473238.0,356060.0,95017.0,307616.0,163662.0,122789.0,339562.0,249563.0,74196.0,122416.0,84186.0,29382.0,133676.0,106497.0,20821.0,182184.0,117178.0,143954.0,89999.0,38230.0,27179.0,Swat,57.63,75.24,53.2,73.5,68.77,79.67,17.61,swat,2026-09
Tando Allah Yar,141010.0,50259.0,82120.0,146001.0,65817.0,71006.0,98767.0,27298.0,66268.0,103970.0,41595.0,56605.0,42243.0,22961.0,15852.0,42031.0,24222.0,14401.0,90751.0,80184.0,71469.0,62375.0,19282.0,17809.0,Tando Allah Yar,35.64,45.08,27.64,40.01,54.35,57.63,9.44,tando allah yar,2026-09
Tando Muhammad Khan,106522.0,32746.0,68937.0,120473.0,51912.0,62818.0,84059.0,22158.0,58265.0,95502.0,37886.0,53339.0,22463.0,10588.0,10672.0,24971.0,14026.0,9479.0,73776.0,68561.0,61901.0,57616.0,11875.0,10945.0,Tando Muhammad Khan,30.74,43.09,26.36,39.67,47.14,56.17,12.35,tando muhammad khan,2026-09
Tank,81675.0,27051.0,46817.0,84184.0,48349.0,27533.0,73803.0,22038.0,44646.0,75541.0,42456.0,25899.0,7872.0,5013.0,2171.0,8643.0,5893.0,1634.0,54624.0,35835.0,51765.0,33085.0,2859.0,2750.0,Tank,33.12,57.43,29.86,56.2,63.68,68.18,24.31,tank,2026-09
Tharparkar,288514.0,84564.0,191698.0,322899.0,153041.0,155444.0,267081.0,71067.0,184840.0,298734.0,136216.0,149516.0,21433.0,13497.0,6858.0,24165.0,16825.0,5928.0,203950.0,169858.0,196014.0,162518.0,7936.0,7340.0,Tharparkar,29.31,47.4,26.61,45.6,62.97,69.63,18.09,tharparkar,2026-09
Thatta,173932.0,36810.0,129074.0,180302.0,48272.0,123323.0,143579.0,23859.0,113754.0,150024.0,35353.0,107965.0,30353.0,12951.0,15320.0,30278.0,12919.0,15358.0,137122.0,132030.0,119720.0,114671.0,17402.0,17359.0,Thatta,21.16,26.77,16.62,23.56,42.67,42.67,5.61,thatta,2026-09
Toba Tek Singh,330966.0,263066.0,37070.0,354660.0,277477.0,38822.0,259192.0,201218.0,32836.0,276637.0,211951.0,34506.0,71774.0,61848.0,4234.0,78023.0,65526.0,4316.0,67900.0,77183.0,57974.0,64686.0,9926.0,12497.0,Toba Tek Singh,79.48,78.24,77.63,76.62,86.17,83.98,-1.24,toba tek singh,2026-09
Tor Ghar,33307.0,8837.0,21691.0,36150.0,21843.0,11680.0,33307.0,8837.0,21691.0,36150.0,21843.0,11680.0,0.0,0.0,0.0,0.0,0.0,0.0,24470.0,14307.0,24470.0,14307.0,0.0,0.0,Tor Ghar,26.53,60.42,26.53,60.42,,,33.89,tor ghar,2026-09
Umerkot,179471.0,61976.0,110009.0,208255.0,112330.0,86245.0,141803.0,38298.0,98338.0,165268.0,79729.0,78569.0,37668.0,23678.0,11671.0,42987.0,32601.0,7676.0,117495.0,95925.0,103505.0,85539.0,13990.0,10386.0,Umerkot,34.53,53.94,27.01,48.24,62.86,75.84,19.41,umerkot,2026-09
Upper Dir,184962.0,99033.0,72737.0,197908.0,144370.0,44750.0,177591.0,93496.0,71347.0,190039.0,137604.0,43926.0,7371.0,5537.0,1390.0,7869.0,6766.0,824.0,85929.0,53538.0,84095.0,52435.0,1834.0,1103.0,Upper Dir,53.54,72.95,52.65,72.41,75.12,85.98,19.41,upper dir,2026-09
Vehari,480778.0,318453.0,113801.0,487250.0,330749.0,100181.0,372720.0,230287.0,102794.0,377900.0,246987.0,86653.0,108058.0,88166.0,11007.0,109350.0,83762.0,13528.0,162325.0,156501.0,142433.0,130913.0,19892.0,25588.0,Vehari,66.24,67.88,61.79,65.36,81.59,76.6,1.64,vehari,2026-09
Washuk,51227.0,11397.0,38341.0,65562.0,21228.0,41971.0,44487.0,10255.0,32942.0,57650.0,18864.0,36797.0,6740.0,1142.0,5399.0,7912.0,2364.0,5174.0,39830.0,44334.0,34232.0,38786.0,5598.0,5548.0,Washuk,22.25,32.38,23.05,32.72,16.94,29.88,10.13,washuk,2026-09
Zhob,59970.0,23032.0,34802.0,75479.0,38236.0,34478.0,53056.0,18107.0,33145.0,66505.0,31448.0,32695.0,6914.0,4925.0,1657.0,8974.0,6788.0,1783.0,36938.0,37243.0,34949.0,35057.0,1989.0,2186.0,Zhob,38.41,50.66,34.13,47.29,71.23,75.64,12.25,zhob,2026-09
Ziarat,34298.0,11195.0,21215.0,36147.0,14909.0,19200.0,24909.0,7153.0,16388.0,26351.0,10902.0,13954.0,9389.0,4042.0,4827.0,9796.0,4007.0,5246.0,23103.0,21238.0,17756.0,15449.0,5347.0,5789.0,Ziarat,32.64,41.25,28.72,41.37,43.05,40.9,8.61,ziarat,2026-09
