region,district_key,district,all_km,boys_km,girls_km,gap_km,all_min,boys_min,girls_min,gap_min,tt_caveat,girls_in_school_pct_5_16,boys_in_school_pct_5_16,enrol_gap_pp_boys_minus_girls,living_standards_deprivation_pslm,material_deprivation_pslm,schools_listed,schools_with_coords,schools_in_analysis,boys_high_median_km,boys_middle_median_km,boys_primary_median_km,girls_high_median_km,girls_middle_median_km,girls_primary_median_km,boys_high_share_over_5km,boys_middle_share_over_5km,boys_primary_share_over_5km,girls_high_share_over_5km,girls_middle_share_over_5km,girls_primary_share_over_5km,girls_primary_n_schools,boys_primary_n_schools,girls_middle_n_schools,boys_middle_n_schools,girls_high_n_schools,boys_high_n_schools,girls_km_mixed,boys_km_mixed,gap_km_mixed,girls_km_attend,boys_km_attend,gap_km_attend,release
AJK (Mirpur+Kotli),kotli,Kotli,1.786,2.248,1.995,-0.253,31.532,38.684,33.944,-4.74,,,,,,,936,462,461,2.82,2.237,1.39,2.714,2.024,1.506,0.1652,0.0475,0.0086,0.1089,0.0317,0.0061,145,172,68,58,36,32,,,,,,,2026-09
AJK (Mirpur+Kotli),mirpur,Mirpur,1.746,2.006,1.862,-0.144,28.971,29.174,29.043,-0.132,,,,,,,431,322,302,2.335,2.057,1.679,2.285,1.929,1.527,0.1055,0.0415,0.0152,0.0525,0.0429,0.0214,146,107,65,49,29,27,,,,,,,2026-09
Balochistan,awaran,Awaran,10.902,10.969,18.14,7.171,225.681,226.348,362.567,136.219,mountain/desert: upper bound,46.79,49.43,2.64,0.50688,0.6129,381,262,262,14.509,10.978,6.894,23.203,18.182,13.83,0.7657,0.7143,0.5951,0.8889,0.8275,0.7703,69,197,25,54,13,33,,,,,,,2026-09
Balochistan,barkhan,Barkhan,3.617,4.395,4.736,0.34,67.919,82.357,89.407,7.05,,24.43,56.77,32.34,0.49528,0.6491499999999999,657,627,627,5.542,4.39,1.559,7.663,4.744,2.419,0.5609,0.4341,0.1057,0.6986,0.4746,0.2186,194,422,35,34,11,19,,,,,,,2026-09
Balochistan,chaghi,Chaghi,15.21,15.239,21.537,6.298,315.98,316.583,437.281,120.698,,27.78,32.31,4.53,,,319,281,281,21.326,15.258,6.835,35.382,21.572,13.911,0.9054,0.846,0.6241,0.9412,0.9166,0.8015,89,201,30,43,12,23,,,,,,,2026-09
Balochistan,dera bugti,Dera Bugti,8.637,8.779,15.3,6.521,167.686,169.104,283.499,114.395,,,,,,,418,332,332,10.043,8.743,6.215,18.213,15.289,9.622,0.7605,0.7001,0.568,0.8963,0.8448,0.7437,66,254,18,59,7,32,,,,,,,2026-09
Balochistan,gwadar,Gwadar,6.797,7.147,13.852,6.705,122.635,128.735,254.052,125.317,,61.31,69.65,8.34,0.18988,0.167875,313,287,287,11.677,7.14,3.875,21.189,13.859,5.845,0.7949,0.6427,0.3985,0.8742,0.7666,0.5545,75,153,23,35,9,17,,,,,,,2026-09
Balochistan,harnai,Harnai,3.035,3.276,4.236,0.96,54.057,59.709,78.107,18.398,,24.66,34.08,9.42,0.54548,0.447025,208,196,196,4.28,3.275,2.046,5.294,4.238,2.626,0.4468,0.3471,0.2355,0.5224,0.4581,0.2606,78,124,23,27,10,14,,,,,,,2026-09
Balochistan,jaffarabad,Jaffarabad,1.955,2.078,3.071,0.993,33.941,36.161,54.182,18.021,,29.99,40.93,10.94,0.4727599999999999,0.437475,616,550,550,3.11,2.068,0.802,4.231,3.044,1.334,0.2425,0.0704,0.0004,0.4264,0.248,0.0421,187,436,35,76,16,28,,,,,,,2026-09
Balochistan,jhal magsi,Jhal Magsi,4.45,4.939,7.754,2.815,82.554,91.774,139.382,47.608,,,,,,,318,298,298,7.202,4.983,2.304,12.286,7.765,3.554,0.6474,0.4981,0.159,0.8019,0.6653,0.3368,97,181,24,33,9,19,,,,,,,2026-09
Balochistan,kachhi,Kachhi,4.503,4.81,6.464,1.654,82.804,87.966,121.374,33.408,,19.29,26.7,7.41,0.6074400000000001,0.5242249999999999,497,447,447,6.275,4.803,1.86,7.805,6.452,4.565,0.5821,0.487,0.1924,0.6748,0.5841,0.4681,68,259,24,36,11,20,,,,,,,2026-09
Balochistan,kalat,Kalat,4.064,4.685,6.761,2.076,87.417,98.664,145.381,46.717,,29.1,42.23,13.13,0.4095,0.5704,616,488,488,6.386,4.697,2.324,10.55,6.761,3.655,0.5796,0.4757,0.2622,0.6709,0.5785,0.4149,156,321,46,67,19,34,,,,,,,2026-09
Balochistan,kech,Kech,2.7,2.958,4.119,1.161,51.842,56.64,77.478,20.839,,51.56,59.73,8.17,0.28756,0.3846749999999999,698,671,671,4.015,2.964,2.085,5.416,4.133,2.453,0.4421,0.3661,0.2737,0.5193,0.455,0.35,264,402,76,110,45,54,,,,,,,2026-09
Balochistan,kharan,Kharan,11.651,12.082,16.625,4.543,262.351,265.633,371.413,105.78,mountain/desert: upper bound,31.83,40.65,8.82,0.3957,0.5134000000000001,249,206,206,34.152,12.089,5.386,42.458,16.602,9.87,1.0,0.7218,0.5227,1.0,0.813,0.6925,53,169,16,28,0,0,,,,,,,2026-09
Balochistan,khuzdar,Khuzdar,7.074,8.299,11.829,3.53,140.989,164.91,230.952,66.042,,26.61,37.28,10.67,0.59348,0.718925,738,630,630,43.916,8.306,3.266,37.442,11.834,6.649,0.9944,0.7052,0.3713,0.9772,0.7458,0.5753,202,436,44,45,2,1,,,,,,,2026-09
Balochistan,killa abdullah,Killa Abdullah,3.062,3.163,6.92,3.757,69.772,70.605,144.219,73.614,,,,,,,614,546,546,4.983,3.156,1.465,8.811,6.901,3.375,0.4994,0.3728,0.15,0.6265,0.5725,0.4026,84,438,28,71,16,34,,,,,,,2026-09
Balochistan,killa saifullah,Killa Saifullah,4.741,4.919,8.969,4.049,95.965,100.699,169.487,68.788,,,,,,,306,283,283,6.85,4.962,3.211,14.244,8.983,4.34,0.6099,0.4969,0.3332,0.7674,0.673,0.4559,121,182,36,59,12,29,,,,,,,2026-09
Balochistan,kohlu,Kohlu,5.427,5.517,15.891,10.373,108.172,108.784,269.532,160.748,,28.67,28.16,-0.51,0.1946399999999999,0.17005,576,316,316,6.982,5.496,2.685,17.693,15.917,13.811,0.5972,0.5273,0.3728,0.909,0.8957,0.8707,5,305,4,53,2,22,,,,,,,2026-09
Balochistan,lasbela,Lasbela,3.336,3.596,5.672,2.076,52.684,56.217,85.955,29.739,,36.29,44.86,8.57,0.3245399999999999,0.315625,679,618,618,5.217,3.608,1.658,8.659,5.622,2.529,0.5138,0.3896,0.1354,0.6248,0.5285,0.3424,174,430,41,78,15,32,,,,,,,2026-09
Balochistan,loralai,Loralai,4.748,4.927,8.23,3.303,87.501,91.487,151.424,59.937,,25.83,51.21,25.38,0.35228,0.34575,842,742,742,7.335,4.909,2.327,11.527,8.248,4.573,0.6678,0.4919,0.2124,0.7856,0.6903,0.4658,226,525,44,73,19,28,,,,,,,2026-09
Balochistan,mastung,Mastung,2.477,2.765,3.469,0.704,45.205,50.382,66.185,15.802,,37.38,50.9,13.52,0.27484,0.376325,407,382,382,4.304,2.806,1.34,6.295,3.487,2.067,0.4385,0.2362,0.059,0.5724,0.3615,0.2066,131,253,52,46,21,21,,,,,,,2026-09
Balochistan,musakhail,Musakhail,7.101,7.231,15.859,8.629,144.239,146.527,298.653,152.126,,42.12,53.21,11.09,,,357,332,332,10.652,7.255,3.517,18.049,15.852,7.857,0.7908,0.6543,0.3407,0.8725,0.8333,0.6703,91,228,21,35,9,14,,,,,,,2026-09
Balochistan,nasirabad,Nasirabad,3.172,3.452,5.452,2.0,59.104,65.417,100.188,34.772,,21.62,31.41,9.79,0.5677399999999999,,629,523,523,4.723,3.488,1.396,8.023,5.48,2.293,0.4702,0.3378,0.0808,0.7174,0.5322,0.236,155,322,30,47,12,26,,,,,,,2026-09
Balochistan,nushki,Nushki,4.183,4.862,5.432,0.57,89.041,102.106,111.106,9.0,,48.5,57.84,9.34,0.26052,0.3940999999999999,270,261,261,6.587,4.856,2.805,8.93,5.414,3.261,0.638,0.4867,0.2703,0.7027,0.5296,0.3272,108,151,46,43,17,24,,,,,,,2026-09
Balochistan,panjgur,Panjgur,6.665,7.019,12.706,5.687,142.529,147.78,264.3,116.52,,35.02,37.18,2.16,,,440,375,375,9.378,7.01,3.939,20.066,12.708,5.625,0.6275,0.5827,0.4385,0.6674,0.647,0.5231,164,212,40,53,20,27,,,,,,,2026-09
Balochistan,pishin,Pishin,2.166,2.427,3.239,0.813,38.455,42.525,55.598,13.073,,30.88,46.58,15.7,0.20154,0.2606,1041,999,999,3.395,2.443,1.066,5.443,3.218,1.898,0.3269,0.1882,0.0369,0.5378,0.3404,0.1931,267,728,85,112,27,48,,,,,,,2026-09
Balochistan,quetta,Quetta,0.688,0.994,0.853,-0.141,12.0,12.012,12.0,-0.012,,55.39,64.25,8.86,0.18728,0.271875,592,578,578,1.218,0.986,0.592,1.054,0.83,0.693,0.0695,0.0469,0.0215,0.0855,0.0613,0.0496,217,380,135,100,79,56,,,,,,,2026-09
Balochistan,sherani,Sherani,6.6,6.669,12.758,6.089,146.025,149.444,303.641,154.197,,14.08,27.32,13.24,0.66252,,222,213,213,10.024,6.66,2.919,13.084,12.748,5.437,0.8069,0.6206,0.334,0.8593,0.8487,0.5357,39,184,8,24,5,10,,,,,,,2026-09
Balochistan,sibi,Sibi,4.137,4.261,5.751,1.49,75.391,77.128,99.92,22.791,,34.16,40.26,6.1,0.3878799999999999,,295,258,258,6.28,4.254,2.096,7.55,5.772,3.882,0.5717,0.4443,0.2607,0.6092,0.5425,0.426,125,264,45,54,24,25,,,,,,,2026-09
Balochistan,sohbatpur,Sohbatpur,1.63,1.943,2.31,0.367,27.047,33.02,39.049,6.029,,37.98,51.68,13.7,0.49528,0.66955,481,446,446,2.6,1.906,0.791,4.272,2.35,0.996,0.0736,0.0072,0.0,0.3812,0.0592,0.0135,152,254,34,42,8,20,,,,,,,2026-09
Balochistan,washuk,Washuk,17.947,18.538,30.693,12.155,409.583,420.171,665.225,245.054,mountain/desert: upper bound,22.25,32.38,10.13,0.51386,0.525775,225,200,200,21.971,18.531,13.484,34.936,30.681,19.672,0.9135,0.8856,0.8094,0.9434,0.9246,0.8797,55,122,15,31,8,16,,,,,,,2026-09
Balochistan,zhob,Zhob,6.152,6.237,22.536,16.299,123.007,123.662,425.928,302.266,mountain/desert: upper bound,38.41,50.66,12.25,,,408,366,366,11.895,6.25,3.571,26.765,22.487,8.1,0.7852,0.6079,0.3578,0.9,0.8481,0.6474,79,269,23,53,12,23,,,,,,,2026-09
Balochistan,ziarat,Ziarat,3.631,4.0,4.651,0.651,80.241,89.068,104.022,14.954,,32.64,41.25,8.61,0.55702,,297,267,267,4.854,4.011,2.115,7.454,4.633,3.419,0.4816,0.4039,0.1731,0.6319,0.4741,0.3424,90,170,30,29,11,19,,,,,,,2026-09
Gilgit-Baltistan,astor,Astor,5.645,5.722,6.872,1.15,,,,,GB: friction unreliable (1.5 km/h implied) - shape only,,,,,,162,152,126,7.02,5.754,4.85,10.698,6.89,5.534,0.6728,0.5685,0.4872,0.7653,0.6446,0.5476,41,87,27,38,13,18,,,,,,,2026-09
Gilgit-Baltistan,diamir,Diamir,7.255,7.688,8.279,0.591,,,,,GB: friction unreliable (1.5 km/h implied) - shape only,,,,,,437,424,247,8.117,7.742,5.32,30.893,8.261,7.093,0.7301,0.7072,0.5243,0.9785,0.7411,0.6755,59,188,17,37,1,23,,,,,,,2026-09
Gilgit-Baltistan,ghanchi,Ghanchi,2.543,2.73,4.024,1.295,,,,,GB: friction unreliable (1.5 km/h implied) - shape only,,,,,,208,208,152,3.203,2.744,2.242,6.227,4.058,3.477,0.3356,0.3023,0.2586,0.563,0.4283,0.3833,44,108,26,56,15,34,,,,,,,2026-09
Gilgit-Baltistan,ghizer,Ghizer,5.252,5.346,7.266,1.92,,,,,GB: friction unreliable (1.5 km/h implied) - shape only,,,,,,202,190,113,5.662,5.309,4.548,8.847,7.254,5.818,0.561,0.528,0.4618,0.7309,0.6469,0.5649,34,79,22,47,14,31,,,,,,,2026-09
Gilgit-Baltistan,gilgit,Gilgit,3.393,3.509,3.581,0.072,,,,,GB: friction unreliable (1.5 km/h implied) - shape only,,,,,,201,170,139,4.168,3.498,2.901,4.901,3.52,3.276,0.4435,0.3798,0.3096,0.4917,0.3775,0.3602,81,57,42,30,19,14,,,,,,,2026-09
Gilgit-Baltistan,hunza nagar,Hunza Nagar,5.103,6.035,6.262,0.227,,,,,GB: friction unreliable (1.5 km/h implied) - shape only,,,,,,137,131,115,7.085,6.055,5.133,6.706,6.286,4.264,0.5738,0.5463,0.5053,0.5676,0.5469,0.4596,63,52,34,33,16,15,,,,,,,2026-09
Gilgit-Baltistan,skardu,Skardu,4.259,4.454,6.212,1.758,,,,,GB: friction unreliable (1.5 km/h implied) - shape only,,,,,,543,513,463,5.583,4.455,3.398,7.217,6.191,5.007,0.5503,0.454,0.3536,0.6484,0.5883,0.5013,148,316,73,124,43,55,,,,,,,2026-09
Islamabad (ICT),islamabad,Islamabad,2.178,2.757,2.54,-0.217,28.971,36.0,33.941,-2.059,,84.68,83.13,-1.55,0.01822,0.2092499999999999,130,130,78,,2.773,2.773,3.109,2.593,2.593,,0.2458,0.2458,0.3475,0.2358,0.2358,48,28,46,27,25,17,,,,,,,2026-09
KP (settled),abbottabad,Abbottabad,0.93,1.205,1.307,0.102,14.938,16.971,20.665,3.694,,86.56,87.8,1.24,0.0706,0.148425,1640,1638,1632,1.617,1.175,0.639,1.703,1.312,0.688,0.0006,0.0,0.0,0.0357,0.0011,0.0,696,907,144,164,69,90,,,,,,,2026-09
KP (settled),bannu,Bannu,0.835,1.052,1.069,0.017,12.857,15.766,15.953,0.186,,39.2,61.45,22.25,0.20686,0.357325,1478,1476,1416,1.392,1.082,0.515,1.463,1.1,0.555,0.0729,0.0369,0.0213,0.0969,0.0897,0.0329,676,757,136,136,66,75,,,,,,,2026-09
KP (settled),batagram,Batagram,1.519,1.622,2.788,1.166,44.969,47.968,71.917,23.949,,41.16,64.28,23.12,0.33524,0.31735,794,794,792,2.021,1.62,0.658,4.571,2.781,1.128,0.1712,0.1458,0.072,0.4501,0.2897,0.0999,272,575,32,72,11,44,,,,,,,2026-09
KP (settled),buner,Buner,1.261,1.392,1.956,0.564,25.021,27.29,37.113,9.822,,50.34,74.73,24.39,0.36142,,869,869,863,1.742,1.374,0.775,2.821,1.959,1.177,0.0147,0.0018,0.0,0.1757,0.0465,0.001,264,572,73,141,34,85,,,,,,,2026-09
KP (settled),charsadda,Charsadda,0.904,1.049,1.201,0.152,12.0,12.0,15.117,3.117,,64.74,75.62,10.88,0.18792,,1178,1178,1175,1.258,1.039,0.547,1.622,1.213,0.604,0.0006,0.0003,0.0,0.0223,0.0011,0.0,584,649,111,146,60,95,,,,,,,2026-09
KP (settled),chitral,Chitral,2.592,2.755,4.11,1.355,106.084,112.461,158.008,45.547,,80.79,85.01,4.22,0.1992,0.211425,781,781,780,3.311,2.756,1.588,6.166,4.099,2.413,0.3055,0.2559,0.1475,0.5954,0.4216,0.2586,238,536,60,109,25,70,,,,,,,2026-09
KP (settled),dera ismail khan,Dera Ismail Khan,1.83,1.992,2.797,0.805,29.485,32.077,44.869,12.792,,,,,,,1580,1580,1566,2.702,1.995,1.147,3.835,2.794,1.48,0.2659,0.1327,0.0436,0.4056,0.31,0.0864,582,964,128,216,66,111,,,,,,,2026-09
KP (settled),hangu,Hangu,1.856,2.036,3.48,1.444,29.938,32.138,58.03,25.893,,38.47,71.52,33.05,0.30368,0.2219,396,396,380,2.506,2.016,1.151,5.194,3.491,1.553,0.088,0.0573,0.0091,0.5138,0.3224,0.0348,124,228,25,46,11,30,,,,,,,2026-09
KP (settled),haripur,Haripur,1.062,1.324,1.342,0.018,16.971,19.947,19.469,-0.478,,84.0,87.36,3.36,0.11342,0.2234749999999999,1172,1172,1171,1.605,1.318,0.743,1.798,1.33,0.873,0.0076,0.0006,0.0,0.0666,0.0127,0.0,470,650,119,146,62,85,,,,,,,2026-09
KP (settled),karak,Karak,1.663,1.816,2.625,0.81,24.317,27.24,38.32,11.08,,63.81,79.27,15.46,0.11626,0.2336,949,949,945,2.252,1.803,0.993,3.522,2.641,1.243,0.0971,0.0556,0.0237,0.3353,0.2036,0.059,411,545,66,119,35,70,,,,,,,2026-09
KP (settled),kohat,Kohat,1.719,1.989,2.235,0.246,28.971,32.173,36.622,4.449,,55.8,80.34,24.54,0.2392999999999999,0.27215,859,859,858,2.388,1.98,1.188,3.677,2.253,1.394,0.2001,0.1282,0.0844,0.3913,0.2366,0.1097,377,468,87,106,40,71,,,,,,,2026-09
KP (settled),kohistan,Kohistan,3.694,3.712,10.725,7.013,278.479,279.715,610.867,331.152,mountain/desert: upper bound,12.11,26.13,14.02,0.72098,0.463475,908,908,889,5.757,3.723,2.15,21.117,10.784,2.953,0.5481,0.3969,0.253,0.9492,0.7426,0.2982,243,628,15,96,1,37,,,,,,,2026-09
KP (settled),lakki marwat,Lakki Marwat,1.723,1.913,2.548,0.635,25.274,28.995,36.0,7.005,,,,,,,1079,1079,1077,2.426,1.916,1.043,4.073,2.552,1.435,0.1038,0.0499,0.0129,0.4089,0.1965,0.0335,370,676,74,119,28,71,,,,,,,2026-09
KP (settled),lower dir,Lower Dir,1.011,1.193,1.265,0.072,16.971,19.766,20.639,0.872,,,,,,,1551,1551,1550,1.422,1.175,0.6,1.662,1.301,0.73,0.0114,0.0049,0.0,0.0586,0.0169,0.0028,583,881,130,175,77,105,,,,,,,2026-09
KP (settled),malakand,Malakand,1.0,1.182,1.229,0.047,15.637,17.905,18.078,0.173,,75.53,81.26,5.73,0.1453,0.23165,702,702,702,1.517,1.181,0.624,1.582,1.208,0.721,0.0027,0.0008,0.0,0.0291,0.005,0.0,296,385,68,77,37,47,,,,,,,2026-09
KP (settled),mansehra,Mansehra,1.1,1.295,1.575,0.28,20.7,25.322,29.515,4.193,,72.67,84.23,11.56,0.1379599999999999,0.1715249999999999,2127,2127,2114,1.757,1.302,0.651,2.235,1.569,0.809,0.0683,0.0539,0.0356,0.1606,0.0723,0.0428,782,1338,150,229,70,119,,,,,,,2026-09
KP (settled),mardan,Mardan,0.848,1.08,1.062,-0.018,12.0,13.333,13.375,0.042,,66.14,77.59,11.45,0.1509,0.3003,1828,1825,1800,1.276,1.055,0.513,1.306,1.051,0.624,0.009,0.002,0.0,0.0122,0.0079,0.0,773,968,199,200,117,131,,,,,,,2026-09
KP (settled),nowshera,Nowshera,1.117,1.219,1.378,0.159,15.097,16.971,17.593,0.622,,66.89,79.33,12.44,0.1504599999999999,0.2372249999999999,1029,1029,1029,1.453,1.241,0.779,1.875,1.392,0.86,0.0155,0.006,0.0002,0.0394,0.024,0.0051,438,529,99,133,55,90,,,,,,,2026-09
KP (settled),peshawar,Peshawar,0.809,1.062,1.077,0.015,12.0,12.0,12.0,0.0,,55.82,73.22,17.4,0.13672,0.184875,1404,1404,1400,1.25,1.05,0.589,1.479,1.083,0.686,0.0268,0.0162,0.0106,0.0856,0.0423,0.0117,648,801,170,193,92,114,,,,,,,2026-09
KP (settled),shangla,Shangla,1.454,1.515,2.649,1.133,52.433,53.545,88.968,35.423,mountain/desert: upper bound,34.89,58.32,23.43,0.3609400000000001,0.379725,739,739,736,2.012,1.506,0.793,4.029,2.643,1.335,0.0473,0.0235,0.0046,0.3709,0.1586,0.004,217,560,37,106,15,58,,,,,,,2026-09
KP (settled),swabi,Swabi,0.955,1.123,1.214,0.09,12.73,16.971,16.971,0.0,,66.98,80.77,13.79,0.1627199999999999,0.259,1310,1310,1309,1.334,1.111,0.623,1.548,1.232,0.787,0.0029,0.0,0.0,0.0235,0.0008,0.0,547,722,128,164,72,103,,,,,,,2026-09
KP (settled),swat,Swat,1.23,1.384,1.807,0.423,23.921,26.715,32.031,5.316,,57.63,75.24,17.61,0.2224,0.2687,1641,1641,1638,1.74,1.383,0.775,2.497,1.837,0.954,0.098,0.0729,0.0441,0.2354,0.1473,0.0587,631,1001,108,193,60,116,,,,,,,2026-09
KP (settled),tank,Tank,2.381,2.864,3.283,0.419,34.837,42.277,50.316,8.039,,33.12,57.43,24.31,0.29666,0.294375,451,451,421,3.807,2.864,1.372,5.127,3.288,1.568,0.3614,0.205,0.0965,0.5133,0.2965,0.0934,176,240,29,41,12,21,,,,,,,2026-09
KP (settled),tor ghar,Tor Ghar,1.645,1.664,5.338,3.674,67.149,67.664,177.888,110.224,mountain/desert: upper bound,,,,,,240,240,238,2.633,1.678,0.823,7.385,5.355,1.337,0.1527,0.0059,0.0,0.8028,0.5421,0.0012,57,158,3,28,1,11,,,,,,,2026-09
KP (settled),upper dir,Upper Dir,1.632,1.763,2.716,0.954,48.509,51.42,76.217,24.797,mountain/desert: upper bound,,,,,,984,984,980,2.215,1.764,0.887,3.521,2.72,1.39,0.1608,0.1352,0.0919,0.3594,0.2622,0.123,316,772,64,131,35,75,,,,,,,2026-09
Punjab,attock,Attock,2.111,2.279,2.407,0.129,33.756,35.981,37.17,1.189,,80.81,82.22,1.41,0.03058,0.23975,850,850,850,2.807,2.301,1.984,3.144,2.423,1.833,0.1828,0.11,0.0638,0.2473,0.1246,0.0573,471,413,227,226,121,149,,,,,,,2026-09
Punjab,bahawalnagar,Bahawalnagar,3.124,3.509,4.122,0.613,48.008,54.039,64.126,10.087,,66.07,65.11,-0.96,0.2498399999999999,0.3320749999999999,1589,1589,1589,4.668,3.521,2.376,5.585,4.152,2.566,0.4688,0.3213,0.2144,0.5541,0.413,0.2191,848,741,316,265,124,133,,,,,,,2026-09
Punjab,bahawalpur,Bahawalpur,2.5,3.132,3.025,-0.107,40.163,51.09,47.057,-4.033,,59.19,59.44,0.25,0.21486,0.3537,1305,1156,1156,4.318,3.098,2.492,4.24,3.023,2.173,0.4165,0.239,0.155,0.4261,0.2625,0.1744,542,614,217,201,82,100,,,,,,,2026-09
Punjab,bhakkar,Bhakkar,2.511,2.934,3.141,0.207,38.77,45.397,49.894,4.497,,67.75,74.05,6.3,0.1984,0.428725,967,967,967,4.303,2.934,2.157,5.088,3.138,2.248,0.4203,0.1952,0.1144,0.5084,0.2633,0.1592,469,508,175,189,63,95,,,,,,,2026-09
Punjab,chakwal,Chakwal,2.065,2.384,2.323,-0.061,32.456,37.885,36.893,-0.992,,83.87,85.63,1.76,0.0401199999999999,0.2546,827,827,827,2.672,2.393,2.037,2.834,2.308,1.928,0.1423,0.0745,0.0466,0.185,0.099,0.0609,455,372,252,226,155,161,,,,,,,2026-09
Punjab,chiniot,Chiniot,2.588,3.104,3.193,0.089,36.0,44.318,45.941,1.623,,67.49,73.77,6.28,0.2012999999999999,0.433825,551,551,551,3.873,3.056,2.286,4.607,3.163,2.125,0.3405,0.2044,0.0899,0.4408,0.2473,0.0391,307,248,104,96,39,52,,,,,,,2026-09
Punjab,dera ghazi khan,Dera Ghazi Khan,3.256,3.465,3.729,0.263,48.802,52.014,55.443,3.429,,,,,,,1217,915,915,4.013,3.452,2.217,4.456,3.786,2.531,0.3716,0.2801,0.1473,0.4273,0.3289,0.2265,405,534,109,144,51,75,,,,,,,2026-09
Punjab,faisalabad,Faisalabad,1.263,1.657,1.439,-0.218,16.971,24.0,20.715,-3.285,,79.57,79.46,-0.11,0.09382,0.280175,1933,1667,1667,2.176,1.676,1.306,1.831,1.448,1.268,0.0564,0.0244,0.0085,0.0683,0.0194,0.0084,843,802,521,352,265,211,,,,,,,2026-09
Punjab,gujranwala,Gujranwala,1.302,1.715,1.457,-0.257,16.971,24.0,18.883,-5.117,,81.37,76.33,-5.04,0.0430199999999999,0.26895,1197,1011,1011,2.154,1.73,1.379,1.95,1.461,1.119,0.0409,0.0117,0.0028,0.0234,0.0024,0.0,583,428,283,215,148,132,,,,,,,2026-09
Punjab,gujrat,Gujrat,1.26,1.682,1.444,-0.238,17.147,25.303,20.467,-4.836,,87.21,82.31,-4.9,0.03962,0.2458749999999999,1067,1067,1067,1.982,1.696,1.322,1.733,1.443,1.062,0.0205,0.0025,0.0002,0.0171,0.0074,0.0006,645,429,300,248,189,174,,,,,,,2026-09
Punjab,hafizabad,Hafizabad,1.721,2.056,1.954,-0.103,24.224,28.971,28.971,0.0,,79.17,76.18,-2.99,0.08634,0.3094499999999999,533,533,533,2.617,2.065,1.373,2.861,1.934,1.3,0.1158,0.0256,0.0,0.184,0.035,0.0015,268,265,106,92,43,48,,,,,,,2026-09
Punjab,jhang,Jhang,2.376,2.954,2.859,-0.095,37.732,46.351,45.571,-0.779,,69.64,74.8,5.16,0.18648,0.4367,1256,1231,1231,3.881,2.942,2.247,3.98,2.856,1.836,0.3555,0.1904,0.1065,0.3625,0.1837,0.0492,743,497,186,202,98,120,,,,,,,2026-09
Punjab,jhelum,Jhelum,1.649,2.122,1.828,-0.294,26.434,33.192,28.971,-4.222,,86.73,86.4,-0.33,0.04662,,556,511,511,2.332,2.074,1.743,2.417,1.819,1.47,0.0944,0.0571,0.0371,0.1465,0.068,0.035,330,202,163,125,88,86,,,,,,,2026-09
Punjab,kasur,Kasur,1.732,2.184,1.992,-0.192,24.0,28.971,28.971,0.0,,76.12,74.62,-1.5,0.14666,0.294475,1111,1111,1111,2.678,2.163,1.589,2.66,1.988,1.568,0.1462,0.0573,0.0149,0.1609,0.0806,0.0173,548,563,260,237,151,147,,,,,,,2026-09
Punjab,khanewal,Khanewal,2.412,3.064,2.611,-0.452,36.133,45.941,40.929,-5.012,,69.88,73.08,3.2,0.2129599999999999,0.368425,1033,1033,1033,3.895,3.043,2.878,4.548,2.618,2.248,0.3697,0.2259,0.2146,0.4562,0.2053,0.1516,603,423,338,284,125,146,,,,,,,2026-09
Punjab,khushab,Khushab,2.669,2.778,3.343,0.566,42.575,44.214,53.649,9.435,,74.8,79.85,5.05,0.1306,0.316225,664,664,664,3.535,2.785,2.289,4.12,3.324,2.742,0.303,0.1365,0.096,0.4047,0.2694,0.1856,272,392,119,158,80,88,,,,,,,2026-09
Punjab,lahore,Lahore,1.689,2.268,1.889,-0.379,24.0,28.971,24.443,-4.528,,78.99,76.28,-2.71,0.0311,0.2396749999999999,1028,569,569,3.313,2.248,1.753,2.552,1.918,1.532,0.2595,0.077,0.0072,0.1076,0.0243,0.0041,296,273,161,110,70,66,,,,,,,2026-09
Punjab,layyah,Layyah,2.045,2.565,2.261,-0.304,29.1,36.0,32.173,-3.827,,73.88,78.56,4.68,0.14062,0.3895749999999999,1223,1223,1223,3.142,2.547,1.686,3.112,2.249,1.623,0.2062,0.1319,0.0597,0.2269,0.1232,0.0779,568,656,233,191,101,99,,,,,,,2026-09
Punjab,lodhran,Lodhran,2.122,2.489,2.489,0.0,29.1,35.636,36.0,0.364,,60.62,62.68,2.06,0.22976,0.306775,632,632,632,3.387,2.517,1.88,3.88,2.525,1.738,0.2487,0.1082,0.0333,0.3521,0.1336,0.0444,357,280,132,136,57,71,,,,,,,2026-09
Punjab,mandi bahauddin,Mandi Bahauddin,1.587,2.008,1.715,-0.294,19.567,28.971,24.0,-4.971,,,,,,,661,647,647,2.429,1.999,1.565,2.03,1.706,1.408,0.0952,0.0169,0.0024,0.0534,0.0156,0.0011,363,284,185,132,104,91,,,,,,,2026-09
Punjab,mianwali,Mianwali,2.482,2.829,3.346,0.516,37.211,43.904,50.912,7.007,,67.09,78.88,11.79,0.181,0.3258,990,990,990,3.668,2.828,2.227,4.495,3.316,2.295,0.3028,0.1794,0.1167,0.4424,0.2795,0.1424,553,479,142,194,69,114,,,,,,,2026-09
Punjab,multan,Multan,2.925,4.413,3.227,-1.186,37.499,57.941,41.164,-16.777,,66.18,69.58,3.4,0.16064,0.307375,1097,726,726,9.402,4.407,2.642,6.818,3.274,2.401,0.7781,0.4196,0.1042,0.7261,0.1894,0.0751,412,313,113,120,27,63,,,,,,,2026-09
Punjab,muzaffargarh,Muzaffargarh,2.472,2.856,3.221,0.365,38.488,45.362,50.609,5.246,,51.84,58.58,6.74,0.3619199999999999,0.44165,1456,1419,1419,3.63,2.854,1.872,4.962,3.221,1.992,0.3041,0.1872,0.0598,0.4963,0.2494,0.0964,639,780,170,234,73,124,,,,,,,2026-09
Punjab,nankana sahib,Nankana Sahib,2.116,2.775,2.512,-0.263,28.971,37.447,33.97,-3.477,,,,,,,621,621,621,3.554,2.76,1.719,3.691,2.477,1.633,0.285,0.1153,0.0075,0.3532,0.1262,0.0134,295,328,135,115,61,60,,,,,,,2026-09
Punjab,narowal,Narowal,1.329,1.715,1.531,-0.184,16.971,24.0,16.971,-7.029,,86.29,83.96,-2.33,0.07366,0.277125,956,956,956,2.204,1.701,1.321,1.991,1.548,1.042,0.0467,0.0204,0.011,0.0426,0.0264,0.01,612,344,197,161,108,98,,,,,,,2026-09
Punjab,okara,Okara,1.82,2.174,2.149,-0.025,28.971,32.226,32.715,0.489,,72.76,73.31,0.55,0.13276,0.27155,1112,1112,1112,2.703,2.156,1.657,3.432,2.152,1.635,0.1616,0.0651,0.0296,0.3067,0.081,0.0332,556,552,277,237,124,154,,,,,,,2026-09
Punjab,pakpattan,Pakpattan,1.778,2.029,2.131,0.101,28.971,31.56,33.197,1.637,,69.55,72.15,2.6,0.21292,0.2912749999999999,692,692,692,2.716,2.046,1.432,3.517,2.156,1.434,0.1457,0.087,0.0367,0.3108,0.1355,0.0654,303,376,137,136,51,84,,,,,,,2026-09
Punjab,rahim yar khan,Rahim Yar Khan,2.193,2.591,2.54,-0.051,33.649,40.971,39.531,-1.44,,,,,,,2093,2093,2093,3.326,2.593,1.891,3.912,2.552,1.86,0.2679,0.1387,0.0998,0.3604,0.1626,0.0845,1042,1069,308,346,138,201,,,,,,,2026-09
Punjab,rajanpur,Rajanpur,3.25,3.652,4.194,0.542,53.217,60.096,69.157,9.061,,38.9,47.78,8.88,0.3754999999999999,0.426625,775,775,775,4.372,3.664,2.461,5.311,4.185,2.631,0.4327,0.3508,0.1974,0.5257,0.4249,0.2497,337,495,71,121,38,72,,,,,,,2026-09
Punjab,rawalpindi,Rawalpindi,1.552,2.08,1.705,-0.375,22.385,28.971,24.0,-4.971,,83.78,82.53,-1.25,0.0292,0.2275249999999999,1445,1445,1445,2.41,2.089,1.577,2.221,1.693,1.338,0.0858,0.062,0.0228,0.0886,0.0321,0.0116,846,642,432,360,273,258,,,,,,,2026-09
Punjab,sahiwal,Sahiwal,2.729,3.278,2.946,-0.332,39.388,46.058,42.561,-3.498,,70.53,75.04,4.51,0.14756,0.2806499999999999,944,944,944,4.483,3.215,2.449,3.942,2.947,2.344,0.432,0.2295,0.1161,0.3721,0.1765,0.1122,486,470,292,233,171,143,,,,,,,2026-09
Punjab,sargodha,Sargodha,1.48,1.852,1.6,-0.252,18.102,26.214,22.038,-4.177,,80.35,79.44,-0.91,0.10266,0.335725,1455,1455,1455,2.276,1.86,1.487,2.092,1.618,1.302,0.0764,0.0308,0.0061,0.1037,0.0246,0.003,803,647,409,328,238,207,,,,,,,2026-09
Punjab,sheikhupura,Sheikhupura,1.679,2.116,2.055,-0.061,24.0,28.971,28.971,0.0,,77.0,75.18,-1.82,0.0981599999999999,0.2941,910,910,910,3.321,2.133,1.484,2.934,2.032,1.605,0.2322,0.0346,0.0037,0.1824,0.0412,0.0154,417,493,239,179,100,92,,,,,,,2026-09
Punjab,sialkot,Sialkot,1.286,1.771,1.408,-0.363,24.0,30.1,24.323,-5.777,,88.57,85.4,-3.17,0.03714,0.2640499999999999,1278,1278,1278,2.255,1.781,1.259,1.844,1.409,0.986,0.0759,0.012,0.005,0.0218,0.0014,0.001,843,435,377,219,211,138,,,,,,,2026-09
Punjab,toba tek singh,Toba Tek Singh,1.551,2.079,1.666,-0.413,22.272,28.971,24.0,-4.971,,,,,,,1024,1024,1024,2.536,2.076,1.514,2.504,1.636,1.349,0.0997,0.0548,0.0057,0.146,0.025,0.0101,568,469,327,205,162,113,,,,,,,2026-09
Punjab,vehari,Vehari,1.551,2.008,1.73,-0.279,21.318,28.971,24.0,-4.971,,66.24,67.88,1.64,0.22876,0.361675,1101,1101,1101,2.631,1.998,1.344,2.616,1.717,1.345,0.1337,0.0589,0.0126,0.2063,0.0902,0.0474,538,570,297,217,136,123,,,,,,,2026-09
Sindh,badin,Badin,2.063,2.154,5.039,2.885,34.283,36.682,82.893,46.212,,29.63,46.49,16.86,0.46222,0.512675,2827,2827,2724,3.646,2.165,0.688,8.042,5.049,2.097,0.3085,0.0775,0.0048,0.7376,0.5048,0.0867,319,2378,52,254,16,77,2.79,2.13,0.66,2.17,2.12,0.04,2026-09
Sindh,dadu,Dadu,1.652,1.743,3.051,1.308,25.204,27.404,47.614,20.21,,47.93,56.93,9.0,0.28276,0.3633249999999999,1716,1715,1669,2.566,1.756,0.682,4.333,3.055,1.564,0.2136,0.1209,0.0692,0.4293,0.2779,0.1274,282,1376,65,223,28,75,1.76,1.75,0.01,1.66,1.72,-0.06,2026-09
Sindh,ghotki,Ghotki,1.383,1.416,3.666,2.249,20.783,21.356,55.755,34.399,,31.79,55.47,23.68,0.34958,0.39815,1746,1743,1678,3.051,1.378,0.636,8.041,3.698,1.678,0.2284,0.0643,0.0443,0.6993,0.3637,0.127,225,1484,48,264,6,47,1.48,1.42,0.06,1.4,1.42,-0.02,2026-09
Sindh,hyderabad,Hyderabad,0.626,0.702,0.806,0.103,12.0,12.0,12.0,0.0,,65.68,66.72,1.04,0.10604,0.152225,899,899,878,0.978,0.699,0.421,1.031,0.818,0.548,0.0411,0.0061,0.0005,0.1312,0.0472,0.0081,237,617,79,149,34,64,0.64,0.69,-0.05,0.6,0.6,-0.0,2026-09
Sindh,jacobabad,Jacobabad,1.776,1.856,3.456,1.6,29.706,30.962,57.289,26.327,,30.07,45.29,15.22,0.3350199999999999,0.3693999999999999,1318,1318,1281,3.038,1.836,0.655,5.931,3.478,1.68,0.2295,0.0539,0.0,0.5696,0.2992,0.0659,222,1120,53,158,14,43,1.92,1.87,0.05,1.77,1.81,-0.04,2026-09
Sindh,jamshoro,Jamshoro,1.84,1.915,3.064,1.149,28.668,29.006,45.941,16.935,,49.19,52.05,2.86,0.37288,0.36625,848,848,782,2.926,1.935,0.963,4.914,3.174,1.63,0.3146,0.2197,0.097,0.4966,0.3666,0.2456,164,588,40,136,14,37,1.99,1.88,0.11,1.95,1.92,0.03,2026-09
Sindh,kambar shahdadkot,Kambar-Shahdadkot,1.707,1.738,3.251,1.513,28.971,29.261,53.978,24.717,,,,,,,1485,1484,1454,2.754,1.729,0.684,4.984,3.256,1.454,0.229,0.1228,0.0608,0.4994,0.308,0.1028,273,1207,59,191,15,51,1.74,1.74,0.0,1.71,1.71,0.0,2026-09
Sindh,karachi central,Karachi Central,0.34,0.387,0.466,0.079,0.0,0.0,0.0,0.0,,,,,,,333,333,333,0.463,0.426,0.363,0.553,0.503,0.458,0.0,0.0,0.0,0.0,0.0,0.0,103,230,53,88,45,59,0.35,0.35,0.0,0.35,0.36,-0.01,2026-09
Sindh,karachi east,Karachi East,0.63,0.721,0.994,0.273,12.0,12.0,12.0,0.0,,,,,,,181,181,181,0.884,0.714,0.602,0.955,0.937,0.872,0.0,0.0,0.0,0.0,0.0,0.0,54,109,39,48,33,32,0.64,0.72,-0.08,0.73,0.75,-0.02,2026-09
Sindh,karachi south,Karachi South,0.509,0.682,0.711,0.03,0.0,12.0,12.0,0.0,,,,,,,136,136,136,0.891,0.655,0.595,0.77,0.764,0.626,0.0,0.0,0.0,0.0,0.0,0.0,50,98,33,53,27,35,0.58,0.6,-0.02,0.63,0.67,-0.04,2026-09
Sindh,karachi west,Karachi West,0.455,0.527,0.941,0.414,0.0,0.0,12.67,12.67,,,,,,,177,177,177,0.812,0.572,0.315,1.168,0.855,0.619,0.0,0.0,0.0,0.0,0.0,0.0,16,79,7,23,4,13,0.6,0.51,0.08,0.5,0.43,0.06,2026-09
Sindh,kashmore,Kashmore,1.436,1.466,3.359,1.894,23.874,24.0,56.345,32.345,,23.75,35.83,12.08,0.4126399999999999,0.404375,1426,1423,1374,2.453,1.458,0.615,5.377,3.339,1.684,0.2072,0.0645,0.0096,0.5238,0.327,0.1043,192,1123,34,168,11,44,1.5,1.46,0.04,1.47,1.47,0.0,2026-09
Sindh,keamari,Keamari,0.832,0.912,1.501,0.588,12.0,12.0,19.46,7.46,,54.26,58.29,4.03,,0.1397749999999999,198,198,196,1.092,0.872,0.607,1.548,1.492,0.961,0.055,0.0389,0.0,0.1035,0.1035,0.0907,42,159,16,48,10,32,0.93,0.87,0.07,0.82,0.84,-0.03,2026-09
Sindh,khairpur,Khairpur,1.291,1.348,2.537,1.188,18.004,18.782,36.357,17.575,,48.27,62.45,14.18,0.3218,0.46235,3234,3234,3087,2.167,1.336,0.575,3.993,2.528,1.292,0.1129,0.0657,0.0359,0.3921,0.1772,0.0843,562,2537,132,397,40,133,1.58,1.35,0.22,1.29,1.33,-0.04,2026-09
Sindh,korangi,Korangi,0.585,0.634,0.928,0.294,12.0,12.0,12.406,0.406,,67.02,66.11,-0.91,,0.09325,221,221,221,0.74,0.655,0.5,1.087,0.919,0.787,0.0,0.0,0.0,0.0,0.0,0.0,62,159,34,66,24,46,0.69,0.62,0.07,0.58,0.6,-0.02,2026-09
Sindh,larkana,Larkana,1.007,1.096,1.584,0.488,14.043,15.147,22.925,7.778,,49.18,60.61,11.43,0.2185399999999999,0.3509,1212,1212,1202,1.899,1.08,0.523,2.781,1.573,0.95,0.0515,0.009,0.0001,0.2234,0.0718,0.0114,260,878,82,204,27,56,1.09,1.1,-0.0,1.01,1.06,-0.05,2026-09
Sindh,malir,Malir,1.175,1.266,1.827,0.561,16.971,19.801,28.971,9.169,,56.31,57.82,1.51,,0.0784,590,590,552,1.636,1.27,0.776,2.443,1.83,1.549,0.1147,0.061,0.0203,0.2295,0.1491,0.1151,126,510,61,123,26,68,1.21,1.27,-0.06,1.23,1.14,0.09,2026-09
Sindh,matiari,Matiari,1.327,1.406,2.792,1.386,16.971,16.971,36.742,19.771,,44.79,54.58,9.79,0.2902,0.4259,902,902,852,2.226,1.432,0.62,3.579,2.772,1.388,0.0494,0.0214,0.0075,0.3076,0.1871,0.0415,139,661,30,126,15,37,2.75,1.41,1.34,1.34,1.38,-0.03,2026-09
Sindh,mirpurkhas,Mirpurkhas,1.448,1.55,2.736,1.186,20.612,23.508,41.259,17.752,,39.65,56.78,17.13,0.424,0.374525,1922,1922,1806,2.667,1.554,0.63,4.532,2.737,1.397,0.1144,0.0048,0.0,0.447,0.2134,0.0136,316,1504,80,244,28,79,1.56,1.49,0.07,1.49,1.5,-0.01,2026-09
Sindh,naushehro feroze,Naushehro Feroze,1.142,1.192,2.6,1.408,18.483,19.262,41.658,22.396,,,,,,,2196,2196,2139,2.435,1.194,0.527,4.228,2.614,1.28,0.0992,0.0134,0.0019,0.4102,0.1466,0.0311,319,1757,78,319,19,63,1.31,1.19,0.12,1.17,1.19,-0.03,2026-09
Sindh,sajawal,Sajawal,3.2,3.337,7.255,3.919,56.282,57.63,121.244,63.614,,17.96,30.97,13.01,0.5523800000000001,,1279,1279,1213,4.817,3.333,0.999,10.525,7.239,3.113,0.4819,0.2923,0.1084,0.8294,0.6621,0.3051,135,1071,22,80,7,31,3.81,3.34,0.47,3.6,3.3,0.3,2026-09
Sindh,sanghar,Sanghar,1.753,1.813,3.821,2.008,26.889,28.674,56.668,27.994,,36.09,49.67,13.58,0.34104,0.4469249999999999,2619,2619,2486,3.104,1.814,0.637,5.643,3.813,1.793,0.2372,0.0896,0.0316,0.5479,0.375,0.1447,360,2343,88,305,26,86,2.53,1.8,0.74,1.84,1.82,0.02,2026-09
Sindh,shaheed benazirabad,Shaheed Benazirabad,1.291,1.376,3.153,1.777,19.335,20.29,48.011,27.721,,,,,,,2610,2610,2552,2.698,1.352,0.56,4.732,3.15,1.269,0.155,0.0289,0.0111,0.4688,0.2498,0.0323,471,2120,88,313,39,81,1.52,1.36,0.16,1.33,1.34,-0.01,2026-09
Sindh,shikarpur,Shikarpur,1.443,1.482,2.715,1.233,20.633,21.559,39.152,17.593,,32.67,41.11,8.44,0.33186,0.456725,1232,1232,1190,2.569,1.488,0.595,3.859,2.699,1.341,0.139,0.0348,0.0,0.3724,0.2094,0.0287,215,979,63,164,21,45,1.56,1.49,0.07,1.49,1.5,-0.01,2026-09
Sindh,sukkur,Sukkur,1.037,1.126,1.566,0.439,12.0,15.454,19.911,4.457,,47.5,59.74,12.24,0.2547,0.3212,1170,1170,1136,1.828,1.15,0.568,2.304,1.602,0.976,0.1483,0.072,0.0205,0.2579,0.1947,0.0836,206,933,73,178,29,58,1.33,1.13,0.21,1.08,1.12,-0.05,2026-09
Sindh,tando allah yar,Tando Allah Yar,1.379,1.491,2.701,1.209,16.971,18.583,38.882,20.299,,,,,,,768,767,734,2.234,1.505,0.653,3.989,2.692,1.435,0.0618,0.0064,0.0,0.3696,0.1888,0.0167,132,635,33,123,13,47,1.46,1.47,-0.01,1.42,1.45,-0.03,2026-09
Sindh,tando muhammad khan,Tando Muhammad Khan,1.575,1.684,3.791,2.107,24.128,26.495,62.042,35.547,,,,,,,989,989,927,2.571,1.679,0.64,4.857,3.787,1.677,0.1435,0.0146,0.0,0.4852,0.371,0.0457,125,770,23,102,12,39,1.72,1.7,0.03,1.65,1.67,-0.02,2026-09
Sindh,tharparkar,Tharparkar,2.702,2.73,10.478,7.748,37.9,38.572,148.32,109.748,,29.31,47.4,18.09,0.7748400000000001,0.598275,3815,3807,3602,6.577,2.742,1.264,22.422,10.471,3.375,0.6533,0.1325,0.0092,0.9562,0.822,0.2805,450,3170,52,476,7,87,4.68,2.73,1.95,2.72,2.74,-0.02,2026-09
Sindh,thatta,Thatta,2.786,2.936,5.949,3.013,42.384,45.381,91.14,45.76,,21.16,26.77,5.61,0.4605799999999999,0.4803499999999999,1099,1099,1044,4.488,2.932,1.173,8.893,5.912,3.174,0.4498,0.2416,0.0647,0.6909,0.569,0.3291,153,866,36,110,16,41,3.03,2.91,0.13,2.9,2.87,0.03,2026-09
Sindh,umerkot,Umerkot,1.707,1.751,3.986,2.236,25.055,26.374,57.941,31.567,,34.53,53.94,19.41,0.4923599999999999,0.585325,2235,2230,2135,3.035,1.754,0.71,5.671,3.98,1.647,0.2326,0.0519,0.0051,0.5689,0.3873,0.1044,336,1691,58,238,22,69,2.03,1.75,0.28,1.77,1.75,0.02,2026-09
