dd_id,tehsil,district_key,region,coord_tier,pop,coverage_pct,girls_primary_km,boys_primary_km,gap_primary_km,girls_middle_km,boys_middle_km,gap_middle_km,girls_high_km,boys_high_km,gap_high_km,girls_middle_over5km_pct,boys_middle_over5km_pct,girls_primary_schools,boys_primary_schools,girls_middle_schools,boys_middle_schools,girls_high_schools,boys_high_schools,girls_share_middle_pct,release
9618217B15093186041287,Nakial,kotli,AJK (Mirpur+Kotli),C,103751,91.3,1.8,1.43,0.37,2.07,2.63,-0.56,3.58,4.57,-0.99,0.0,3.4,16,26,10,5,2,2,66.7,2026-09
9618217B87362341551768,Sehnsa,kotli,AJK (Mirpur+Kotli),C,88893,97.7,1.65,1.64,0.01,2.16,2.22,-0.06,2.48,2.97,-0.49,7.3,7.8,36,34,16,15,10,6,51.6,2026-09
9618217B93166287325125,Kotli,kotli,AJK (Mirpur+Kotli),C,495131,98.2,1.39,1.31,0.08,1.94,2.12,-0.18,2.53,2.56,-0.03,2.5,3.5,100,122,46,41,25,26,52.9,2026-09
9618217B37808039502792,Dudyal,mirpur,AJK (Mirpur+Kotli),C,83426,99.2,2.07,2.18,-0.11,2.39,2.25,0.14,3.06,2.35,0.71,12.9,15.1,70,34,30,22,8,10,57.7,2026-09
9618217B94086344698677,Mirpur,mirpur,AJK (Mirpur+Kotli),C,211543,92.2,1.4,1.5,-0.1,1.66,1.93,-0.27,2.06,2.26,-0.2,0.5,0.5,79,75,38,28,22,17,57.6,2026-09
9618217B50287416070494,Gishkore Sub,awaran,Balochistan,A,15800,100.0,26.67,20.91,5.76,43.75,26.95,16.8,47.56,37.08,10.48,98.3,87.7,0,13,0,3,0,2,0.0,2026-09
9618217B51211868721813,Jhal Jhao,awaran,Balochistan,A,6712,100.0,12.58,5.52,7.06,17.25,8.71,8.54,18.27,9.81,8.46,92.3,75.6,3,13,1,2,1,1,33.3,2026-09
9618217B69007943455910,Jhal Jhao Sub,awaran,Balochistan,A,60573,100.0,23.71,9.68,14.03,30.01,18.0,12.01,35.02,29.8,5.22,95.2,85.4,9,44,3,13,1,8,18.8,2026-09
9618217B85729493897021,Mashkai,awaran,Balochistan,A,39331,100.0,5.64,3.72,1.92,8.25,5.56,2.69,13.76,6.23,7.53,68.0,53.6,34,64,8,17,3,10,32.0,2026-09
9618217B88045410049707,Awaran,awaran,Balochistan,A,24560,100.0,7.52,3.56,3.96,8.35,5.57,2.78,8.98,5.89,3.09,62.9,53.1,23,63,13,18,8,12,41.9,2026-09
9618217B63340805873154,Barkhan,barkhan,Balochistan,A,121150,99.4,2.39,1.55,0.84,4.69,4.43,0.26,7.57,5.51,2.06,47.0,44.0,195,424,35,36,11,19,49.3,2026-09
9618217B19880164202310,Chagai Sub,chaghi,Balochistan,A,30356,99.7,11.91,7.77,4.14,18.44,15.2,3.24,19.05,15.7,3.35,89.7,82.3,14,34,4,7,2,6,36.4,2026-09
9618217B2962159940384,Taftan,chaghi,Balochistan,A,12241,99.6,37.07,14.83,22.24,44.19,34.93,9.26,106.9,44.24,62.66,96.4,93.2,2,9,1,3,0,1,25.0,2026-09
9618217B63356701438573,Dalbadin,chaghi,Balochistan,A,72096,100.0,11.48,5.23,6.25,19.21,12.68,6.53,38.4,19.99,18.41,90.5,82.3,63,132,19,24,8,11,44.2,2026-09
9618217B66554790075537,Naukandi,chaghi,Balochistan,A,13868,100.0,28.28,16.43,11.85,40.99,32.71,8.28,41.97,40.75,1.22,97.2,94.1,10,26,6,9,2,5,40.0,2026-09
9618217B2654928190032,Phelawagh,dera bugti,Balochistan,A,3337,96.0,2.35,1.37,0.98,4.17,2.85,1.32,8.81,3.75,5.06,36.5,18.5,6,27,2,6,0,3,25.0,2026-09
9618217B2743598749374,Dera Bughti,dera bugti,Balochistan,A,26209,100.0,5.17,2.75,2.42,10.16,6.01,4.15,10.86,7.53,3.33,74.0,58.6,19,71,6,11,2,5,35.3,2026-09
9618217B34454311696398,Bekerh,dera bugti,Balochistan,A,4350,85.0,5.6,4.69,0.91,6.09,6.39,-0.3,6.09,8.44,-2.35,63.4,60.0,2,5,1,3,1,1,25.0,2026-09
9618217B39169315447774,Malum,dera bugti,Balochistan,A,17671,98.3,11.87,11.86,0.01,16.38,12.15,4.23,18.36,12.82,5.54,84.6,77.2,13,24,4,11,2,6,26.7,2026-09
9618217B39625992285529,Sui,dera bugti,Balochistan,A,79954,100.0,8.06,5.14,2.92,12.37,7.7,4.67,13.35,8.91,4.44,79.4,65.4,19,76,3,13,2,7,18.8,2026-09
9618217B73869134124680,Sangsilla,dera bugti,Balochistan,A,32298,100.0,18.93,16.63,2.3,26.6,17.99,8.61,28.01,20.13,7.88,99.8,98.8,0,0,0,0,0,0,,2026-09
9618217B77093701307545,Loti Sub,dera bugti,Balochistan,A,8929,99.0,10.33,5.52,4.81,10.77,7.69,3.08,23.4,7.78,15.62,87.4,68.0,3,15,1,5,0,4,16.7,2026-09
9618217B88157141720141,Pir Koh,dera bugti,Balochistan,A,49778,100.0,10.41,6.02,4.39,16.86,8.64,8.22,21.87,9.51,12.36,89.1,73.8,5,28,1,8,0,5,11.1,2026-09
9618217B19586931991950,Jiwani,gwadar,Balochistan,A,10983,80.6,3.36,2.33,1.03,3.67,4.49,-0.82,12.05,4.78,7.27,34.8,47.5,10,14,5,5,1,4,50.0,2026-09
9618217B43513523941512,Pasni,gwadar,Balochistan,A,57475,99.2,5.93,4.05,1.88,9.65,8.56,1.09,12.7,10.3,2.4,70.2,68.0,36,72,12,15,6,9,44.4,2026-09
9618217B66549368810061,Ormara,gwadar,Balochistan,A,23961,92.8,19.46,10.53,8.93,27.94,17.34,10.6,32.33,28.03,4.3,99.1,92.3,8,23,3,6,1,2,33.3,2026-09
9618217B73177395836711,Gwadar,gwadar,Balochistan,A,59058,94.6,3.75,3.16,0.59,6.69,5.99,0.7,13.56,11.07,2.49,62.9,58.9,35,50,15,17,7,8,46.9,2026-09
9618217B87381485340477,Sunstar Sub,gwadar,Balochistan,A,54690,99.9,5.69,3.74,1.95,25.49,5.7,19.79,39.12,11.34,27.78,96.8,57.9,8,24,1,6,0,3,14.3,2026-09
9618217B37623205029699,Harnai,harnai,Balochistan,A,4602,100.0,4.38,5.08,-0.7,13.42,6.62,6.8,15.44,6.62,8.82,100.0,69.5,2,2,0,1,0,1,0.0,2026-09
9618217B40498101001050,Shahrig,harnai,Balochistan,A,19082,100.0,3.03,2.69,0.34,3.88,4.39,-0.51,4.92,4.88,0.04,39.3,42.6,26,39,9,6,3,2,60.0,2026-09
9618217B63716992539538,Khost,harnai,Balochistan,A,69661,100.0,2.32,1.7,0.62,3.87,2.89,0.98,5.12,3.88,1.24,44.1,31.1,49,79,13,17,6,9,43.3,2026-09
9618217B10228752646001,Ghandakha,jaffarabad,Balochistan,A,56522,99.1,2.0,1.04,0.96,4.66,2.73,1.93,9.74,3.9,5.84,46.8,17.1,29,89,3,13,1,4,18.8,2026-09
9618217B27708571372610,Usta Muhammad,jaffarabad,Balochistan,A,121083,100.0,0.98,0.66,0.32,2.14,1.46,0.68,2.82,2.26,0.56,25.0,3.4,57,128,11,21,6,8,34.4,2026-09
9618217B86464903653788,Jhat Pat,jaffarabad,Balochistan,A,206352,99.7,1.18,0.82,0.36,2.79,1.99,0.8,3.78,2.92,0.86,14.5,1.6,117,225,25,39,10,20,39.1,2026-09
9618217B12027487695459,Jhal Magsi,jhal magsi,Balochistan,A,75612,99.9,2.99,2.12,0.87,5.62,4.09,1.53,9.47,6.13,3.34,55.4,40.6,58,99,17,19,6,11,47.2,2026-09
9618217B37966221621202,Gandawa,jhal magsi,Balochistan,A,43138,100.0,4.71,2.59,2.12,9.99,6.53,3.46,15.12,8.18,6.94,73.7,59.1,39,65,7,12,3,7,36.8,2026-09
9618217B97304875019952,Mirpur Sub,jhal magsi,Balochistan,A,13966,100.0,5.97,2.44,3.53,21.26,6.96,14.3,21.87,10.27,11.6,100.0,68.8,2,17,0,2,0,1,0.0,2026-09
9618217B13634250656790,Sanni Sub,kachhi,Balochistan,A,63511,100.0,9.19,3.72,5.47,12.97,9.32,3.65,14.04,10.57,3.47,87.6,82.5,1,40,1,1,1,1,50.0,2026-09
9618217B19608108595135,Mach Sub,kachhi,Balochistan,A,41382,100.0,6.18,2.54,3.64,6.38,5.66,0.72,8.01,7.74,0.27,57.7,54.7,11,25,5,6,3,3,45.5,2026-09
9618217B69236188960303,Khattan Sub,kachhi,Balochistan,A,36390,100.0,5.07,1.68,3.39,7.77,5.05,2.72,8.33,6.7,1.63,77.3,51.5,3,48,1,4,1,2,20.0,2026-09
9618217B75567275115944,Dhadar,kachhi,Balochistan,A,57947,100.0,1.51,1.25,0.26,2.49,2.18,0.31,4.49,3.12,1.37,29.5,22.1,33,58,11,12,4,7,47.8,2026-09
9618217B98926737301322,Balanari Sub,kachhi,Balochistan,A,42559,100.0,2.97,1.26,1.71,3.93,2.91,1.02,5.9,3.88,2.02,38.3,24.9,18,87,6,13,2,7,31.6,2026-09
9618217B17885121566588,Gazg,kalat,Balochistan,A,11154,100.0,27.77,20.04,7.73,29.01,28.4,0.61,34.01,28.83,5.18,100.0,100.0,0,0,0,0,0,0,,2026-09
9618217B40739671025115,Kalat,kalat,Balochistan,A,93684,100.0,4.47,2.43,2.04,8.5,4.76,3.74,12.75,6.72,6.03,64.7,47.9,45,129,14,26,7,14,35.0,2026-09
9618217B5840923689995,Mango Char,kalat,Balochistan,A,47477,100.0,1.89,1.32,0.57,2.59,2.72,-0.13,4.01,3.62,0.39,24.6,21.5,33,69,14,14,5,6,50.0,2026-09
9618217B81975811571171,Surab,kalat,Balochistan,A,112469,100.0,2.52,2.08,0.44,5.31,4.5,0.81,8.05,6.09,1.96,51.7,45.9,78,122,18,26,7,13,40.9,2026-09
9618217B91467173275468,Johan,kalat,Balochistan,A,27366,100.0,20.14,8.23,11.91,29.56,13.84,15.72,33.25,15.73,17.52,100.0,76.9,0,5,0,2,0,1,0.0,2026-09
9618217B31776958523982,Zamuran,kech,Balochistan,A,18558,98.9,10.05,4.16,5.89,27.0,9.22,17.78,30.32,15.26,15.06,100.0,79.2,6,24,0,4,0,2,0.0,2026-09
9618217B3287750467900,Dasht,kech,Balochistan,A,33449,100.0,5.94,3.42,2.52,12.32,5.78,6.54,15.38,10.01,5.37,83.3,58.2,17,48,4,11,2,5,26.7,2026-09
9618217B56246486806775,Hoshab,kech,Balochistan,A,17573,100.0,7.54,5.66,1.88,12.04,7.04,5.0,13.62,10.04,3.58,87.9,71.7,4,19,0,7,0,4,0.0,2026-09
9618217B58909274091550,Kech,kech,Balochistan,A,245276,100.0,1.85,1.8,0.05,2.69,2.21,0.48,3.56,3.14,0.42,36.8,29.6,130,147,44,49,28,25,47.3,2026-09
9618217B61046651400607,Tump,kech,Balochistan,A,62609,100.0,1.43,1.24,0.19,3.41,1.83,1.58,4.92,2.64,2.28,31.2,24.8,35,61,6,14,3,8,30.0,2026-09
9618217B70240658771261,Buleda,kech,Balochistan,A,72419,100.0,1.88,1.73,0.15,2.32,2.66,-0.34,2.83,2.82,0.01,36.2,32.7,27,35,11,10,7,7,52.4,2026-09
9618217B85681439003421,Balnigor,kech,Balochistan,A,14081,100.0,3.62,2.74,0.88,8.38,4.63,3.75,9.99,10.48,-0.49,76.0,45.1,28,42,5,10,2,1,33.3,2026-09
9618217B99249207678304,Mand,kech,Balochistan,A,37911,99.9,2.48,2.1,0.38,4.65,3.77,0.88,5.98,6.34,-0.36,48.2,43.8,17,26,6,6,3,2,50.0,2026-09
9618217B32253439361062,Kharan,kharan,Balochistan,A,119539,100.0,10.87,5.72,5.15,18.07,12.25,5.82,44.32,32.5,11.82,83.5,73.8,55,198,16,33,0,1,32.7,2026-09
9618217B11648805809549,Aranji Sub,khuzdar,Balochistan,A,34159,100.0,44.41,15.22,29.19,48.66,26.71,21.95,65.7,69.41,-3.71,100.0,96.6,0,6,0,1,0,0,0.0,2026-09
9618217B12126547852790,Ornach Sub,khuzdar,Balochistan,A,32244,100.0,9.61,4.29,5.32,23.5,10.51,12.99,53.15,46.45,6.7,96.1,79.4,7,33,1,4,0,0,20.0,2026-09
9618217B18272036828673,Nal Sub,khuzdar,Balochistan,A,63717,100.0,7.89,3.85,4.04,15.64,8.36,7.28,41.68,34.86,6.82,92.9,72.6,24,60,2,10,0,0,16.7,2026-09
9618217B33490679855375,Karkah Sub,khuzdar,Balochistan,A,27257,99.9,6.85,5.55,1.3,10.78,11.48,-0.7,19.69,28.98,-9.29,78.4,82.8,19,25,6,1,0,0,85.7,2026-09
9618217B50718655065252,Khuzdar,khuzdar,Balochistan,A,172146,99.9,2.79,1.88,0.91,5.24,5.63,-0.39,23.84,49.86,-26.02,51.5,55.8,89,144,19,13,1,0,59.4,2026-09
9618217B64812990154889,Wadh Sub,khuzdar,Balochistan,A,70422,100.0,9.66,2.47,7.19,12.58,8.67,3.91,53.87,64.75,-10.88,80.8,79.0,8,83,2,4,0,0,33.3,2026-09
9618217B67299381221995,Zehri,khuzdar,Balochistan,A,65467,100.0,3.88,2.56,1.32,9.89,6.19,3.7,39.03,22.3,16.73,70.4,57.8,43,55,10,9,0,1,52.6,2026-09
9618217B91485765143989,Saroona Sub,khuzdar,Balochistan,A,19339,100.0,20.73,6.0,14.73,24.07,17.34,6.73,53.74,23.24,30.5,99.6,97.7,1,11,0,0,0,0,,2026-09
9618217B96635304342084,Moola Sub,khuzdar,Balochistan,A,26962,100.0,8.99,6.73,2.26,12.88,14.3,-1.42,22.52,36.96,-14.44,92.0,90.0,11,19,4,3,1,0,57.1,2026-09
9618217B20502778495945,Chaman,killa abdullah,Balochistan,A,127838,100.0,4.84,1.93,2.91,7.93,4.14,3.79,8.99,6.84,2.15,64.9,43.8,39,193,15,28,8,14,34.9,2026-09
9618217B72411579101573,Dobandi Sub-,killa abdullah,Balochistan,A,95975,99.6,11.41,2.91,8.5,18.9,8.66,10.24,31.1,12.63,18.47,94.1,75.0,6,72,1,5,0,2,16.7,2026-09
9618217B95880920638679,Killa Abdullah,killa abdullah,Balochistan,A,98735,100.0,1.51,0.67,0.84,2.41,1.35,1.06,2.69,1.95,0.74,13.5,4.7,23,111,6,21,4,10,22.2,2026-09
9618217B18879360320447,Kan Mehtarzai,killa saifullah,Balochistan,A,30488,100.0,1.95,2.03,-0.08,3.42,2.47,0.95,4.22,2.73,1.49,32.2,11.3,31,28,7,12,3,10,36.8,2026-09
9618217B20003920903037,Muslim Bagh,killa saifullah,Balochistan,A,59234,100.0,2.79,2.54,0.25,3.8,3.18,0.62,6.39,4.48,1.91,42.5,34.1,29,28,18,13,5,6,58.1,2026-09
9618217B21963580528882,Shinkai,killa saifullah,Balochistan,A,30725,100.0,9.52,5.4,4.12,35.96,8.64,27.32,48.77,9.73,39.04,100.0,74.6,4,20,0,5,0,3,0.0,2026-09
9618217B24347530358386,Loi Band,killa saifullah,Balochistan,A,26877,99.9,4.34,2.98,1.36,7.76,4.53,3.23,9.57,6.59,2.98,72.3,45.8,12,23,2,9,1,4,18.2,2026-09
9618217B47686885177942,Badini,killa saifullah,Balochistan,A,7998,99.1,38.08,18.65,19.43,44.18,22.42,21.76,46.28,40.42,5.86,100.0,92.6,0,3,0,2,0,0,0.0,2026-09
9618217B75776093214178,Killa Saifullah,killa saifullah,Balochistan,A,83061,100.0,5.23,3.7,1.53,10.44,6.58,3.86,22.36,8.44,13.92,79.5,61.4,49,85,9,18,3,7,33.3,2026-09
9618217B37909865693322,Girsani Sub,kohlu,Balochistan,A,26431,100.0,6.73,0.83,5.9,9.37,1.79,7.58,9.87,2.72,7.15,76.3,8.0,3,121,2,18,1,8,10.0,2026-09
9618217B74056988433955,Kohlu,kohlu,Balochistan,A,32681,100.0,12.83,1.34,11.49,13.11,2.98,10.13,13.5,3.62,9.88,85.5,27.6,1,98,1,18,0,8,5.3,2026-09
9618217B9408880403437,Kahan,kohlu,Balochistan,A,33171,100.0,21.12,12.2,8.92,23.84,14.61,9.23,30.53,17.7,12.83,98.4,91.8,1,20,1,3,1,0,25.0,2026-09
9618217B95908919699948,Mawand,kohlu,Balochistan,A,28981,100.0,21.52,5.25,16.27,26.61,8.9,17.71,28.03,10.25,17.78,96.7,75.8,0,66,0,14,0,6,0.0,2026-09
9618217B12237594519463,Hub,lasbela,Balochistan,A,53133,96.3,1.45,1.22,0.23,2.0,2.02,-0.02,2.5,2.22,0.28,20.6,8.9,14,31,4,8,1,4,33.3,2026-09
9618217B27175149081745,Liari,lasbela,Balochistan,A,22229,97.1,13.89,6.16,7.73,40.32,14.33,25.99,47.15,40.64,6.51,100.0,84.1,2,12,0,2,0,0,0.0,2026-09
9618217B38765345980934,Bela,lasbela,Balochistan,A,64621,100.0,1.46,1.0,0.46,3.41,2.29,1.12,4.85,3.0,1.85,37.2,24.1,80,132,14,26,7,12,35.0,2026-09
9618217B39521024943226,Kanraj,lasbela,Balochistan,A,9757,100.0,12.92,3.82,9.1,19.39,14.15,5.24,33.72,19.45,14.27,92.9,84.5,2,15,1,3,0,1,25.0,2026-09
9618217B70316302358035,Lakhra,lasbela,Balochistan,A,23013,100.0,6.52,2.72,3.8,10.27,6.19,4.08,20.15,8.6,11.55,86.5,62.7,5,40,1,6,0,2,14.3,2026-09
9618217B76630628026692,Uthal,lasbela,Balochistan,A,55188,100.0,3.21,1.86,1.35,8.21,4.0,4.21,9.78,6.18,3.6,58.6,39.7,28,63,5,10,1,2,33.3,2026-09
9618217B86665675475566,Sonmiani,lasbela,Balochistan,A,43260,98.8,2.3,1.83,0.47,4.19,3.37,0.82,6.49,5.11,1.38,44.0,34.4,24,42,8,9,3,4,47.1,2026-09
9618217B86858446563765,Gaddani,lasbela,Balochistan,A,71105,95.5,1.65,1.19,0.46,4.12,3.42,0.7,5.31,5.11,0.2,44.9,36.2,18,42,7,5,3,3,58.3,2026-09
9618217B95179806844148,Durji,lasbela,Balochistan,A,35180,97.8,12.2,3.61,8.59,19.28,8.4,10.88,68.91,15.86,53.05,91.5,71.2,4,57,2,10,0,4,16.7,2026-09
9618217B54428312139149,Duki,loralai,Balochistan,A,142307,100.0,6.2,2.64,3.56,10.14,5.32,4.82,13.58,6.97,6.61,79.6,53.0,90,259,13,35,4,15,27.1,2026-09
9618217B55998475247860,Mekhtar,loralai,Balochistan,A,32206,100.0,5.33,3.08,2.25,13.51,5.97,7.54,15.12,12.73,2.39,86.2,60.3,9,39,2,5,2,1,28.6,2026-09
9618217B59230505353758,Loralai,loralai,Balochistan,A,130289,100.0,3.17,1.86,1.31,5.42,4.11,1.31,8.48,6.6,1.88,53.0,41.5,126,222,29,33,13,12,46.8,2026-09
9618217B21974978317228,Khad Kocha Sub-,mastung,Balochistan,A,33072,100.0,2.26,1.43,0.83,5.13,2.89,2.24,13.13,5.31,7.82,51.4,22.2,9,23,2,5,0,2,28.6,2026-09
9618217B61021693970064,Mastung,mastung,Balochistan,A,99932,100.0,1.35,1.01,0.34,2.02,2.18,-0.16,3.03,3.19,-0.16,14.3,11.9,92,136,39,26,17,14,60.0,2026-09
9618217B81095673790392,Dasht,mastung,Balochistan,A,48667,100.0,4.01,1.94,2.07,6.57,3.48,3.09,11.26,7.06,4.2,61.3,33.9,23,68,7,15,1,4,31.8,2026-09
9618217B9263701422890,Kirdgap Sub-,mastung,Balochistan,A,22415,100.0,5.19,2.39,2.8,7.31,6.04,1.27,9.21,6.45,2.76,67.0,63.9,10,39,4,4,2,3,50.0,2026-09
9618217B29929623589579,Musa Khel,musakhail,Balochistan,A,28686,100.0,8.41,4.88,3.53,13.6,7.56,6.04,14.31,8.37,5.94,82.0,70.4,3,9,2,3,1,3,40.0,2026-09
9618217B62923192711527,Drug Sub,musakhail,Balochistan,A,24645,96.2,4.48,2.34,2.14,9.64,5.15,4.49,10.49,7.29,3.2,67.1,51.1,24,55,7,5,3,3,58.3,2026-09
9618217B65198608234722,Kingri,musakhail,Balochistan,A,114710,98.8,8.19,3.44,4.75,18.55,7.8,10.75,21.68,11.89,9.79,87.7,68.1,64,167,12,26,5,9,31.6,2026-09
9618217B33653411601035,Dera_Murad_Jamali,nasirabad,Balochistan,A,120306,100.0,1.71,1.03,0.68,3.59,2.63,0.96,6.09,3.29,2.8,30.8,23.7,85,168,19,26,7,14,42.2,2026-09
9618217B3811193083348,Tamboo,nasirabad,Balochistan,A,49808,100.0,1.51,0.96,0.55,3.73,2.71,1.02,5.56,3.76,1.8,39.8,15.9,37,78,6,11,2,6,35.3,2026-09
9618217B38525162570146,Baba_Kot,nasirabad,Balochistan,A,68075,100.0,4.23,2.1,2.13,12.79,4.96,7.83,13.55,6.02,7.53,90.1,49.8,14,36,1,5,1,3,16.7,2026-09
9618217B47994085217502,Chattar,nasirabad,Balochistan,A,60519,100.0,3.8,2.32,1.48,7.39,5.06,2.33,9.66,7.2,2.46,67.0,50.5,17,41,2,4,1,2,33.3,2026-09
9618217B67348092180466,Dak_,nushki,Balochistan,A,25569,100.0,5.4,4.37,1.03,8.38,8.19,0.19,13.34,10.25,3.09,73.2,75.5,20,33,6,6,2,4,50.0,2026-09
9618217B76899423597402,Nushki_,nushki,Balochistan,A,95588,100.0,2.79,2.44,0.35,4.69,4.08,0.61,7.96,5.77,2.19,47.4,41.4,88,117,40,37,15,20,51.9,2026-09
9618217B16143636802811,Panjgur,panjgur,Balochistan,A,137726,100.0,1.1,1.03,0.07,2.13,2.03,0.1,2.47,2.58,-0.11,32.9,31.6,107,131,31,33,16,18,48.4,2026-09
9618217B47925299960583,Parome,panjgur,Balochistan,A,37533,99.7,14.97,7.61,7.36,25.95,15.06,10.89,40.12,18.96,21.16,97.4,87.6,20,29,1,5,0,2,16.7,2026-09
9618217B60261397495860,Gichk,panjgur,Balochistan,A,80435,99.9,10.27,8.8,1.47,30.03,16.76,13.27,38.09,20.74,17.35,96.9,86.2,24,35,1,9,0,5,10.0,2026-09
9618217B73703267725244,Gowargo,panjgur,Balochistan,A,30561,100.0,15.65,7.29,8.36,19.82,8.0,11.82,22.14,12.73,9.41,88.3,73.3,1,9,1,3,1,1,25.0,2026-09
9618217B19963285871914,Pishin,pishin,Balochistan,A,209580,100.0,1.07,0.7,0.37,1.82,1.55,0.27,3.84,2.14,1.7,6.4,1.5,89,217,30,39,8,17,43.5,2026-09
9618217B2205255569081,Barshore,pishin,Balochistan,A,116252,100.0,3.7,1.36,2.34,6.47,3.51,2.96,9.03,5.54,3.49,61.0,27.7,40,200,13,25,4,9,34.2,2026-09
9618217B26394123733067,Saranan,pishin,Balochistan,A,12468,100.0,2.0,1.58,0.42,3.07,2.23,0.84,4.32,3.2,1.12,6.3,1.8,4,6,0,2,0,1,0.0,2026-09
9618217B42200782607352,Huramzai,pishin,Balochistan,A,17159,100.0,8.17,2.58,5.59,11.0,7.54,3.46,14.18,10.01,4.17,94.1,73.9,0,13,0,0,0,0,,2026-09
9618217B76048857518190,Karezat,pishin,Balochistan,A,92903,100.0,1.62,1.06,0.56,2.42,2.34,0.08,3.79,3.43,0.36,17.3,13.2,124,247,42,41,14,18,50.6,2026-09
9618217B91592942596902,Gulistan,pishin,Balochistan,A,131034,100.0,3.94,1.81,2.13,8.55,3.65,4.9,10.32,5.53,4.79,72.8,38.7,24,108,6,23,4,10,20.7,2026-09
9618217B20690386240745,Quetta Saddar,quetta,Balochistan,A,174235,100.0,1.43,1.01,0.42,1.58,1.73,-0.15,2.27,2.96,-0.69,12.8,9.8,50,102,26,22,10,9,54.2,2026-09
9618217B59919799962574,Panj Pai Sub-,quetta,Balochistan,A,26013,99.5,7.71,3.23,4.48,10.02,6.24,3.78,12.21,8.01,4.2,81.1,60.0,6,21,3,4,1,2,42.9,2026-09
9618217B63682084587277,Quetta City,quetta,Balochistan,A,727411,100.0,0.56,0.52,0.04,0.69,0.84,-0.15,0.87,1.04,-0.17,0.6,0.5,156,235,105,69,69,43,60.3,2026-09
9618217B12512882766992,Sheerani,sherani,Balochistan,A,106653,98.9,5.22,2.75,2.47,11.92,6.34,5.58,12.19,9.68,2.51,83.5,59.6,39,179,8,23,5,10,25.8,2026-09
9618217B12752349345390,Kut Mandai,sibi,Balochistan,A,20529,100.0,16.92,6.76,10.16,20.69,10.05,10.64,24.78,18.09,6.69,99.9,88.1,0,8,0,1,0,0,0.0,2026-09
9618217B18368882513354,Lehri,sibi,Balochistan,A,39930,100.0,4.8,2.63,2.17,6.59,6.82,-0.23,10.38,7.84,2.54,64.2,63.1,18,64,7,9,3,6,43.8,2026-09
9618217B70834513221374,Bhag,sibi,Balochistan,A,68784,100.0,4.32,1.74,2.58,7.32,4.17,3.15,8.55,6.95,1.6,63.5,39.4,29,96,6,15,4,5,28.6,2026-09
9618217B82477184644412,Sibi,sibi,Balochistan,A,92995,100.0,1.57,1.42,0.15,2.21,2.22,-0.01,2.82,2.97,-0.15,26.2,23.0,80,96,32,29,17,14,52.5,2026-09
9618217B85158688879478,Sangan,sibi,Balochistan,A,13349,100.0,19.52,17.88,1.64,19.87,18.62,1.25,21.41,21.42,-0.01,100.0,100.0,0,0,0,0,0,0,,2026-09
9618217B40305274039011,Sohbatpur,sohbatpur,Balochistan,A,117183,100.0,1.05,0.82,0.23,2.39,2.04,0.35,4.74,2.75,1.99,9.8,0.9,125,221,29,36,5,15,44.6,2026-09
9618217B15164271077712,Washuk,washuk,Balochistan,A,19028,100.0,20.93,18.48,2.45,27.74,19.07,8.67,27.74,21.8,5.94,90.0,87.9,10,11,1,4,1,2,20.0,2026-09
9618217B31193042816030,Besima,washuk,Balochistan,A,31322,100.0,16.04,10.56,5.48,19.52,15.55,3.97,20.31,16.98,3.33,93.4,91.1,6,22,3,5,2,3,37.5,2026-09
9618217B35884329739488,Mashkhel,washuk,Balochistan,A,38754,100.0,30.21,26.46,3.75,49.98,42.44,7.54,54.01,49.39,4.62,90.1,88.9,18,28,9,6,5,2,60.0,2026-09
9618217B53771355824836,Nag,washuk,Balochistan,A,19487,100.0,38.01,19.76,18.25,49.21,25.86,23.35,54.69,28.12,26.57,100.0,97.2,0,3,0,2,0,1,0.0,2026-09
9618217B60673558266162,Shahdo Garhi Sub,washuk,Balochistan,A,23882,100.0,6.78,5.18,1.6,11.84,8.89,2.95,13.96,10.71,3.25,75.9,69.4,30,36,8,11,3,8,42.1,2026-09
9618217B36759225643803,Kashatoo Sub-,zhob,Balochistan,A,9274,99.6,30.68,13.78,16.9,32.25,24.79,7.46,69.93,31.17,38.76,100.0,99.9,0,3,0,0,0,0,,2026-09
9618217B4405082245846,Zhob,zhob,Balochistan,A,219430,99.9,6.99,3.25,3.74,21.64,5.74,15.9,24.09,10.75,13.34,83.7,56.7,73,246,22,52,12,22,29.7,2026-09
9618217B6305227048180,Sambaza Sub,zhob,Balochistan,A,7313,98.9,14.01,9.5,4.51,15.76,14.93,0.83,83.23,14.93,68.3,89.4,87.2,3,5,1,1,0,1,50.0,2026-09
9618217B71582416911520,Qamar Din Karez,zhob,Balochistan,A,4057,96.5,9.01,8.47,0.54,14.04,15.36,-1.32,81.29,15.36,65.93,85.4,90.2,2,2,0,0,0,0,,2026-09
9618217B84397370421850,Ashwat Sub-,zhob,Balochistan,A,7581,100.0,32.37,3.76,28.61,48.03,22.62,25.41,57.0,33.8,23.2,100.0,96.4,0,13,0,0,0,0,,2026-09
9618217B66698483777033,Ziarat Sub Division,ziarat,Balochistan,A,40889,100.0,2.69,1.91,0.78,3.83,3.57,0.26,5.87,4.61,1.26,39.4,34.0,63,110,21,21,9,13,50.0,2026-09
9618217B69401786075997,Sinjawi Sub,ziarat,Balochistan,A,58663,100.0,4.23,2.28,1.95,5.63,4.19,1.44,9.06,4.95,4.11,54.7,43.5,28,71,9,12,3,8,42.9,2026-09
9618217B70325037560475,Astore,astor,Gilgit-Baltistan,B,118501,99.3,5.46,4.76,0.7,6.79,5.66,1.13,10.3,6.93,3.37,63.5,56.0,43,91,29,39,13,18,42.6,2026-09
9618217B41750222117386,Chilas,diamir,Gilgit-Baltistan,B,79485,99.1,8.31,5.46,2.85,9.99,9.53,0.46,19.89,9.91,9.98,81.7,79.2,37,122,10,24,1,14,29.4,2026-09
9618217B87521623220935,Darel Tangir,diamir,Gilgit-Baltistan,B,79612,95.9,5.79,4.56,1.23,6.3,5.9,0.4,49.08,6.18,42.9,64.5,60.0,22,66,7,13,0,9,35.0,2026-09
9618217B25754962135590,Khaplu,ghanchi,Gilgit-Baltistan,B,71108,99.9,2.52,1.8,0.72,3.07,2.12,0.95,3.93,2.5,1.43,29.7,16.7,40,78,22,38,14,24,36.7,2026-09
9618217B85218379767883,Mashabrum,ghanchi,Gilgit-Baltistan,B,32618,99.3,8.0,4.8,3.2,12.09,6.44,5.65,21.22,6.9,14.32,70.4,58.7,5,31,4,18,1,10,18.2,2026-09
9618217B13486207754369,Punial,ghizer,Gilgit-Baltistan,B,39589,100.0,3.85,3.46,0.39,4.9,3.57,1.33,5.34,4.6,0.74,49.0,32.7,12,17,6,11,5,6,35.3,2026-09
9618217B15965056410830,Ishkomen,ghizer,Gilgit-Baltistan,B,22599,99.8,5.92,4.65,1.27,7.47,5.22,2.25,7.47,5.29,2.18,68.5,52.1,6,21,3,8,3,7,27.3,2026-09
9618217B38991384841424,Yasin,ghizer,Gilgit-Baltistan,B,37939,99.6,5.25,4.84,0.41,5.25,5.43,-0.18,9.72,5.46,4.26,52.0,54.3,9,17,9,13,3,7,40.9,2026-09
9618217B90015961408219,Gupis,ghizer,Gilgit-Baltistan,B,52679,99.1,8.16,5.64,2.52,11.94,7.23,4.71,14.17,7.29,6.88,83.1,66.0,7,24,4,15,3,11,21.1,2026-09
9618217B24239170098361,Gilgit,gilgit,Gilgit-Baltistan,B,124920,100.0,3.29,2.93,0.36,3.57,3.58,-0.01,4.94,4.24,0.7,38.1,38.5,79,53,40,29,19,14,58.0,2026-09
9618217B11035459557122,Nagar-Ii,hunza nagar,Gilgit-Baltistan,B,19624,100.0,2.58,2.58,0.0,2.58,2.6,-0.02,4.33,3.09,1.24,33.7,34.1,23,16,16,13,7,6,55.2,2026-09
9618217B18607943062555,Aliabad,hunza nagar,Gilgit-Baltistan,B,11212,100.0,3.39,3.76,-0.37,4.31,3.76,0.55,4.68,3.86,0.82,41.2,38.7,6,8,2,5,2,1,28.6,2026-09
9618217B58972864826743,Gojal,hunza nagar,Gilgit-Baltistan,B,31040,99.3,13.71,15.08,-1.37,23.93,15.61,8.32,23.93,18.84,5.09,88.7,79.1,13,10,4,7,2,2,36.4,2026-09
9618217B7415913583848,Nagar-I,hunza nagar,Gilgit-Baltistan,B,73576,100.0,3.59,3.97,-0.38,4.43,5.45,-1.02,4.43,5.53,-1.1,47.6,51.9,21,18,12,8,5,6,60.0,2026-09
9618217B20972596228202,Rondu,skardu,Gilgit-Baltistan,B,34591,100.0,5.0,3.88,1.12,5.77,5.34,0.43,6.67,6.01,0.66,58.6,55.0,20,32,11,14,5,6,44.0,2026-09
9618217B26900800837648,Shigar,skardu,Gilgit-Baltistan,B,63099,100.0,6.39,4.78,1.61,8.08,6.26,1.82,8.35,6.7,1.65,70.1,60.6,31,86,13,37,12,17,26.0,2026-09
9618217B70387484269248,Kharmang,skardu,Gilgit-Baltistan,B,57889,99.6,4.33,2.59,1.74,5.62,3.26,2.36,7.48,4.23,3.25,56.8,29.6,48,102,25,34,11,18,42.4,2026-09
9618217B83227364220136,Gultari,skardu,Gilgit-Baltistan,B,37644,99.7,11.97,8.04,3.93,16.19,9.27,6.92,31.71,17.66,14.05,93.1,69.8,7,26,3,13,1,3,18.8,2026-09
9618217B88498185372954,Skardu,skardu,Gilgit-Baltistan,B,69862,100.0,2.42,2.28,0.14,2.84,2.68,0.16,3.35,3.4,-0.05,31.0,25.6,41,69,21,26,14,11,44.7,2026-09
9618217B77065930061668,Islamabad,islamabad,Islamabad (ICT),C,1790676,91.3,2.6,2.68,-0.08,2.6,2.68,-0.08,3.34,,,23.6,23.6,51,29,48,29,27,20,62.3,2026-09
9618217B10477128024963,Havelian,abbottabad,KP (settled),A,291843,99.2,0.73,0.7,0.03,1.31,1.4,-0.09,2.07,1.78,0.29,0.0,0.0,160,181,34,31,13,19,52.3,2026-09
9618217B58090762247590,Abbottabad,abbottabad,KP (settled),A,1229050,97.5,0.68,0.63,0.05,1.31,1.13,0.18,1.68,1.59,0.09,0.1,0.0,571,777,119,144,57,76,45.2,2026-09
9618217B66102957616794,Domel,bannu,KP (settled),A,190099,100.0,1.06,0.97,0.09,2.39,1.77,0.62,2.79,2.28,0.51,8.6,2.2,97,97,17,17,8,10,50.0,2026-09
9618217B86252139157568,Bannu,bannu,KP (settled),A,991115,100.0,0.44,0.45,-0.01,0.87,0.89,-0.02,1.3,1.22,0.08,6.1,1.1,568,653,116,119,56,66,49.4,2026-09
9618217B87633366072343,Fr Bannu,bannu,KP (settled),A,44203,99.1,6.59,5.3,1.29,9.14,6.58,2.56,9.27,8.61,0.66,76.0,64.7,0,1,0,0,0,0,,2026-09
9618217B42013741972359,Batagram,batagram,KP (settled),A,329793,100.0,0.86,0.54,0.32,1.78,1.38,0.4,3.3,1.75,1.55,7.3,2.4,206,337,27,40,9,24,40.3,2026-09
9618217B82118214800407,Alai,batagram,KP (settled),A,211153,100.0,1.94,1.02,0.92,5.63,2.06,3.57,6.4,2.9,3.5,55.3,27.9,59,223,4,30,2,19,11.8,2026-09
9618217B53498554126513,Khado Khel,buner,KP (settled),A,320560,100.0,1.07,0.7,0.37,1.68,1.24,0.44,2.19,1.6,0.59,0.6,0.0,116,249,32,62,18,35,34.0,2026-09
9618217B56430132914599,Gagra,buner,KP (settled),A,218228,100.0,1.18,0.74,0.44,1.85,1.31,0.54,2.62,1.74,0.88,8.1,0.0,77,181,24,44,9,25,35.3,2026-09
9618217B69506225279330,Daggar,buner,KP (settled),A,344687,100.0,1.31,0.89,0.42,2.36,1.54,0.82,3.49,1.85,1.64,9.1,0.9,75,165,19,38,8,26,33.3,2026-09
9618217B19186468029110,Shabqadar,charsadda,KP (settled),A,413757,98.8,0.68,0.59,0.09,1.37,0.95,0.42,2.01,1.18,0.83,0.0,0.0,85,116,16,28,9,22,36.4,2026-09
9618217B49069937374752,Tangi,charsadda,KP (settled),A,452137,99.4,0.68,0.72,-0.04,1.4,1.17,0.23,1.85,1.43,0.42,0.2,0.1,144,150,30,33,15,24,47.6,2026-09
9618217B75469142361220,Charsadda,charsadda,KP (settled),A,923779,100.0,0.55,0.5,0.05,1.1,0.99,0.11,1.53,1.25,0.28,0.0,0.0,330,354,61,77,32,45,44.2,2026-09
9618217B14913426707390,Chitral,chitral,KP (settled),A,320623,100.0,2.37,1.49,0.88,3.75,2.57,1.18,5.62,3.05,2.57,38.0,21.9,131,294,34,56,15,37,37.8,2026-09
9618217B15142704211186,Mastuj,chitral,KP (settled),A,236858,99.7,2.41,1.71,0.7,4.66,2.96,1.7,6.94,3.61,3.33,47.2,29.8,107,245,26,53,10,33,32.9,2026-09
9618217B12477470393515,Fr D.I.Khan,dera ismail khan,KP (settled),A,50751,95.8,18.73,17.61,1.12,22.16,19.72,2.44,22.16,21.2,0.96,100.0,99.7,0,0,0,0,0,0,,2026-09
9618217B16017881368538,Paroa,dera ismail khan,KP (settled),A,310649,97.9,1.75,1.31,0.44,3.95,2.34,1.61,5.38,4.24,1.14,39.9,12.4,112,201,20,44,10,14,31.2,2026-09
9618217B57090337990309,Paharpur,dera ismail khan,KP (settled),A,406410,97.3,1.37,1.05,0.32,2.28,1.8,0.48,3.14,2.15,0.99,17.2,5.5,185,333,48,78,24,49,38.1,2026-09
9618217B58016841629421,Kulachi,dera ismail khan,KP (settled),A,95621,99.9,2.63,2.04,0.59,4.75,3.02,1.73,6.47,4.21,2.26,46.6,16.3,38,75,7,18,3,9,28.0,2026-09
9618217B74425880095030,Daraban,dera ismail khan,KP (settled),A,150869,100.0,2.58,1.79,0.79,6.67,3.88,2.79,7.7,5.49,2.21,65.9,31.7,50,108,7,18,5,9,28.0,2026-09
9618217B8526825785603,D.I.Khan,dera ismail khan,KP (settled),A,521172,99.3,0.77,0.74,0.03,1.18,1.15,0.03,1.62,1.49,0.13,15.0,4.5,204,257,48,60,25,31,44.4,2026-09
9618217B72358395847423,Hangu,hangu,KP (settled),A,348469,99.1,1.29,1.0,0.29,2.73,1.75,0.98,4.44,2.3,2.14,23.5,2.5,90,138,22,31,9,18,41.5,2026-09
9618217B83339690098586,Tall,hangu,KP (settled),A,187438,96.0,1.97,1.44,0.53,4.46,2.45,2.01,5.5,2.68,2.82,43.0,9.0,45,105,6,20,4,15,23.1,2026-09
9618217B18056507833425,Ghazi,haripur,KP (settled),A,175174,90.1,1.17,0.92,0.25,2.3,1.6,0.7,3.04,2.08,0.96,6.0,0.4,83,168,12,31,7,16,27.9,2026-09
9618217B53516127317768,Haripur,haripur,KP (settled),A,985144,96.0,0.82,0.71,0.11,1.21,1.24,-0.03,1.61,1.51,0.1,0.2,0.0,390,482,114,116,62,72,49.6,2026-09
9618217B28657250175694,Takht E Nasrati,karak,KP (settled),A,226228,98.8,0.82,0.73,0.09,1.78,1.47,0.31,2.74,1.78,0.96,9.5,6.6,170,208,27,38,11,23,41.5,2026-09
9618217B36434785765551,Karak,karak,KP (settled),A,323630,97.9,1.2,1.0,0.2,2.45,1.76,0.69,3.05,2.22,0.83,15.8,6.2,177,205,29,50,18,29,36.7,2026-09
9618217B86538766181056,Banda Daud Shah,karak,KP (settled),A,195400,100.0,2.09,1.45,0.64,4.32,2.45,1.87,5.52,2.98,2.54,40.7,2.4,62,129,10,30,5,17,25.0,2026-09
9618217B32901696142370,Fr Kohat,kohat,KP (settled),A,153388,99.9,5.81,5.68,0.13,8.66,5.93,2.73,8.9,7.32,1.58,91.9,64.8,0,0,0,0,0,0,,2026-09
9618217B37478017823501,Kohat,kohat,KP (settled),A,770424,99.5,0.97,0.89,0.08,1.63,1.46,0.17,2.52,1.76,0.76,8.6,2.4,300,343,68,79,33,54,46.3,2026-09
9618217B45474288177233,Lachi,kohat,KP (settled),A,203768,96.3,2.01,1.61,0.4,3.41,2.75,0.66,6.39,3.39,3.0,28.5,15.1,82,130,20,26,7,16,43.5,2026-09
9618217B42691934354201,Kandia,kohistan,KP (settled),A,75285,96.2,5.75,4.45,1.3,19.22,7.01,12.21,31.48,15.81,15.67,98.6,63.6,10,50,0,6,0,0,0.0,2026-09
9618217B74983796043949,Pattan,kohistan,KP (settled),A,61526,100.0,6.02,4.66,1.36,11.66,6.82,4.84,24.1,7.8,16.3,93.4,65.7,16,31,0,4,0,0,0.0,2026-09
9618217B96945867102806,Dassu,kohistan,KP (settled),A,250797,98.9,4.37,2.99,1.38,18.44,6.57,11.87,25.89,8.66,17.23,88.6,58.7,85,217,5,31,1,15,13.9,2026-09
9618217B98955281089867,Palas,kohistan,KP (settled),A,431312,100.0,1.84,1.28,0.56,6.14,2.33,3.81,18.35,3.56,14.79,58.6,20.5,134,328,11,55,1,22,16.7,2026-09
9618217B19630672602920,Naurang,lakki marwat,KP (settled),A,225897,100.0,0.94,0.73,0.21,1.78,1.61,0.17,2.87,2.12,0.75,13.7,2.1,131,213,26,32,11,17,44.8,2026-09
9618217B28791527725555,Lakki Marwat,lakki marwat,KP (settled),A,620342,99.4,1.6,1.13,0.47,2.8,2.01,0.79,4.36,2.57,1.79,19.6,4.3,251,473,50,89,19,54,36.0,2026-09
9618217B52659197715523,Fr Lakki,lakki marwat,KP (settled),A,11000,90.9,11.66,11.29,0.37,14.75,12.78,1.97,21.27,14.88,6.39,100.0,100.0,0,0,0,0,0,0,,2026-09
9618217B4451792369461,Adenzai,lower dir,KP (settled),A,369608,100.0,0.76,0.59,0.17,1.2,1.15,0.05,1.49,1.39,0.1,0.1,0.0,136,199,31,43,18,23,41.9,2026-09
9618217B49164558096656,Lalqilla,lower dir,KP (settled),A,132967,100.0,0.68,0.54,0.14,1.12,1.19,-0.07,1.78,1.49,0.29,0.0,0.0,87,143,21,24,9,16,46.7,2026-09
9618217B64606316264088,Munda,lower dir,KP (settled),A,228023,99.0,0.65,0.6,0.05,1.2,1.16,0.04,1.48,1.42,0.06,1.0,0.2,91,124,22,25,15,17,46.8,2026-09
9618217B87730202746425,Temergara,lower dir,KP (settled),A,523316,100.0,0.72,0.56,0.16,1.25,1.11,0.14,1.7,1.33,0.37,0.8,0.0,215,348,49,72,31,40,40.5,2026-09
9618217B88301409575294,Samarbagh(Barwa),lower dir,KP (settled),A,195540,100.0,0.8,0.59,0.21,1.77,1.31,0.46,2.97,1.69,1.28,5.8,0.1,80,131,12,21,4,12,36.4,2026-09
9618217B54248563822765,Sam Ranizai,malakand,KP (settled),A,335163,100.0,0.56,0.56,0.0,1.08,1.1,-0.02,1.36,1.37,-0.01,0.0,0.0,134,152,33,33,17,18,50.0,2026-09
9618217B91992316601631,Swat Ranizai,malakand,KP (settled),A,457158,99.6,0.93,0.7,0.23,1.38,1.28,0.1,1.64,1.45,0.19,0.8,0.3,171,246,38,50,23,35,43.2,2026-09
9618217B1764376648259,Mansehra,mansehra,KP (settled),A,1025767,100.0,0.75,0.63,0.12,1.39,1.17,0.22,1.94,1.63,0.31,2.1,1.8,473,674,91,128,44,65,41.6,2026-09
9618217B1796422743035,Balakot,mansehra,KP (settled),A,362515,96.9,1.24,0.85,0.39,2.42,1.91,0.51,3.36,2.26,1.1,31.7,24.2,158,376,29,52,15,31,35.8,2026-09
9618217B99515953512230,Oghi,mansehra,KP (settled),A,322035,100.0,0.83,0.6,0.23,1.78,1.4,0.38,2.95,1.97,0.98,0.4,0.0,137,287,23,48,10,24,32.4,2026-09
9618217B26511611890245,Katlang,mardan,KP (settled),A,356848,100.0,0.73,0.6,0.13,1.27,1.32,-0.05,1.58,1.42,0.16,0.0,0.0,99,130,30,24,17,18,55.6,2026-09
9618217B56941601966296,Takht Bhai,mardan,KP (settled),A,692994,100.0,0.55,0.45,0.1,1.05,1.07,-0.02,1.33,1.25,0.08,0.0,0.0,269,310,59,63,32,42,48.4,2026-09
9618217B99815948205781,Mardan,mardan,KP (settled),A,1503766,100.0,0.64,0.54,0.1,1.01,1.0,0.01,1.27,1.26,0.01,1.1,0.2,422,554,110,119,70,74,48.0,2026-09
9618217B14540535558764,Nowshera,nowshera,KP (settled),A,1090748,98.9,0.85,0.74,0.11,1.3,1.18,0.12,1.88,1.38,0.5,2.4,0.6,342,404,84,102,40,70,45.2,2026-09
9618217B85805369832497,Pabbi,nowshera,KP (settled),A,457522,100.0,0.81,0.75,0.06,1.37,1.2,0.17,1.45,1.44,0.01,1.3,0.3,134,154,31,38,24,24,44.9,2026-09
9618217B11440538053000,Peshawar Cantonment,peshawar,KP (settled),A,205826,100.0,0.5,0.59,-0.09,0.68,0.68,0.0,0.7,0.73,-0.03,0.0,0.0,21,17,10,9,7,8,52.6,2026-09
9618217B32153440891541,Peshawar I,peshawar,KP (settled),A,281317,100.0,0.25,0.22,0.03,0.41,0.48,-0.07,0.62,0.48,0.14,0.0,0.0,71,93,31,32,19,17,49.2,2026-09
9618217B43929929180637,Peshawar Ii,peshawar,KP (settled),A,1040403,99.4,0.64,0.55,0.09,1.04,1.07,-0.03,1.47,1.39,0.08,0.0,0.0,248,283,59,58,30,33,50.4,2026-09
9618217B47765758459312,Peshawar Iii,peshawar,KP (settled),A,913217,99.0,0.72,0.64,0.08,1.02,0.94,0.08,1.39,1.16,0.23,0.0,0.0,96,120,27,40,12,23,40.3,2026-09
9618217B71604704168129,Peshawar Iv,peshawar,KP (settled),A,946082,97.6,0.8,0.65,0.15,1.5,1.25,0.25,2.18,1.53,0.65,10.6,0.7,194,275,40,50,21,29,44.4,2026-09
9618217B72269656705038,Fr Peshawar,peshawar,KP (settled),A,78307,100.0,4.65,4.45,0.2,6.36,5.76,0.6,6.85,7.29,-0.44,66.0,60.2,0,0,0,0,0,0,,2026-09
9618217B39481930993585,Chiksar,shangla,KP (settled),A,150422,100.0,1.41,0.88,0.53,3.42,1.52,1.9,4.46,2.31,2.15,26.4,0.4,30,85,4,18,2,9,18.2,2026-09
9618217B47007823281887,Bisham,shangla,KP (settled),A,92621,100.0,1.28,0.75,0.53,2.07,1.37,0.7,3.47,1.91,1.56,3.3,2.0,28,77,7,17,2,9,29.2,2026-09
9618217B67800644266725,Alpuri,shangla,KP (settled),A,299010,100.0,1.49,0.77,0.72,2.63,1.74,0.89,3.72,2.16,1.56,14.5,4.8,67,219,11,29,5,17,27.5,2026-09
9618217B75574497464279,Martung,shangla,KP (settled),A,87647,100.0,1.5,0.82,0.68,2.96,1.37,1.59,6.41,2.08,4.33,12.3,0.0,12,54,2,11,0,5,15.4,2026-09
9618217B85285460066544,Puran,shangla,KP (settled),A,135518,100.0,0.88,0.76,0.12,2.18,1.23,0.95,3.12,1.52,1.6,10.4,0.0,69,101,11,26,4,16,29.7,2026-09
9618217B21660428778225,Lahor,swabi,KP (settled),A,363234,99.6,0.79,0.67,0.12,1.35,1.2,0.15,1.51,1.39,0.12,0.0,0.0,109,132,22,30,14,17,42.3,2026-09
9618217B51199303566894,Razar,swabi,KP (settled),A,576230,100.0,0.66,0.51,0.15,1.1,1.05,0.05,1.54,1.2,0.34,0.4,0.0,199,274,43,57,19,36,43.0,2026-09
9618217B62060167615722,Topi,swabi,KP (settled),A,441098,100.0,1.11,0.93,0.18,1.62,1.39,0.23,1.89,1.69,0.2,0.0,0.0,146,189,27,41,15,26,39.7,2026-09
9618217B86482218713484,Swabi,swabi,KP (settled),A,410375,99.9,0.65,0.59,0.06,1.04,0.97,0.07,1.31,1.16,0.15,0.0,0.0,114,143,35,42,22,26,45.5,2026-09
9618217B23020330942802,Khawaza Khela,swat,KP (settled),A,209854,100.0,0.81,0.58,0.23,2.0,1.3,0.7,2.24,1.57,0.67,4.8,0.5,76,124,9,23,6,13,28.1,2026-09
9618217B24557098667068,Charbagh,swat,KP (settled),A,97799,100.0,0.89,0.69,0.2,1.57,1.31,0.26,3.87,2.14,1.73,1.0,0.0,36,60,7,11,1,4,38.9,2026-09
9618217B36757297695869,Kabal,swat,KP (settled),A,384369,100.0,0.91,0.77,0.14,1.47,1.23,0.24,2.15,1.52,0.63,1.8,0.0,114,166,23,37,10,23,38.3,2026-09
9618217B40124352215218,Matta,swat,KP (settled),A,444598,100.0,0.94,0.72,0.22,2.13,1.46,0.67,2.77,1.75,1.02,10.6,3.4,140,227,18,36,12,25,33.3,2026-09
9618217B66331326355874,Bahrain,swat,KP (settled),A,337441,100.0,3.3,2.42,0.88,7.34,3.83,3.51,10.12,4.68,5.44,63.1,41.7,85,165,10,32,4,16,23.8,2026-09
9618217B68002200879702,Barikot,swat,KP (settled),A,345295,100.0,1.08,0.94,0.14,1.61,1.42,0.19,2.43,1.66,0.77,9.6,1.7,47,75,11,16,6,12,40.7,2026-09
9618217B96227356091196,Babuzai,swat,KP (settled),A,378496,100.0,0.61,0.54,0.07,1.01,0.96,0.05,1.17,1.14,0.03,3.3,0.0,134,185,30,37,21,22,44.8,2026-09
9618217B51909263256707,Fr Tank,tank,KP (settled),A,36111,99.9,12.47,13.8,-1.33,17.71,17.31,0.4,19.28,17.91,1.37,97.9,95.3,1,0,0,0,0,0,,2026-09
9618217B89518197918808,Tank,tank,KP (settled),A,410649,99.2,1.45,1.25,0.2,2.99,2.66,0.33,4.82,3.52,1.3,23.4,13.8,176,244,29,41,12,21,41.4,2026-09
9618217B27486600301498,Torgher,tor ghar,KP (settled),A,297329,100.0,1.36,0.79,0.57,5.47,1.75,3.72,7.3,2.68,4.62,58.5,0.6,59,157,3,27,1,11,10.0,2026-09
9618217B41054895723693,Sharingal,upper dir,KP (settled),A,227237,100.0,4.85,3.18,1.67,9.18,5.08,4.1,16.44,5.86,10.58,73.1,50.3,42,168,8,26,3,14,23.5,2026-09
9618217B67850657595713,Wari,upper dir,KP (settled),A,246817,100.0,1.07,0.72,0.35,2.27,1.51,0.76,2.66,1.71,0.95,6.9,0.1,99,237,19,40,12,26,32.2,2026-09
9618217B75611380767926,Dir,upper dir,KP (settled),A,375247,99.8,1.35,0.88,0.47,2.47,1.81,0.66,3.05,2.25,0.8,20.0,5.5,141,289,29,51,17,28,36.2,2026-09
9618217B26191403236071,Fateh Jang,attock,Punjab,B-,365282,100.0,1.85,2.01,-0.16,2.39,2.35,0.04,3.25,2.82,0.43,5.1,4.4,100,90,49,47,20,24,51.0,2026-09
9618217B26860553208965,Jand,attock,Punjab,B-,362032,99.3,2.95,2.62,0.33,3.43,2.97,0.46,4.57,3.73,0.84,26.6,16.3,86,85,46,45,22,29,50.5,2026-09
9618217B50149376018014,Attock,attock,Punjab,B-,429962,99.7,1.91,2.24,-0.33,2.51,2.57,-0.06,2.99,2.81,0.18,14.8,17.4,60,36,27,21,15,16,56.2,2026-09
9618217B7124878941911,Hassanabdal,attock,Punjab,B-,269378,97.1,1.32,1.49,-0.17,1.95,1.75,0.2,2.75,2.2,0.55,1.5,5.7,57,53,25,23,11,15,52.1,2026-09
9618217B75704590266710,Pindi Gheb,attock,Punjab,B-,323021,100.0,2.45,2.74,-0.29,3.19,3.31,-0.12,4.1,3.73,0.37,17.1,18.4,76,62,32,41,19,27,43.8,2026-09
9618217B87894448087129,Hazro,attock,Punjab,B-,403692,97.7,1.08,1.15,-0.07,1.44,1.37,0.07,1.69,1.68,0.01,2.0,1.2,64,63,35,37,23,26,48.6,2026-09
9618217B28318758204703,Chishtian,bahawalnagar,Punjab,B-,828897,100.0,2.51,2.45,0.06,3.89,3.46,0.43,5.55,4.8,0.75,40.8,29.2,249,168,118,72,43,35,62.1,2026-09
9618217B32335001423443,Fort Abbas,bahawalnagar,Punjab,B-,464201,99.8,7.31,7.72,-0.41,11.53,10.41,1.12,13.13,13.13,0.0,78.1,75.4,152,113,54,40,19,22,57.4,2026-09
9618217B64963445448677,Haroonabad,bahawalnagar,Punjab,B-,602374,100.0,3.97,4.33,-0.36,5.1,5.55,-0.45,6.93,8.43,-1.5,51.5,56.9,23,17,8,7,3,3,53.3,2026-09
9618217B66715726514164,Bahawalnagar,bahawalnagar,Punjab,B-,985050,100.0,1.84,1.77,0.07,3.07,2.59,0.48,4.11,3.0,1.11,22.7,11.4,318,295,110,101,47,55,52.1,2026-09
9618217B99235874147506,Minchinabad,bahawalnagar,Punjab,B-,562515,99.4,2.1,1.61,0.49,4.1,2.77,1.33,5.5,3.81,1.69,37.4,10.5,105,143,25,43,11,16,36.8,2026-09
9618217B38710441468568,Hasilpur,bahawalpur,Punjab,B-,517442,100.0,2.91,2.34,0.57,3.53,3.36,0.17,4.16,3.72,0.44,26.9,25.9,103,104,42,30,18,17,58.3,2026-09
9618217B62144943216166,Bahawalpur,bahawalpur,Punjab,B-,993416,100.0,1.6,2.42,-0.82,2.16,2.92,-0.76,3.02,4.59,-1.57,8.6,9.9,102,107,28,30,10,13,48.3,2026-09
9618217B65956213169788,Bahawalpur City,bahawalpur,Punjab,B-,337975,100.0,1.6,2.38,-0.78,2.16,2.6,-0.44,2.38,4.66,-2.28,11.9,10.9,23,24,7,8,3,3,46.7,2026-09
9618217B66821366213948,Yazman,bahawalpur,Punjab,B-,691017,100.0,5.72,5.36,0.36,7.01,7.08,-0.07,8.63,7.91,0.72,55.5,57.5,143,142,76,52,31,30,59.4,2026-09
9618217B72387286824542,Ahmadpur East,bahawalpur,Punjab,B-,1165350,100.0,2.26,2.22,0.04,3.19,2.72,0.47,4.4,3.34,1.06,24.6,16.3,122,157,42,60,15,26,41.2,2026-09
9618217B97721699112019,Khairpur Tamewali,bahawalpur,Punjab,B-,301887,100.0,3.4,2.47,0.93,3.68,3.57,0.11,6.05,4.89,1.16,33.6,31.3,42,73,19,20,4,9,48.7,2026-09
9618217B20876188191816,Kalur Kot,bhakkar,Punjab,B-,372926,99.5,2.72,2.87,-0.15,3.65,3.51,0.14,6.16,4.79,1.37,30.0,25.4,93,102,44,43,18,25,50.6,2026-09
9618217B35028785472961,Mankera,bhakkar,Punjab,B-,283761,100.0,5.21,3.95,1.26,6.45,4.95,1.5,8.41,6.68,1.73,62.3,49.6,43,92,19,36,9,18,34.5,2026-09
9618217B37121610639704,Bhakkar,bhakkar,Punjab,B-,695053,99.4,1.72,1.64,0.08,2.41,2.36,0.05,3.66,3.44,0.22,9.5,6.9,228,201,83,73,29,35,53.2,2026-09
9618217B62767421306838,Darya Khan,bhakkar,Punjab,B-,373885,99.6,2.29,2.03,0.26,3.01,2.72,0.29,5.9,3.85,2.05,22.9,12.2,109,117,34,39,10,17,46.6,2026-09
9618217B34165652086565,Choa Saidan Shah,chakwal,Punjab,B-,179289,100.0,1.79,1.86,-0.07,2.07,2.13,-0.06,2.71,2.24,0.47,6.5,6.9,37,33,24,21,13,15,53.3,2026-09
9618217B61688476906431,Chakwal,chakwal,Punjab,B-,743938,100.0,1.54,1.81,-0.27,1.99,2.16,-0.17,2.51,2.37,0.14,3.8,1.5,222,138,113,91,68,71,55.4,2026-09
9618217B62547254689686,Tala Gang,chakwal,Punjab,B-,631190,100.0,2.46,2.46,0.0,2.88,2.74,0.14,3.28,3.21,0.07,19.3,15.6,146,152,83,88,59,58,48.5,2026-09
9618217B86534483810344,Kallar Kahar,chakwal,Punjab,B-,250337,100.0,2.3,2.05,0.25,2.48,2.68,-0.2,3.44,3.2,0.24,10.4,7.6,52,49,31,26,14,16,54.4,2026-09
9618217B24634136652115,Chiniot,chiniot,Punjab,B-,609398,100.0,1.89,1.87,0.02,2.58,2.57,0.01,3.65,2.91,0.74,16.6,8.0,117,95,34,36,16,18,48.6,2026-09
9618217B38138021064938,Bhawana,chiniot,Punjab,B-,411690,100.0,2.31,2.87,-0.56,4.83,4.69,0.14,8.29,6.4,1.89,48.3,45.9,101,79,36,29,9,17,55.4,2026-09
9618217B62286570878948,Lalian,chiniot,Punjab,B-,571027,100.0,2.16,2.3,-0.14,3.01,2.97,0.04,4.24,3.94,0.3,17.3,15.7,90,72,35,32,14,17,52.2,2026-09
9618217B12999720718980,Dera Ghazi Khan,dera ghazi khan,Punjab,B-,1910060,100.0,2.29,2.05,0.24,3.54,3.27,0.27,4.22,3.86,0.36,27.8,22.5,201,255,54,64,26,33,45.8,2026-09
9618217B56078178956611,Taunsa,dera ghazi khan,Punjab,B-,611814,99.9,2.47,2.22,0.25,3.32,3.31,0.01,4.16,4.01,0.15,28.1,26.2,174,222,48,63,23,36,43.2,2026-09
9618217B85950255786241,De-Excluded Area D.G.Khan,dera ghazi khan,Punjab,B-,208978,99.0,11.74,6.75,4.99,15.57,8.34,7.23,17.09,12.87,4.22,91.2,81.1,19,46,6,16,2,5,27.3,2026-09
9618217B20006160177590,Faisalabad Saddar,faisalabad,Punjab,B-,1604116,100.0,1.26,1.35,-0.09,1.39,1.67,-0.28,1.87,2.4,-0.53,0.6,2.9,196,153,125,84,62,39,59.8,2026-09
9618217B34983463675633,Jaranwala,faisalabad,Punjab,B-,1741565,100.0,1.27,1.28,-0.01,1.57,2.02,-0.45,2.19,2.4,-0.21,2.6,2.2,230,234,122,85,60,58,58.9,2026-09
9618217B47443696449960,Tandlianwala,faisalabad,Punjab,B-,886441,100.0,1.52,1.48,0.04,1.91,2.52,-0.61,3.6,3.25,0.35,11.4,14.5,119,159,72,59,29,34,55.0,2026-09
9618217B49237159452791,Faisalabad City,faisalabad,Punjab,B-,3478145,100.0,1.31,1.32,-0.01,1.4,1.41,-0.01,1.5,1.9,-0.4,0.0,0.0,53,49,39,26,27,16,60.0,2026-09
9618217B59102898761017,Samundari,faisalabad,Punjab,B-,847013,100.0,1.03,1.12,-0.09,1.2,1.61,-0.41,1.67,1.88,-0.21,0.0,0.0,153,122,105,59,55,43,64.0,2026-09
9618217B96433352493749,Chak Jhumra,faisalabad,Punjab,B-,435813,100.0,1.23,1.29,-0.06,1.46,1.9,-0.44,2.01,2.61,-0.6,0.0,0.4,101,92,57,39,30,19,59.4,2026-09
9618217B3934260130404,Gujranwala,gujranwala,Punjab,B-,2208842,100.0,1.09,1.38,-0.29,1.38,1.64,-0.26,1.73,2.02,-0.29,0.1,0.3,112,96,67,53,37,31,55.8,2026-09
9618217B79627750692708,Kamoke,gujranwala,Punjab,B-,657191,100.0,1.21,1.43,-0.22,1.63,1.86,-0.23,2.47,2.39,0.08,0.0,4.0,101,91,50,42,20,28,54.3,2026-09
9618217B81659950936026,Wazirabad,gujranwala,Punjab,B-,1088804,100.0,1.22,1.67,-0.45,1.72,2.08,-0.36,2.08,2.55,-0.47,1.0,2.9,195,121,74,57,48,38,56.5,2026-09
9618217B8960364895621,Nowshera Virkhan,gujranwala,Punjab,B-,721622,100.0,1.12,1.45,-0.33,1.43,1.75,-0.32,1.99,2.2,-0.21,0.0,0.0,145,97,80,54,38,32,59.7,2026-09
9618217B99363720613400,Gujranwala City,gujranwala,Punjab,B-,948267,100.0,1.11,1.01,0.1,1.32,1.43,-0.11,1.83,2.0,-0.17,0.0,0.0,29,23,12,9,5,3,57.1,2026-09
9618217B29572971440693,Kharian,gujrat,Punjab,B-,1304490,99.6,1.1,1.33,-0.23,1.47,1.64,-0.17,1.78,2.03,-0.25,1.4,0.4,242,167,116,101,72,65,53.5,2026-09
9618217B44942663525229,Sarai Alamgir,gujrat,Punjab,B-,300704,98.2,1.05,1.32,-0.27,1.55,1.72,-0.17,1.86,1.93,-0.07,1.8,1.0,74,53,34,30,21,20,53.1,2026-09
9618217B61923659220021,Gujrat,gujrat,Punjab,B-,1816461,99.9,1.02,1.3,-0.28,1.41,1.72,-0.31,1.68,1.92,-0.24,0.1,0.1,330,211,151,117,96,89,56.3,2026-09
9618217B14601730863516,Hafizabad,hafizabad,Punjab,B-,800443,100.0,1.12,1.32,-0.2,1.64,1.89,-0.25,2.4,2.42,-0.02,1.1,1.8,159,127,65,46,24,25,58.6,2026-09
9618217B88762426965199,Pindi Bhattian,hafizabad,Punjab,B-,582476,100.0,1.69,1.43,0.26,2.69,2.37,0.32,3.69,2.88,0.81,6.4,2.9,110,137,42,46,19,23,47.7,2026-09
9618217B12490857325853,Jhang,jhang,Punjab,B-,1624235,100.0,1.56,2.13,-0.57,2.45,2.81,-0.36,3.47,3.74,-0.27,14.0,16.9,422,250,117,101,60,68,53.7,2026-09
9618217B73902443176892,Shorkot,jhang,Punjab,B-,672823,100.0,2.09,2.21,-0.12,3.14,3.08,0.06,4.84,4.17,0.67,20.4,24.1,135,108,35,46,22,19,43.2,2026-09
9618217B8917693813131,Ahmedpur Sial,jhang,Punjab,B-,434713,100.0,2.26,2.51,-0.25,3.13,3.2,-0.07,4.06,3.44,0.62,20.3,19.0,120,75,20,32,9,21,38.5,2026-09
9618217B97650349828759,18-Hazari,jhang,Punjab,B-,389067,100.0,2.12,2.28,-0.16,3.53,2.9,0.63,4.47,4.43,0.04,29.3,19.0,79,76,22,26,10,13,45.8,2026-09
9618217B13521614852985,Pind Dadan Khan,jhelum,Punjab,B-,444036,100.0,1.88,2.23,-0.35,2.44,2.47,-0.03,2.89,2.71,0.18,12.0,8.8,85,53,41,33,26,25,55.4,2026-09
9618217B22857768344293,Jhelum,jhelum,Punjab,B-,474875,98.9,1.22,1.45,-0.23,1.47,1.98,-0.51,1.92,2.2,-0.28,2.8,2.6,78,51,46,30,22,20,60.5,2026-09
9618217B61242270997195,Dina,jhelum,Punjab,B-,403754,97.9,1.37,1.63,-0.26,1.78,1.9,-0.12,2.26,2.05,0.21,6.8,4.0,84,51,36,29,23,21,55.4,2026-09
9618217B97272924784682,Sohawa,jhelum,Punjab,B-,206894,100.0,1.78,2.18,-0.4,2.15,2.54,-0.39,3.17,3.18,-0.01,3.7,8.2,77,43,38,31,17,20,55.1,2026-09
9618217B52082409863754,Kot Radha Kishan,kasur,Punjab,B-,614244,100.0,2.13,2.29,-0.16,3.57,2.95,0.62,4.75,3.7,1.05,24.7,14.0,74,71,28,29,11,15,49.1,2026-09
9618217B53639078484691,Pattoki,kasur,Punjab,B-,1058963,100.0,1.25,1.35,-0.1,1.45,1.62,-0.17,2.1,2.02,0.08,0.5,0.1,138,136,88,80,52,46,52.4,2026-09
9618217B57329099303802,Kasur,kasur,Punjab,B-,1216351,98.9,1.48,1.56,-0.08,1.99,2.2,-0.21,2.47,2.74,-0.27,8.5,6.6,211,199,88,81,53,56,52.1,2026-09
9618217B67240081969707,Chunian,kasur,Punjab,B-,947911,100.0,1.95,1.66,0.29,2.27,2.52,-0.25,2.8,2.94,-0.14,4.7,5.4,127,159,58,48,36,31,54.7,2026-09
9618217B13227622316788,Khanewal,khanewal,Punjab,B-,994041,100.0,1.72,2.36,-0.64,2.0,2.59,-0.59,2.87,3.41,-0.54,8.0,7.5,178,112,97,75,45,37,56.4,2026-09
9618217B44181858694402,Kabirwala,khanewal,Punjab,B-,1110548,100.0,3.47,4.59,-1.12,3.96,4.69,-0.73,8.63,7.09,1.54,38.1,46.2,190,170,123,112,28,51,52.3,2026-09
9618217B47428091720855,Jahanian,khanewal,Punjab,B-,412945,100.0,1.38,1.83,-0.45,2.16,2.27,-0.11,3.39,2.69,0.7,7.3,3.1,76,47,32,29,15,16,52.5,2026-09
9618217B9822491870028,Mian Channu,khanewal,Punjab,B-,922424,100.0,2.62,2.69,-0.07,2.78,2.69,0.09,4.16,3.22,0.94,19.3,17.6,171,109,93,75,38,44,55.4,2026-09
9618217B29615375410228,Qaidabad,khushab,Punjab,B-,276391,100.0,3.47,2.46,1.01,3.81,2.88,0.93,6.39,4.11,2.28,33.0,13.0,40,72,23,35,8,16,39.7,2026-09
9618217B34004324628587,Khushab,khushab,Punjab,B-,950844,100.0,2.45,2.12,0.33,3.11,2.6,0.51,3.46,3.2,0.26,24.1,12.7,172,213,70,80,57,47,46.7,2026-09
9618217B85617072134869,Noorpur,khushab,Punjab,B-,289034,100.0,2.94,2.65,0.29,3.64,3.25,0.39,4.83,4.16,0.67,29.4,16.4,63,109,29,45,18,27,39.2,2026-09
9618217B49075471599752,Lahore Cantt,lahore,Punjab,B-,6059418,99.8,1.47,1.57,-0.1,1.68,1.89,-0.21,2.24,2.92,-0.68,1.0,2.5,220,209,132,88,62,59,60.0,2026-09
9618217B65699035418342,Lahore City,lahore,Punjab,B-,4260734,100.0,1.64,2.06,-0.42,2.26,2.95,-0.69,3.09,4.25,-1.16,4.2,14.9,82,73,35,26,12,11,57.4,2026-09
9618217B25737601938543,Karor Lal Esan,layyah,Punjab,B-,607528,99.9,1.45,1.42,0.03,1.93,2.35,-0.42,2.82,2.93,-0.11,3.7,6.0,196,219,87,61,32,30,58.8,2026-09
9618217B94010131906460,Layyah,layyah,Punjab,B-,979455,100.0,1.63,1.78,-0.15,2.25,2.48,-0.23,2.89,2.89,0.0,9.6,11.6,287,296,106,87,53,51,54.9,2026-09
9618217B97282778757668,Chaubara,layyah,Punjab,B-,275892,100.0,3.5,2.39,1.11,4.11,3.99,0.12,6.13,5.22,0.91,44.2,38.1,79,136,34,41,13,18,45.3,2026-09
9618217B46434483477845,Dunya Pur,lodhran,Punjab,B-,558058,100.0,1.27,1.51,-0.24,1.89,2.17,-0.28,2.92,3.52,-0.6,1.0,5.7,131,95,62,48,29,25,56.4,2026-09
9618217B75337823866281,Lodhran,lodhran,Punjab,B-,780981,100.0,1.81,1.92,-0.11,2.71,2.45,0.26,4.02,3.09,0.93,12.0,7.3,152,125,45,60,20,30,42.9,2026-09
9618217B76392119464219,Karorpacca,lodhran,Punjab,B-,594740,100.0,2.54,2.51,0.03,3.35,3.17,0.18,5.85,3.65,2.2,31.9,21.4,74,59,25,25,7,16,50.0,2026-09
9618217B39885459266624,Phalia,mandi bahauddin,Punjab,B-,660875,100.0,1.34,1.52,-0.18,1.78,2.08,-0.3,2.3,2.83,-0.53,3.5,1.5,152,120,78,52,38,33,60.0,2026-09
9618217B9300245059383,Malakwal,mandi bahauddin,Punjab,B-,477723,100.0,1.62,1.87,-0.25,2.14,2.36,-0.22,2.64,2.82,-0.18,2.0,3.7,82,59,37,26,16,16,58.7,2026-09
9618217B95869385333709,Mandi Bahauddin,mandi bahauddin,Punjab,B-,772675,100.0,1.38,1.5,-0.12,1.51,1.77,-0.26,1.59,2.11,-0.52,0.0,1.2,128,105,70,54,50,42,56.5,2026-09
9618217B2809625814941,Isakhel,mianwali,Punjab,B-,431080,98.7,2.73,2.54,0.19,3.63,3.18,0.45,5.31,3.87,1.44,31.4,25.2,127,118,34,49,14,31,41.0,2026-09
9618217B65266278076043,Mianwali,mianwali,Punjab,B-,881988,100.0,2.18,2.03,0.15,3.47,2.49,0.98,4.83,3.3,1.53,29.1,11.9,289,244,60,98,30,56,38.0,2026-09
9618217B68184335330032,Piplan,mianwali,Punjab,B-,442892,99.5,2.1,2.46,-0.36,2.75,3.25,-0.5,3.39,4.42,-1.03,19.3,19.5,123,96,45,42,24,25,51.7,2026-09
9618217B19745651984550,Multan City,multan,Punjab,B-,2427681,100.0,2.36,2.42,-0.06,3.17,4.48,-1.31,6.89,10.94,-4.05,15.5,42.8,58,9,13,1,1,0,92.9,2026-09
9618217B31922989657242,Jalalpur Pirwala,multan,Punjab,B-,586984,100.0,2.46,3.02,-0.56,3.59,3.42,0.17,7.56,4.3,3.26,27.3,26.9,86,90,25,44,7,24,36.2,2026-09
9618217B57733979700194,Shujabad,multan,Punjab,B-,710243,100.0,2.58,3.48,-0.9,4.07,4.52,-0.45,8.55,5.8,2.75,36.8,44.8,128,106,29,40,9,33,42.0,2026-09
9618217B64443475206823,Multan Saddar,multan,Punjab,B-,1455123,100.0,2.39,2.67,-0.28,2.95,4.7,-1.75,5.9,8.9,-3.0,11.9,46.2,137,106,46,35,10,6,56.8,2026-09
9618217B236770974659,Alipur,muzaffargarh,Punjab,B-,682673,100.0,2.23,1.99,0.24,3.3,2.63,0.67,4.7,3.19,1.51,26.2,19.0,87,104,23,42,11,20,35.4,2026-09
9618217B43446493864836,Jatoi,muzaffargarh,Punjab,B-,708961,100.0,2.24,2.38,-0.14,3.51,3.34,0.17,5.43,3.97,1.46,28.4,21.7,73,108,24,32,9,17,42.9,2026-09
9618217B46714791587847,Kot Addu,muzaffargarh,Punjab,B-,1347050,100.0,1.92,1.81,0.11,3.5,3.03,0.47,5.32,4.04,1.28,26.1,22.6,242,294,53,75,30,42,41.4,2026-09
9618217B91139491095405,Muzaffargarh,muzaffargarh,Punjab,B-,1631363,100.0,1.87,1.72,0.15,2.82,2.65,0.17,4.59,3.41,1.18,23.5,14.9,235,271,70,85,23,44,45.2,2026-09
9618217B3385172362302,Nankana Sahab,nankana sahib,Punjab,B-,1127240,100.0,1.64,1.65,-0.01,2.94,3.03,-0.09,4.76,4.08,0.68,16.0,14.8,179,236,63,60,23,33,51.2,2026-09
9618217B41899806031215,Shah Kot,nankana sahib,Punjab,B-,281621,100.0,1.63,1.74,-0.11,1.86,2.24,-0.38,2.5,2.62,-0.12,0.0,0.9,55,44,39,29,22,18,57.4,2026-09
9618217B78084704916934,Shangla Hill,nankana sahib,Punjab,B-,262759,100.0,1.37,1.6,-0.23,1.57,1.98,-0.41,2.06,2.53,-0.47,0.0,1.0,49,39,29,26,15,11,52.7,2026-09
9618217B39920522607459,Shakargarh,narowal,Punjab,B-,851826,99.5,0.97,1.22,-0.25,1.65,1.77,-0.12,2.19,2.39,-0.2,5.2,3.8,262,152,69,60,34,35,53.5,2026-09
9618217B81306509319870,Zafarwal,narowal,Punjab,B-,459357,99.2,1.08,1.45,-0.37,1.55,1.78,-0.23,2.03,2.22,-0.19,0.0,0.1,163,74,53,37,31,22,58.9,2026-09
9618217B85928513118667,Narowal,narowal,Punjab,B-,712689,100.0,1.1,1.37,-0.27,1.47,1.59,-0.12,1.71,2.01,-0.3,0.3,0.2,188,118,75,64,43,41,54.0,2026-09
9618217B85402434096341,Depalpur,okara,Punjab,B-,1665456,99.4,1.6,1.54,0.06,2.11,2.06,0.05,4.16,2.76,1.4,5.7,3.2,245,263,125,111,35,65,53.0,2026-09
9618217B92677290558981,Renala Khurd,okara,Punjab,B-,565908,100.0,2.57,2.62,-0.05,3.13,3.0,0.13,4.77,3.66,1.11,17.7,16.7,96,96,54,38,33,26,58.7,2026-09
9618217B98814917393050,Okara,okara,Punjab,B-,1435240,100.0,1.44,1.56,-0.12,1.96,2.04,-0.08,2.48,2.44,0.04,6.6,5.3,211,198,95,87,56,64,52.2,2026-09
9618217B11984200016747,Arifwala,pakpattan,Punjab,B-,925094,100.0,1.19,1.25,-0.06,1.74,1.8,-0.06,3.22,2.29,0.93,6.8,3.1,148,153,78,65,31,43,54.5,2026-09
9618217B61411084403748,Pak Pattan,pakpattan,Punjab,B-,1125530,100.0,1.58,1.52,0.06,2.38,2.21,0.17,3.48,2.98,0.5,15.9,12.8,148,207,58,70,20,39,45.3,2026-09
9618217B15784467436654,Khan Pur,rahim yar khan,Punjab,B-,1141661,100.0,1.8,1.88,-0.08,2.48,2.7,-0.22,3.72,3.13,0.59,14.0,13.8,252,210,70,69,28,44,50.4,2026-09
9618217B37482241380967,Liaqat Pur,rahim yar khan,Punjab,B-,1080282,100.0,2.17,2.16,0.01,2.94,2.87,0.07,4.62,3.76,0.86,19.3,24.6,266,271,69,71,26,47,49.3,2026-09
9618217B8498662451827,Sadiqabad,rahim yar khan,Punjab,B-,1266627,97.6,1.85,1.71,0.14,2.6,2.56,0.04,3.98,3.33,0.65,20.4,11.5,192,270,58,88,27,43,39.7,2026-09
9618217B89186195387307,Rahim Yar Khan,rahim yar khan,Punjab,B-,1712007,100.0,1.79,1.9,-0.11,2.41,2.39,0.02,3.7,3.27,0.43,11.8,8.5,339,324,113,121,57,68,48.3,2026-09
9618217B59000817640305,Rojhan,rajanpur,Punjab,B-,341681,100.0,5.54,4.34,1.2,7.53,4.98,2.55,9.03,5.96,3.07,69.5,49.8,26,70,9,20,5,14,31.0,2026-09
9618217B75708704472060,Jampur,rajanpur,Punjab,B-,798037,100.0,2.03,2.0,0.03,3.08,2.93,0.15,3.79,3.38,0.41,29.1,22.7,151,194,30,48,18,28,38.5,2026-09
9618217B9124043146420,De-Excluded Area Rajanpur,rajanpur,Punjab,B-,56156,74.6,21.34,9.39,11.95,27.52,13.97,13.55,27.87,13.97,13.9,99.8,99.8,14,51,3,12,1,4,20.0,2026-09
9618217B96724689949262,Rajanpur,rajanpur,Punjab,B-,646413,100.0,2.18,2.09,0.09,3.83,3.58,0.25,5.42,4.46,0.96,37.4,33.6,157,188,32,41,15,26,43.8,2026-09
9618217B27271024996955,Kahuta,rawalpindi,Punjab,B-,274523,96.9,1.46,1.58,-0.12,2.01,2.11,-0.1,2.59,2.37,0.22,4.8,3.2,96,66,38,36,22,24,51.4,2026-09
9618217B28592687647846,Taxila,rawalpindi,Punjab,B-,560272,97.9,1.48,1.79,-0.31,1.77,2.85,-1.08,2.25,2.86,-0.61,1.8,5.9,40,40,17,18,9,15,48.6,2026-09
9618217B34841225665801,Rawalpindi,rawalpindi,Punjab,B-,3103067,97.4,1.27,1.53,-0.26,1.57,2.01,-0.44,2.0,2.43,-0.43,2.9,6.2,259,188,151,110,108,85,57.9,2026-09
9618217B3680329268285,Kotli Sattian,rawalpindi,Punjab,B-,130323,95.2,1.42,1.79,-0.37,1.81,2.26,-0.45,2.39,2.61,-0.22,0.3,9.9,65,56,37,34,21,17,52.1,2026-09
9618217B54589023039311,Kallar Sayyedan,rawalpindi,Punjab,B-,232822,99.7,1.29,1.33,-0.04,1.72,1.86,-0.14,1.8,1.94,-0.14,2.7,2.2,91,58,37,30,29,25,55.2,2026-09
9618217B58788233354660,Gujar Khan,rawalpindi,Punjab,B-,823188,99.9,1.28,1.59,-0.31,1.72,1.9,-0.18,2.4,2.15,0.25,2.3,3.1,210,138,103,81,56,57,56.0,2026-09
9618217B83104421984489,Murree,rawalpindi,Punjab,B-,272213,97.5,1.27,1.46,-0.19,1.61,1.76,-0.15,2.46,2.18,0.28,0.7,5.0,70,70,43,40,23,27,51.8,2026-09
9618217B28010935462292,Chichawatni,sahiwal,Punjab,B-,1294179,100.0,2.74,2.72,0.02,3.16,3.52,-0.36,4.93,5.35,-0.42,24.9,25.7,205,202,146,113,78,66,56.4,2026-09
9618217B88637585074135,Sahiwal,sahiwal,Punjab,B-,1755785,100.0,2.16,2.27,-0.11,2.82,3.04,-0.22,3.52,3.8,-0.28,11.9,20.5,277,266,142,117,93,77,54.8,2026-09
9618217B25240134101987,Sargodha,sargodha,Punjab,B-,1806377,100.0,1.15,1.25,-0.1,1.29,1.54,-0.25,1.61,1.93,-0.32,0.6,0.2,304,220,170,119,112,74,58.8,2026-09
9618217B37395969304858,Sahiwal,sargodha,Punjab,B-,388947,100.0,1.6,1.82,-0.22,2.18,2.71,-0.53,2.98,3.03,-0.05,0.3,7.7,80,65,36,32,18,22,52.9,2026-09
9618217B39999757497454,Sillanwali,sargodha,Punjab,B-,408115,100.0,1.21,1.42,-0.21,1.35,1.74,-0.39,1.62,2.16,-0.54,0.9,0.2,72,61,54,37,33,23,59.3,2026-09
9618217B47532492281594,Shahpur,sargodha,Punjab,B-,449518,100.0,1.37,1.68,-0.31,1.86,2.03,-0.17,2.98,2.94,0.04,0.1,4.0,105,85,45,42,18,27,51.7,2026-09
9618217B54913600718425,Kot Momin,sargodha,Punjab,B-,583894,100.0,1.94,1.91,0.03,2.64,2.31,0.33,3.44,3.01,0.43,11.1,8.0,68,85,32,40,19,22,44.4,2026-09
9618217B60331399748679,Bhalwal,sargodha,Punjab,B-,787971,100.0,1.35,1.61,-0.26,1.84,2.04,-0.2,2.55,2.45,0.1,3.1,4.5,169,130,68,56,35,38,54.8,2026-09
9618217B25351305355541,Muridke,sheikhupura,Punjab,B-,692745,99.4,1.76,1.61,0.15,2.47,2.21,0.26,3.19,2.96,0.23,7.4,3.7,83,106,48,37,18,16,56.5,2026-09
9618217B66038883173745,Safdarabad,sheikhupura,Punjab,B-,420098,100.0,1.48,1.75,-0.27,1.66,2.14,-0.48,2.51,2.85,-0.34,0.0,1.0,75,72,47,30,22,18,61.0,2026-09
9618217B71742610929001,Sharak Pur,sheikhupura,Punjab,B-,282192,100.0,1.83,1.74,0.09,2.36,2.9,-0.54,4.74,5.02,-0.28,8.6,16.1,34,37,21,15,8,6,58.3,2026-09
9618217B78613038993344,Ferozewala,sheikhupura,Punjab,B-,717489,100.0,1.68,1.46,0.22,2.31,1.82,0.49,3.68,4.76,-1.08,7.2,2.2,39,58,21,19,6,3,52.5,2026-09
9618217B80377872224855,Sheikhupura,sheikhupura,Punjab,B-,1742556,100.0,1.64,1.47,0.17,1.93,2.26,-0.33,2.81,2.98,-0.17,3.7,3.8,179,212,94,73,42,43,56.3,2026-09
9618217B49647722436552,Daska,sialkot,Punjab,B-,1058822,100.0,1.09,1.34,-0.25,1.52,1.87,-0.35,1.84,2.37,-0.53,0.1,0.8,184,119,89,50,47,30,64.0,2026-09
9618217B59820493505708,Pasrur,sialkot,Punjab,B-,1011776,99.9,0.99,1.31,-0.32,1.57,1.89,-0.32,2.14,2.72,-0.58,0.0,0.1,273,139,103,67,52,39,60.6,2026-09
9618217B70438886719057,Sambrial,sialkot,Punjab,B-,485464,100.0,0.97,1.44,-0.47,1.4,1.84,-0.44,1.76,2.16,-0.4,0.2,0.0,100,47,37,27,28,19,57.8,2026-09
9618217B70755531760277,Sialkot,sialkot,Punjab,B-,1881942,96.5,0.93,1.13,-0.2,1.27,1.62,-0.35,1.61,1.99,-0.38,0.2,2.3,285,130,148,75,84,50,66.4,2026-09
9618217B50459917366598,Gojra,toba tek singh,Punjab,B-,809892,100.0,1.21,1.44,-0.23,1.65,2.07,-0.42,2.59,2.38,0.21,1.4,5.8,159,137,73,48,38,30,60.3,2026-09
9618217B66803850841385,Kamalia,toba tek singh,Punjab,B-,837055,100.0,1.87,1.85,0.02,2.13,2.62,-0.49,3.53,3.35,0.18,9.2,11.8,121,96,70,43,25,23,61.9,2026-09
9618217B75645786673360,Toba Tek Singh,toba tek singh,Punjab,B-,1038569,100.0,1.22,1.39,-0.17,1.37,1.8,-0.43,1.9,2.23,-0.33,0.1,1.1,280,234,180,114,98,61,61.2,2026-09
9618217B87041756430963,Burewala,vehari,Punjab,B-,1205409,100.0,1.12,1.19,-0.07,1.42,1.82,-0.4,2.29,2.59,-0.3,5.7,3.2,225,205,140,84,60,44,62.5,2026-09
9618217B94265180885968,Vehari,vehari,Punjab,B-,1080752,100.0,1.27,1.28,-0.01,1.63,1.74,-0.11,2.44,2.38,0.06,11.1,5.2,167,163,95,81,47,44,54.0,2026-09
9618217B95257720392722,Mailsi,vehari,Punjab,B-,1161265,100.0,1.73,1.61,0.12,2.31,2.6,-0.29,3.41,3.06,0.35,8.8,9.8,149,199,63,52,30,35,54.8,2026-09
9618217B25857994222098,Shaheed Fazal Rahu,badin,Sindh,A,302082,100.0,2.29,0.82,1.47,4.92,2.75,2.17,10.74,5.8,4.94,48.9,22.0,63,430,10,46,2,9,17.9,2026-09
9618217B40875149607138,Talhar,badin,Sindh,A,114444,100.0,1.84,0.65,1.19,4.56,2.03,2.53,8.52,3.43,5.09,43.8,0.2,22,185,4,17,1,6,19.0,2026-09
9618217B42438762041425,Badin,badin,Sindh,A,460485,99.4,2.92,0.72,2.2,5.84,2.66,3.18,9.59,4.76,4.83,58.3,12.7,56,554,12,51,3,13,19.0,2026-09
9618217B51119306822374,Matli,badin,Sindh,A,453010,100.0,1.42,0.61,0.81,4.23,1.75,2.48,6.48,2.45,4.03,39.6,0.3,99,521,14,70,5,29,16.7,2026-09
9618217B60721372567355,Tando Bago,badin,Sindh,A,395249,100.0,2.34,0.67,1.67,5.95,2.08,3.87,8.1,3.74,4.36,61.4,2.3,67,644,11,66,5,16,14.3,2026-09
9618217B39967878013350,Mehar,dadu,Sindh,A,516065,100.0,1.43,0.63,0.8,2.76,1.49,1.27,3.69,2.23,1.46,23.7,2.4,74,331,21,65,7,19,24.4,2026-09
9618217B45890743743061,Khairpur Nathan Shah,dadu,Sindh,A,401956,100.0,1.56,0.71,0.85,3.14,1.7,1.44,4.43,2.47,1.96,27.2,17.6,56,334,11,54,4,15,16.9,2026-09
9618217B70790113171892,Johi,dadu,Sindh,A,350325,100.0,3.74,1.44,2.3,7.1,3.85,3.25,16.84,6.4,10.44,64.6,37.2,37,270,8,37,1,8,17.8,2026-09
9618217B7115873754530,Dadu,dadu,Sindh,A,500122,100.0,1.13,0.55,0.58,2.26,1.37,0.89,2.93,1.85,1.08,6.5,0.3,115,435,26,69,16,34,27.4,2026-09
9618217B13430994189110,Ubauro,ghotki,Sindh,A,297097,98.0,1.39,0.59,0.8,2.89,1.23,1.66,6.64,2.97,3.67,16.1,2.3,55,336,12,69,1,10,14.8,2026-09
9618217B1460109099825,Ghotki,ghotki,Sindh,A,476713,100.0,1.27,0.59,0.68,2.5,1.24,1.26,6.44,2.59,3.85,13.7,1.1,81,353,21,74,2,12,22.1,2026-09
9618217B21460846200179,Daharki,ghotki,Sindh,A,345146,99.9,2.14,0.8,1.34,5.82,1.84,3.98,9.94,3.72,6.22,56.1,17.2,42,393,6,48,1,9,11.1,2026-09
9618217B36535563293418,Mirpur Mathelo,ghotki,Sindh,A,240626,100.0,1.91,0.55,1.36,3.44,1.3,2.14,5.44,2.25,3.19,39.5,0.6,30,208,7,38,2,10,15.6,2026-09
9618217B63149022343759,Khangarh,ghotki,Sindh,A,170649,99.8,2.65,0.81,1.84,9.71,1.89,7.82,15.31,4.2,11.11,83.4,15.2,13,170,1,29,0,7,3.3,2026-09
9618217B53021961386210,Hyderabad,hyderabad,Sindh,A,754621,100.0,0.55,0.37,0.18,1.02,0.78,0.24,1.62,1.29,0.33,4.2,0.0,145,465,39,96,14,32,28.9,2026-09
9618217B85288636963898,Latifabad,hyderabad,Sindh,A,1605761,100.0,0.55,0.43,0.12,0.71,0.69,0.02,0.94,0.93,0.01,5.0,1.0,87,154,37,53,20,31,41.1,2026-09
9618217B89933783783343,Qasimabad,hyderabad,Sindh,A,19051,100.0,0.92,0.66,0.26,1.89,1.36,0.53,2.41,1.98,0.43,0.0,0.0,3,3,2,1,0,1,66.7,2026-09
9618217B19185229055328,Garhi Khairo,jacobabad,Sindh,A,187930,93.6,2.19,0.73,1.46,4.67,2.51,2.16,8.67,3.73,4.94,45.2,8.6,49,286,6,36,3,13,14.3,2026-09
9618217B45730721811496,Thul,jacobabad,Sindh,A,565333,99.3,1.61,0.67,0.94,3.53,1.72,1.81,6.47,3.17,3.3,28.0,3.4,124,559,28,89,7,19,23.9,2026-09
9618217B94384438441971,Jacobabad,jacobabad,Sindh,A,424109,98.3,1.51,0.59,0.92,2.6,1.75,0.85,4.19,2.34,1.85,25.7,6.8,54,284,19,40,6,13,32.2,2026-09
9618217B45415360281153,Thano Bula Khan,jamshoro,Sindh,A,168642,99.9,13.2,2.18,11.02,18.52,5.07,13.45,20.27,8.53,11.74,90.8,50.7,9,119,3,29,2,7,9.4,2026-09
9618217B57194515605983,Manjand,jamshoro,Sindh,A,171108,100.0,2.36,1.26,1.1,5.0,2.67,2.33,12.78,3.84,8.94,50.1,24.1,40,126,8,24,1,10,25.0,2026-09
9618217B87538747541891,Kotri,jamshoro,Sindh,A,328666,100.0,1.14,0.75,0.39,1.93,1.37,0.56,2.25,2.01,0.24,19.1,12.3,47,92,15,25,6,7,37.5,2026-09
9618217B91266058223820,Sehwan,jamshoro,Sindh,A,276357,100.0,1.37,0.81,0.56,2.88,1.68,1.2,4.37,2.65,1.72,27.9,19.0,68,249,14,57,5,13,19.7,2026-09
9618217B23821866860121,Nasirabad,kambar shahdadkot,Sindh,A,226408,100.0,1.24,0.63,0.61,2.41,1.5,0.91,3.98,2.19,1.79,8.1,0.0,42,165,11,31,2,9,26.2,2026-09
9618217B27710866346662,Miro Khan,kambar shahdadkot,Sindh,A,140500,100.0,1.63,0.72,0.91,2.75,1.56,1.19,4.45,2.92,1.53,21.9,5.2,29,129,8,22,2,6,26.7,2026-09
9618217B29537584943692,Warah,kambar shahdadkot,Sindh,A,238405,100.0,1.3,0.74,0.56,2.89,1.64,1.25,3.96,2.78,1.18,26.2,11.6,57,183,14,31,4,8,31.1,2026-09
9618217B35051011521012,Sijawal Junejo,kambar shahdadkot,Sindh,A,147320,100.0,1.61,0.64,0.97,4.69,1.84,2.85,8.18,3.25,4.93,42.8,1.8,28,151,3,22,0,6,12.0,2026-09
9618217B39832154978161,Qubo Saeed Khan,kambar shahdadkot,Sindh,A,72862,97.1,3.44,0.87,2.57,7.67,2.96,4.71,8.08,6.33,1.75,74.8,29.0,20,146,2,12,1,2,14.3,2026-09
9618217B51536377015215,Kambar Ali Khan,kambar shahdadkot,Sindh,A,427451,100.0,1.52,0.79,0.73,3.59,1.94,1.65,5.68,2.95,2.73,37.2,25.7,63,256,16,45,3,11,26.2,2026-09
9618217B53525514114395,Shahdad Kot,kambar shahdadkot,Sindh,A,204323,98.8,1.13,0.5,0.63,2.43,1.35,1.08,3.56,1.77,1.79,26.6,5.7,32,151,4,26,2,6,13.3,2026-09
9618217B10928152590242,Korangi Creek Cantonment,karachi,Sindh,A,161996,97.4,0.98,0.5,0.48,1.13,0.95,0.18,1.54,0.95,0.59,0.0,0.0,2,6,2,3,1,3,40.0,2026-09
9618217B15353511562764,Clifton Cantonment,karachi,Sindh,A,788093,72.8,1.19,1.08,0.11,1.19,1.23,-0.04,1.19,1.7,-0.51,0.0,0.0,1,5,1,1,1,0,50.0,2026-09
9618217B18146394864332,Orangi Town,karachi,Sindh,A,278326,100.0,0.62,0.34,0.28,0.86,0.58,0.28,1.17,0.84,0.33,0.0,0.0,18,79,8,24,5,14,25.0,2026-09
9618217B23633640265691,Shah Faisal Town,karachi,Sindh,A,153676,100.0,0.52,0.38,0.14,0.58,0.38,0.2,0.58,0.48,0.1,0.0,0.0,16,38,11,18,9,10,37.9,2026-09
9618217B27836216786447,Site Town,karachi,Sindh,A,709236,100.0,0.64,0.3,0.34,1.13,0.59,0.54,1.17,0.61,0.56,0.0,0.0,12,44,6,16,2,12,27.3,2026-09
9618217B3059727908268,Malir Cantonment,karachi,Sindh,A,209014,100.0,1.47,1.13,0.34,1.71,1.43,0.28,2.24,1.47,0.77,0.0,0.0,8,18,4,6,2,4,40.0,2026-09
9618217B32801209797118,Landhi Town,karachi,Sindh,A,468136,100.0,0.63,0.29,0.34,0.76,0.37,0.39,1.02,0.41,0.61,0.0,0.0,25,63,12,24,7,18,33.3,2026-09
9618217B32835633358061,Liaqatabad Town,karachi,Sindh,A,613583,100.0,0.37,0.31,0.06,0.37,0.37,0.0,0.37,0.37,0.0,0.0,0.0,35,66,18,29,17,20,38.3,2026-09
9618217B33191916593922,Malir,karachi,Sindh,A,275845,100.0,0.34,0.28,0.06,0.45,0.28,0.17,0.55,0.59,-0.04,0.0,0.0,19,55,14,23,8,17,37.8,2026-09
9618217B41060752255967,Faisal Cantonment,karachi,Sindh,A,654466,100.0,1.33,0.78,0.55,1.54,0.91,0.63,1.54,1.04,0.5,0.0,0.0,4,9,2,3,2,2,40.0,2026-09
9618217B4743832450258,Korangi Town,karachi,Sindh,A,867219,100.0,0.84,0.54,0.3,1.21,0.85,0.36,1.47,0.87,0.6,0.0,0.0,18,54,8,22,7,16,26.7,2026-09
9618217B49298824887871,Gulberg Town,karachi,Sindh,A,820411,100.0,0.39,0.35,0.04,0.39,0.44,-0.05,0.39,0.49,-0.1,0.0,0.0,17,48,14,17,12,13,45.2,2026-09
9618217B49959130600238,Saddar Town,karachi,Sindh,A,986796,97.7,0.61,0.56,0.05,0.61,0.62,-0.01,0.66,0.82,-0.16,0.0,0.0,22,44,16,25,14,18,39.0,2026-09
9618217B68188288692229,Jamshed Town,karachi,Sindh,A,841365,100.0,0.31,0.46,-0.15,0.38,0.48,-0.1,0.38,0.54,-0.16,0.0,0.0,32,57,26,28,23,20,48.1,2026-09
9618217B68715976569755,N.Nazimabad Town,karachi,Sindh,A,667378,100.0,0.68,0.47,0.21,0.68,0.51,0.17,0.68,0.53,0.15,0.0,0.0,14,34,10,13,8,9,43.5,2026-09
9618217B71654380557394,Baldia Town,karachi,Sindh,A,300107,100.0,0.72,0.37,0.35,1.1,0.51,0.59,1.42,0.77,0.65,0.0,0.0,16,50,4,18,2,9,18.2,2026-09
9618217B74562422953001,Gadap Town,karachi,Sindh,A,1705806,99.9,1.83,0.86,0.97,2.15,1.43,0.72,2.71,1.96,0.75,16.7,6.5,75,322,31,61,12,28,33.7,2026-09
9618217B80151254256120,Gulshan E Iqbal Town,karachi,Sindh,A,1342895,100.0,1.06,0.67,0.39,1.15,0.99,0.16,1.16,1.07,0.09,0.0,0.0,18,48,11,21,8,13,34.4,2026-09
9618217B80577698749666,Kiamari Town,karachi,Sindh,A,1237562,98.0,1.48,0.84,0.64,1.69,1.16,0.53,1.69,1.31,0.38,17.9,6.7,13,73,5,19,5,13,20.8,2026-09
9618217B81288119698045,Bin Qasim Town,karachi,Sindh,A,503268,98.6,1.68,0.98,0.7,2.2,1.51,0.69,3.43,1.7,1.73,25.1,11.8,20,110,11,30,3,17,26.8,2026-09
9618217B81972657940854,Lyari Town,karachi,Sindh,A,252056,100.0,0.25,0.18,0.07,0.3,0.18,0.12,0.3,0.25,0.05,0.0,0.0,25,50,15,28,11,17,34.9,2026-09
9618217B85691850097760,Karachi Cantonment,karachi,Sindh,A,227518,100.0,0.51,0.4,0.11,0.58,0.6,-0.02,0.58,0.6,-0.02,0.0,0.0,3,7,1,2,1,2,33.3,2026-09
9618217B94506415006873,New Karachi Town,karachi,Sindh,A,880040,100.0,0.55,0.33,0.22,0.56,0.4,0.16,0.58,0.42,0.16,0.0,0.0,39,74,13,27,10,18,32.5,2026-09
9618217B15678878518625,Kandhkot,kashmore,Sindh,A,319674,100.0,1.68,0.68,1.0,3.01,1.51,1.5,4.42,2.35,2.07,30.5,10.8,49,233,8,37,4,11,17.8,2026-09
9618217B20201553846238,Kashmore,kashmore,Sindh,A,388754,93.6,1.78,0.63,1.15,3.59,1.39,2.2,7.87,3.21,4.66,33.9,5.7,70,496,14,78,3,14,15.2,2026-09
9618217B6098151019348,Tangwani,kashmore,Sindh,A,284831,99.4,1.75,0.56,1.19,4.21,1.55,2.66,5.53,2.2,3.33,41.0,2.3,77,445,11,57,3,20,16.2,2026-09
9618217B14625320962806,Mirwah,khairpur,Sindh,A,373364,100.0,1.09,0.51,0.58,2.74,1.3,1.44,5.28,2.12,3.16,21.6,0.4,142,528,18,74,4,26,19.6,2026-09
9618217B20409854578986,Sobho Dero,khairpur,Sindh,A,288517,100.0,1.29,0.59,0.7,2.43,1.29,1.14,3.38,2.09,1.29,10.6,4.3,50,212,10,40,4,13,20.0,2026-09
9618217B41613201463126,Faiz Ganj,khairpur,Sindh,A,232090,100.0,1.33,0.6,0.73,2.61,1.73,0.88,5.39,2.93,2.46,16.9,10.2,76,302,18,39,4,10,31.6,2026-09
9618217B45979968015680,Nara,khairpur,Sindh,A,154060,99.3,14.07,5.93,8.14,18.45,8.56,9.89,32.68,13.91,18.77,80.7,64.1,45,298,9,36,1,13,20.0,2026-09
9618217B55753153064418,Gambat,khairpur,Sindh,A,194461,100.0,1.5,0.59,0.91,3.03,1.51,1.52,7.72,2.57,5.15,28.4,3.5,34,215,9,38,1,12,19.1,2026-09
9618217B61566753463089,Khairpur,khairpur,Sindh,A,524554,100.0,0.9,0.47,0.43,1.48,0.94,0.54,1.8,1.49,0.31,2.7,0.0,82,317,34,69,16,19,33.0,2026-09
9618217B63818850525327,Kingri,khairpur,Sindh,A,334234,100.0,1.32,0.55,0.77,2.26,1.22,1.04,3.26,2.05,1.21,12.8,4.2,56,297,20,59,7,20,25.3,2026-09
9618217B93488749817642,Sukkur,khairpur,Sindh,A,111531,100.0,1.63,0.74,0.89,2.27,1.58,0.69,2.31,2.03,0.28,15.7,0.4,4,20,2,5,1,2,28.6,2026-09
9618217B94972393484147,Kot Diji,khairpur,Sindh,A,374905,100.0,1.16,0.49,0.67,2.47,1.29,1.18,3.83,1.86,1.97,7.3,0.0,89,387,19,49,5,23,27.9,2026-09
9618217B19893044532303,Ratodero,larkana,Sindh,A,364203,100.0,1.08,0.52,0.56,1.81,1.19,0.62,2.73,1.85,0.88,9.0,0.7,73,309,18,59,8,17,23.4,2026-09
9618217B45151576893474,Dokri,larkana,Sindh,A,271177,100.0,1.39,0.65,0.74,1.97,1.19,0.78,3.59,2.23,1.36,10.2,0.7,39,164,13,41,3,10,24.1,2026-09
9618217B49297858238659,Larkana,larkana,Sindh,A,727475,100.0,0.73,0.41,0.32,1.18,0.86,0.32,2.18,1.63,0.55,4.4,1.0,98,312,43,79,14,23,35.2,2026-09
9618217B93929930107410,Bakrani Taluks,larkana,Sindh,A,235635,100.0,1.12,0.66,0.46,2.31,1.34,0.97,3.79,2.38,1.41,14.1,1.2,56,144,9,31,3,8,22.5,2026-09
9618217B1054056292153,Saeedabad,matiari,Sindh,A,156042,100.0,1.22,0.58,0.64,2.22,1.13,1.09,3.8,1.99,1.81,9.5,0.8,54,205,12,49,3,14,19.7,2026-09
9618217B17233619866679,Hala,matiari,Sindh,A,217797,100.0,1.22,0.74,0.48,2.75,1.86,0.89,2.9,2.28,0.62,21.3,7.2,42,127,9,24,7,10,27.3,2026-09
9618217B46709671156622,Matiari,matiari,Sindh,A,406341,100.0,1.48,0.58,0.9,3.09,1.43,1.66,3.87,2.25,1.62,21.5,0.1,55,365,13,64,7,19,16.9,2026-09
9618217B29212550094263,Sindhri,mirpurkhas,Sindh,A,163652,100.0,1.86,0.74,1.12,3.45,1.69,1.76,4.84,2.44,2.4,23.9,0.0,36,223,9,32,4,13,22.0,2026-09
9618217B31440526169514,Jhudo,mirpurkhas,Sindh,A,197979,100.0,1.61,0.64,0.97,3.76,1.91,1.85,5.12,3.19,1.93,32.4,1.0,48,258,10,33,3,8,23.3,2026-09
9618217B35389385843798,Kot Ghulam Muhammad,mirpurkhas,Sindh,A,282329,100.0,1.68,0.69,0.99,3.33,1.61,1.72,5.99,3.24,2.75,29.4,0.4,61,325,12,60,3,16,16.7,2026-09
9618217B41760593982752,Digri,mirpurkhas,Sindh,A,277686,100.0,1.33,0.68,0.65,2.87,1.53,1.34,4.38,2.8,1.58,21.1,0.0,79,295,20,47,7,12,29.9,2026-09
9618217B77511770733400,Mirpurkhas,mirpurkhas,Sindh,A,472397,100.0,0.87,0.46,0.41,1.5,1.03,0.47,2.32,1.5,0.82,7.3,0.1,81,264,24,58,10,27,29.3,2026-09
9618217B93086233155793,Hussain Bux Mari,mirpurkhas,Sindh,A,119820,100.0,1.82,0.75,1.07,3.22,2.18,1.04,4.76,3.8,0.96,22.2,1.0,17,106,6,14,2,3,30.0,2026-09
9618217B49576506361166,Moro,naushehro feroze,Sindh,A,413332,100.0,1.36,0.54,0.82,2.57,1.17,1.4,4.13,2.61,1.52,21.9,2.0,76,368,19,75,5,14,20.2,2026-09
9618217B49652450587085,Mehrabpur,naushehro feroze,Sindh,A,307222,100.0,1.21,0.54,0.67,2.62,1.24,1.38,4.25,2.25,2.0,12.5,0.0,62,285,14,56,4,16,20.0,2026-09
9618217B6102619181419,Kandiaro,naushehro feroze,Sindh,A,294654,100.0,1.49,0.55,0.94,3.25,1.22,2.03,6.31,2.93,3.38,23.7,3.9,47,307,9,59,2,9,13.2,2026-09
9618217B62868670592132,Bhiria,naushehro feroze,Sindh,A,290488,100.0,1.15,0.5,0.65,2.17,1.19,0.98,3.57,2.34,1.23,3.7,0.0,60,298,18,52,4,11,25.7,2026-09
9618217B86325725755711,Naushahro Feroze,naushehro feroze,Sindh,A,414809,100.0,1.3,0.5,0.8,2.61,1.22,1.39,3.95,2.43,1.52,10.3,1.0,70,504,17,73,4,12,18.9,2026-09
9618217B32309047499961,Mirpur Bathoro,sajawal,Sindh,A,236604,100.0,2.02,0.66,1.36,5.21,2.37,2.84,7.69,3.52,4.17,51.7,4.8,51,408,7,22,3,8,24.1,2026-09
9618217B32691002366666,Jati,sajawal,Sindh,A,195891,100.0,5.01,1.4,3.61,10.5,5.56,4.94,13.51,7.2,6.31,84.0,56.0,26,242,3,14,1,4,17.6,2026-09
9618217B34108592330182,Shah Bunder,sajawal,Sindh,A,164209,99.4,6.72,2.14,4.58,10.53,5.37,5.16,23.07,12.11,10.96,73.2,53.3,12,144,5,17,1,7,22.7,2026-09
9618217B62953404341439,Kharo Chan,sajawal,Sindh,A,40325,100.0,8.62,2.7,5.92,17.7,5.15,12.55,50.76,7.28,43.48,100.0,51.3,1,19,0,2,0,1,0.0,2026-09
9618217B63801206412538,Sujawal,sajawal,Sindh,A,205188,100.0,2.07,0.76,1.31,5.32,2.62,2.7,8.14,4.01,4.13,53.0,9.8,43,264,7,21,2,8,25.0,2026-09
9618217B1648155290969,Sinjhoro,sanghar,Sindh,A,315056,100.0,1.55,0.63,0.92,2.57,1.69,0.88,3.96,2.73,1.23,16.8,1.4,74,361,21,44,7,14,32.3,2026-09
9618217B2465642186397,Tando Adam,sanghar,Sindh,A,372144,100.0,1.29,0.51,0.78,2.69,1.22,1.47,2.84,2.07,0.77,20.3,0.0,54,240,15,45,6,11,25.0,2026-09
9618217B28490473893674,Jam Nawaz Ali,sanghar,Sindh,A,143161,100.0,2.72,0.74,1.98,4.47,2.03,2.44,11.55,4.33,7.22,38.7,1.0,15,161,4,26,0,6,13.3,2026-09
9618217B44887302893578,Khipro,sanghar,Sindh,A,434443,100.0,3.22,1.08,2.14,7.04,3.2,3.84,9.11,4.15,4.96,66.9,30.4,55,533,8,55,5,19,12.7,2026-09
9618217B55526375185371,Shahdadpur,sanghar,Sindh,A,481539,100.0,1.28,0.46,0.82,3.3,1.4,1.9,5.2,2.66,2.54,30.1,0.0,83,545,17,66,3,14,20.5,2026-09
9618217B60302584409093,Sanghar,sanghar,Sindh,A,422081,100.0,3.13,0.83,2.3,5.18,2.4,2.78,12.01,3.64,8.37,51.1,15.0,54,421,18,56,3,18,24.3,2026-09
9618217B26544840461255,Sakrand,shaheed benazirabad,Sindh,A,423548,100.0,1.02,0.55,0.47,2.49,1.35,1.14,3.66,2.01,1.65,18.2,2.0,133,450,21,59,10,23,26.2,2026-09
9618217B40348494401559,Nawabshah,shaheed benazirabad,Sindh,A,357208,100.0,0.98,0.48,0.5,2.11,0.92,1.19,3.4,1.88,1.52,13.7,0.0,93,349,30,72,13,21,29.4,2026-09
9618217B68332779082048,Daur,shaheed benazirabad,Sindh,A,586612,100.0,1.65,0.61,1.04,3.89,1.53,2.36,5.87,3.55,2.32,32.4,4.0,122,812,24,124,9,21,16.2,2026-09
9618217B90267247326285,Kazi Ahmed,shaheed benazirabad,Sindh,A,385360,100.0,1.31,0.6,0.71,3.53,1.63,1.9,5.58,3.19,2.39,30.1,5.0,126,525,14,58,6,15,19.4,2026-09
9618217B27757142897460,Shikarpur,shikarpur,Sindh,A,426440,100.0,1.11,0.51,0.6,1.72,1.15,0.57,2.76,2.06,0.7,17.2,5.2,60,217,26,45,7,12,36.6,2026-09
9618217B46900508177300,Lakhi,shikarpur,Sindh,A,299997,100.0,1.07,0.57,0.5,1.93,1.41,0.52,2.72,2.11,0.61,6.8,0.0,49,215,16,36,6,11,30.8,2026-09
9618217B94411658070571,Khanpur,shikarpur,Sindh,A,316649,100.0,1.91,0.66,1.25,3.89,1.73,2.16,5.71,3.15,2.56,35.9,2.6,29,237,8,35,3,9,18.6,2026-09
9618217B98376452500740,Garhi Yasin,shikarpur,Sindh,A,367899,100.0,1.46,0.67,0.79,3.29,1.7,1.59,4.55,2.92,1.63,24.2,5.0,77,317,16,51,6,15,23.9,2026-09
9618217B29131954662033,Rohri,sukkur,Sindh,A,374378,100.0,1.37,0.56,0.81,2.4,1.2,1.2,2.97,2.15,0.82,25.8,2.0,68,373,30,72,12,26,29.4,2026-09
9618217B49534384212530,Pano Aqil,sukkur,Sindh,A,393275,100.0,1.25,0.63,0.62,2.2,1.4,0.8,3.28,2.13,1.15,19.7,9.1,83,298,20,51,7,17,28.2,2026-09
9618217B63859663087686,Salehpat,sukkur,Sindh,A,94664,100.0,5.37,1.77,3.6,12.03,5.47,6.56,17.32,9.24,8.08,88.3,52.0,13,129,1,17,0,4,5.6,2026-09
9618217B94319031866634,New Sukkur,sukkur,Sindh,A,469261,100.0,0.69,0.5,0.19,0.88,0.88,0.0,1.71,1.49,0.22,5.4,2.7,30,75,16,26,7,4,38.1,2026-09
9618217B32422016451775,Tando Allah Yar,tando allah yar,Sindh,A,344386,100.0,1.17,0.63,0.54,1.94,1.35,0.59,2.96,1.86,1.1,6.5,0.0,45,179,13,40,4,14,24.5,2026-09
9618217B49137359500551,Jhando Mari,tando allah yar,Sindh,A,274486,100.0,1.73,0.73,1.0,3.15,1.54,1.61,3.88,2.23,1.65,23.2,1.9,39,249,10,51,7,21,16.4,2026-09
9618217B78978409820002,Chamber,tando allah yar,Sindh,A,181710,100.0,1.63,0.69,0.94,4.03,1.74,2.29,6.49,2.91,3.58,36.9,0.0,45,211,8,33,1,12,19.5,2026-09
9618217B32325848684143,Tando Gulam Hyder,tando muhammad khan,Sindh,A,180062,100.0,1.32,0.58,0.74,2.91,1.8,1.11,4.01,2.82,1.19,21.4,0.0,51,293,8,29,3,9,21.6,2026-09
9618217B55492999245243,Bulri Shah Karim,tando muhammad khan,Sindh,A,321597,100.0,2.32,0.76,1.56,5.8,2.0,3.8,6.55,2.78,3.77,59.6,3.1,35,306,6,40,3,20,13.0,2026-09
9618217B84304552690327,Tando Muhammad Khan,tando muhammad khan,Sindh,A,217263,100.0,1.24,0.52,0.72,2.54,1.21,1.33,3.68,2.09,1.59,16.3,0.0,52,231,10,39,6,14,20.4,2026-09
9618217B1653844923858,Diplo,tharparkar,Sindh,A,254280,99.9,2.94,1.07,1.87,10.91,2.67,8.24,16.76,6.14,10.62,84.4,12.7,101,720,7,94,1,18,6.9,2026-09
9618217B33625885361704,Nagar Parkar,tharparkar,Sindh,A,236264,98.4,3.05,1.3,1.75,9.74,3.03,6.71,60.16,7.49,52.67,77.1,19.0,73,500,10,72,0,11,12.2,2026-09
9618217B62475271488005,Chachro,tharparkar,Sindh,A,561218,98.5,3.47,1.35,2.12,9.65,2.71,6.94,22.08,6.03,16.05,79.9,13.8,166,1076,23,170,2,35,11.9,2026-09
9618217B71775069847333,Mithi,tharparkar,Sindh,A,382718,99.9,3.76,1.29,2.47,11.87,2.69,9.18,19.08,7.23,11.85,86.5,8.8,107,847,12,137,4,23,8.1,2026-09
9618217B1372842276225,Thatta,thatta,Sindh,A,409864,100.0,2.68,1.07,1.61,5.2,2.57,2.63,7.04,4.03,3.01,51.1,25.0,86,413,21,58,10,24,26.6,2026-09
9618217B45821827970586,Keti Bunder,thatta,Sindh,A,43785,98.8,8.47,1.88,6.59,9.08,4.24,4.84,39.25,6.51,32.74,84.8,43.8,2,41,1,4,0,1,20.0,2026-09
9618217B56949362000104,Mirpur Sakro,thatta,Sindh,A,259714,95.1,2.19,1.01,1.18,4.03,2.5,1.53,5.9,3.49,2.41,41.6,15.0,53,254,13,36,7,13,26.5,2026-09
9618217B59607324578491,Ghorabari,thatta,Sindh,A,159096,100.0,4.67,1.3,3.37,8.23,3.43,4.8,13.76,6.02,7.74,80.7,25.3,18,155,4,17,1,6,19.0,2026-09
9618217B67314083220757,Pithoro,umerkot,Sindh,A,129971,100.0,1.73,0.66,1.07,4.13,1.79,2.34,4.85,2.87,1.98,36.4,0.0,53,254,5,31,3,13,13.9,2026-09
9618217B7598168398580,Samaro,umerkot,Sindh,A,178238,100.0,1.85,0.7,1.15,4.1,1.99,2.11,6.53,3.45,3.08,39.5,0.2,35,230,8,31,3,7,20.5,2026-09
9618217B80289626540526,Umer Kot,umerkot,Sindh,A,493902,100.0,1.84,0.73,1.11,3.61,1.79,1.82,5.78,2.82,2.96,35.9,10.8,164,971,35,124,11,40,22.0,2026-09
9618217B8905165567728,Kunri,umerkot,Sindh,A,250648,100.0,1.28,0.7,0.58,4.43,1.54,2.89,5.37,3.2,2.17,44.8,1.5,92,293,11,56,6,11,16.4,2026-09
