region,sector,schools_in_analysis,schools_known_to_exist,source,gps_origin,quality_tier,coverage_note,mapped,schools_pk_region,rows_in_schools_pk,rows_with_coords,rows_in_analysis,release
Balochistan,government,12980,14709,SED Balochistan open-data portal (sed.gob.pk),GPS at source,A,88% of listed schools geolocated,yes,Balochistan,14709,12980,12980,2026-09
Sindh,government,39741,41383,SELD Institution Checker roster (checker.sindheducation.gov.pk) + RSU district GIS pins + positions multilaterated from SELD Distance Checker distances,GPS at source (SELD); 58% confirmed by an RSU pin within 300 m,A,"30 districts and every taluka; functional schools only; 22 without a position; girls' and boys' networks by name designation (GG/GB), the official SEMIS Boys/Girls/Mixed field kept as gender_official",yes,Sindh,41383,41361,39741,2026-09
KP (settled districts),government,27461,27689,KPEMA public school locator (roster + per-school details); JSiMS coordinates kept for primaries,"GPS at source (KPEMA for all non-primary schools and Mardan; JSiMS for 19,120 primaries, median 29 m from KPEMA)",A,25 settled districts incl. Mardan; high schools for all districts; 226 closed or inaccessible excluded; 7 without coordinates,yes,KP (settled),27689,27682,27461,2026-09
Punjab,government,36295,38148,Punjab SIS roster (sis.pesrp.edu.pk) + gazetteer geocoding,geocoded 95%,B-,48% village precision; gap robust to tier choice; levels not publishable,yes,Punjab,38149,36295,36295,2026-09
Gilgit-Baltistan,government,1355,1906,GB EMIS roster (emis.gilgitbaltistan.gov.pk) + gazetteer geocoding,geocoded 94.6%,B,53% village-or-school precision; friction surface invalid so distance only,yes,Gilgit-Baltistan,1890,1788,1355,2026-09
AJK (Mirpur + Kotli),government only (private dropped),763,1367,district exam boards (beemajk.com; ebekotli.dsisajk.net) + gazetteer geocoding,geocoded 58%,C,"2 of 10 AJK districts; exam-board rosters mix public and private, so both columns are GOVERNMENT schools only (1,367 listed, 763 geocoded); the middle-or-above subset is 294",partial,AJK (Mirpur+Kotli),1367,784,763,2026-09
AJK (other 8 districts),,0,4454,none public,none,-,"no public school list; province total 6,012 per E&SE dashboard",no,,,,,2026-09
ex-FATA / merged districts,government,0,6394,KP ASC 2023-24 counts (pp.205/229-230); KPEMA district aggregates,none,-,"6,394 schools: 3,645 boys' / 2,749 girls'; high schools 314 v 108; secondary GPI 0.28 v 0.68 settled; facilities via KPEMA but no locations",no,,,,,2026-09
Islamabad (ICT),federal government only,78,~420,OSM education features (BECS/private excluded),partial directory,C,~1/3 of the FDE network; 28 boys'/50 girls' points; too thin for high-school class,yes,Islamabad (ICT),130,130,78,2026-09
