path,bytes,sha256,datasets,lineage_status
datadarbar/app/data/budget_expenditure_detailed.json,40504,37fc5cc3d1b40e4efb8165c492940a85d188aaed69ca42a68f166e300bfd0770,budget,registered
datadarbar/app/data/budget_receipts_detailed.json,21995,5c1254309b530aff566e53ce80696f74deee3c098a416e3da83a018841fe414c,budget,registered
datadarbar/app/data/census_data.js,1868350,1249a7a949cc99919298900fdfe88950e892c0121f79d7b5a8a57078653a0a57,boundaries|census2017_education|census2017_other|census2017_population|census2023_education|census2023_other|census2023_population|economic_census|hies2024|lfs2020|lfs2024|mics|pdhs|pslm2019,registered
datadarbar/app/data/districts.json,1752458,611e1a2117acd7fb174d68992205ae39b5c2c6ceec1a28892a9a3abd63f8c608,census2017_education|census2017_other|census2017_population|census2023_education|census2023_other|census2023_population|economic_census|hies2024|lfs2020|lfs2024|mics|pdhs|pslm2019,registered
datadarbar/app/data/econ_industry.json,167223,d15f5df28587653a6306c8205bc71dc3a990215c6f2289067509490c06dfe2fe,industry,registered
datadarbar/app/data/econ_structure.json,80870,96e1f9a6c165ca772a0437296bc0b517c2679eab8b97a0b7cd73ebe97483902c,national_accounts,registered
datadarbar/app/data/econ_trade_extra.json,1132120,c5f48119ee0a0c82cab72db5ddf05bd78733f9ff53538b5b587d13526bc59201,trade,registered
datadarbar/app/data/money_data.js,294584,165d6168447ed7109cdd008295063c28ff99478fedc1d9db891be1243a254151,sbp,registered
datadarbar/app/data/mouza_data.js,475390,cd6899ade72b2d55f97566968f85eb2cd5b90298566aa070d31c48813a18141d,mouza2020,registered
datadarbar/app/data/pakistan_districts_province_boundries.geojson,427889,e0800ea3358d3398f8d170ef97479bacbfc5d3f04f5c566d116681a0f7586ccf,boundaries,registered
datadarbar/app/data/pbs_district_indicators.json,338,29c86f9cd7e4bbe37b7b99eb4ac854b03c85ff8232916d8a77f82c6a4f09d5ae,legacy_pbs_payload,registered
datadarbar/app/data/poverty_data.js,1417587,874503670c068f630b19006f75be9145765c12c9be0d62a302c8a1a054d57aa1,health_access|mpi|rwi|school_access|viirs|worldpop,registered
datadarbar/app/data/tehsils_geo.js,623632,478b94f05182e9437dbeda2dfc9b2c073688b0b79bb0c6dd1a2e3df055983f4a,boundaries,registered
datadarbar/app/data/warehouse/budget_lines.parquet,118845,adb2392e777ab7cb037dc2a8575a6b62bdc6853b13674b0480ee9ded86950b9b,budget,registered
datadarbar/app/data/warehouse/catalog.json,139732,327aad8fc17c6e2c96c7f15011b2163ebddde72021818b24a3f1090b22ce1e2b,file_catalog,registered
datadarbar/app/data/warehouse/census_enrolment_5_16_by_sex.parquet,22611,c7447a470cbd4195ac7769af637cce2f81199381ff0241f9175aef3e45d89fb9,school_access,registered
datadarbar/app/data/warehouse/district_indicators.parquet,167771,d0a67134af8addb1c3758910c281d9226fb7c0d53c860bd909294b1fc929b97e,census2017_education|census2017_other|census2017_population|census2023_education|census2023_other|census2023_population|economic_census|hies2024|lfs2020|lfs2024|mics|pdhs|pslm2019,registered
datadarbar/app/data/warehouse/file_catalog.parquet,11910,f68d8224f5a9aa8e57dbc2b6ed8eddaa415518e0980ae1152cc1571b2442ab29,file_catalog,registered
datadarbar/app/data/warehouse/health_access_district.parquet,11793,5afa89b31d1e5a945117d7c067c0129a34cdef876374ab459a0faade9129c949,health_access,registered
datadarbar/app/data/warehouse/health_access_tehsil.parquet,26806,e1456e8be54eab8fa1e35d59accf5951f65c3634ec942d0e66590246b10c678d,health_access,registered
datadarbar/app/data/warehouse/lsm_qim.parquet,3354,c7abeede9abdc1324bbe9a42814bc922dba7901554ffc57787898cbf6959f9fb,industry,registered
datadarbar/app/data/warehouse/lsm_sector_indices.parquet,24087,63cbb7902b743207f2a4f70a2422d9e4100c3859d3a1b51fbaa0d92bf8a9a511,industry,registered
datadarbar/app/data/warehouse/mouza_crosswalk.parquet,17991,d4b99338fd06986e0145606c559b8b9d847b8ac57889fe2984fed1d905f67266,mouza2020,registered
datadarbar/app/data/warehouse/mouza_tehsil.parquet,190122,a205386a9d8b7e6c447ba256729f9f58a9a09b6fdb2bb577d57c01a580a89821,mouza2020,registered
datadarbar/app/data/warehouse/mpi_districts.parquet,9876,811b26767b65ee1a186f15bace8b94d286cf724f11468e7c5404d68a09053d44,mpi,registered
datadarbar/app/data/warehouse/national_accounts.parquet,61883,1c1a4b5ed3b9f4befab912aa479db22d03762d8f399a6b4a61eacf3eb4a015fa,national_accounts,registered
datadarbar/app/data/warehouse/sbp_observations.parquet,994032,cb5d65733d8a4f3aed40ceaaaa865a49712536fd8a4b1c7a5c44156a182862f7,sbp,registered
datadarbar/app/data/warehouse/sbp_series_catalog.parquet,285055,3b580c05b800aefb502b10b6d8b514b090d738920facd667ffe0b5217a37ec2f,sbp,registered
datadarbar/app/data/warehouse/school_access_district.parquet,30428,bd7d3f939861ac8807e6c006fb6de2c8d0ae9840882a32c435eeafc7fc420dd3,school_access,registered
datadarbar/app/data/warehouse/school_access_tehsil.parquet,33340,0d8e4290868e5df068a730f24d45a3007bae1629ee553a17702d43f3d4437721,school_access,registered
datadarbar/app/data/warehouse/school_distance_stats.parquet,22568,138df7ea1e8de347cd9550bf05e6682e5bc21b00d7fb195441afe1a7740d4f30,school_access,registered
datadarbar/app/data/warehouse/school_layer_coverage.parquet,4730,dfa8f31e8c84dbb8d8cabf82f5adf3af35eb2329e56accdf27e20be855a47add,school_registers,registered
datadarbar/app/data/warehouse/school_validation_district.parquet,46945,d66e737e23e37ef1e04636b16e9864e22b1ed401cb64c28f7f92aaca13fc9439,school_access,registered
datadarbar/app/data/warehouse/school_validation_summary.parquet,2130,428cc6ef319b42c7e80012ba99ca30811efae196e06261580b033d180bdfe386,school_access,registered
datadarbar/app/data/warehouse/school_validation_tehsil.parquet,27210,e6ad5eb6eb47cb06afda8bd0ad7467f3cda1f6fe86e58f308c28937937655b1b,school_access,registered
datadarbar/app/data/warehouse/schools_pk.parquet,2990512,fd28745a008ffea77f0539165d6d9b72ba09a9aa9e906046cdbfffb9a39d129a,school_registers,registered
datadarbar/app/data/warehouse/tehsil_nightlights.parquet,16840,971c2a3000f75a7e7b6b6fff49b0c79e90d2c3572dd566ac85f68f047086293f,viirs,registered
datadarbar/app/data/warehouse/tehsil_satellite.parquet,23023,38f6895b18bbfad9168949e4c7ae79f2b49fc5f427fdfb1a0bc460beec3b32f0,rwi|viirs|worldpop,registered
datadarbar/app/data/warehouse/trade_hs8.parquet,10206418,5ef4995d2750019c8e69486a685373ba090d47d235d00b4ddf905d5f1054ae8f,trade,registered
datadarbar/app/assets/js/econ_data.js,2867589,d033debc7eeb746cdbbc6f9b675c8588e840b7888c2d04c316cebde01bef15cf,budget|industry|national_accounts|trade,registered
