dataset_id,observation_period,source_geography,population_covered,source_url,reproducibility_status,blocker,evidence,reuse_conditions,input_paths,transformation_paths,published_or_local_outputs,input_files_found,missing_paths,source_retrieval_date,stage1_membership
boundaries,Reference dates require asset-specific verification,District/tehsil polygons; source units differ,"Geometry, not population",https://www.geoboundaries.org/,assets_available_history_unverified,Modified district boundaries and reference-year provenance need registry; file dates are not boundary dates,workspace boundary attribution files; existing map and crosswalk notes,Original source terms require source-specific review; no blanket redistribution assumption,raw_data/geospatial/boundaries | datadarbar/app/data/pakistan_districts_province_boundries.geojson | datadarbar/app/data/tehsils_geo.js,raw_data/geospatial/boundaries/Mapping Pakistan Districts.ipynb,datadarbar/app/data/pakistan_districts_province_boundries.geojson | datadarbar/app/data/tehsils_geo.js,37,,not_established; inspect individual manifests,inventory_only
budget,2009–10 through 2026–27; older archive inventoried,Document year × printed row × estimate column,Source-specific national economic statistics,https://www.finance.gov.pk/,local_raw_and_generators_present_not_rebuilt,Budget estimate/revised/actual columns must remain distinct; script portability untested,raw manifest; warehouse README; script source,Original source terms require source-specific review; no blanket redistribution assumption,raw_data/budget_documents | data_darbar_warehouse/budget_lines.parquet,data_darbar_warehouse/build/build_budget.py | data_darbar_warehouse/build/build_budget_receipts.py | data_darbar_warehouse/build/build_budget_expenditure.py | datadarbar/etl/build_web_warehouse.py,datadarbar/app/data/warehouse/budget_lines.parquet | datadarbar/app/data/budget_receipts_detailed.json | datadarbar/app/data/budget_expenditure_detailed.json | datadarbar/app/assets/js/econ_data.js,85,,not_established; inspect individual manifests,inventory_only
census2017_education,2017,Published districts/agencies/frontier regions,Population age 5+; all sexes,https://www.pbs.gov.pk/censusarchive/,stage1_offline_pdf_build,Cross-year definition and geographic comparability not certified,2017 table15 manifest and PDFs; original extraction candidates in Census 2017 directory,Original source terms require source-specific review; no blanket redistribution assumption,raw_data/pbs/Census 2017/pbs_2017_table15 | raw_data/pbs/Census 2017/final tables/table15_combined_2017.csv,datadarbar/etl/stage1/build_census.py | datadarbar/etl/build_dataset.py | datadarbar/etl/build_web_warehouse.py,datadarbar/app/data/districts.json | datadarbar/app/data/census_data.js | datadarbar/app/data/warehouse/district_indicators.parquet,137,,not_established; inspect individual manifests,census_build
census2017_other,2017,Published districts/agencies/frontier regions,"Table-specific: age, literacy, residence and employment universes",https://www.pbs.gov.pk/censusarchive/,inventoried_not_rebuilt,Legacy source root is stale; multiple historical extractors; full extraction lineage not executed,build_dataset.py and archived parsers/manifests; tables 5/12/14/16,Original source terms require source-specific review; no blanket redistribution assumption,raw_data/pbs/Census 2017,datadarbar/etl/build_dataset.py | datadarbar/etl/build_web_warehouse.py,datadarbar/app/data/districts.json | datadarbar/app/data/census_data.js | datadarbar/app/data/warehouse/district_indicators.parquet,851,,not_established; inspect individual manifests,inventory_only
census2017_population,2017,Published districts/agencies/frontier regions,All ages; all sexes,https://www.pbs.gov.pk/censusarchive/,stage1_offline_pdf_build,Source-native build is separate from unreviewed legacy geographic aggregation,"2017 table01 manifest, PDFs and build_dataset.py:load_table1",Original source terms require source-specific review; no blanket redistribution assumption,raw_data/pbs/Census 2017/pbs_2017_table01 | raw_data/pbs/Census 2017/final tables/table1_combined_2017.csv,datadarbar/etl/stage1/build_census.py | datadarbar/etl/build_dataset.py | datadarbar/etl/build_web_warehouse.py,datadarbar/app/data/districts.json | datadarbar/app/data/census_data.js | datadarbar/app/data/warehouse/district_indicators.parquet,137,,not_established; inspect individual manifests,census_build
census2023_education,2023,Source districts; provinces and ICT,Age 5+; detailed enumeration; all sexes,https://www.pbs.gov.pk/census/,stage1_offline_pdf_build,Historical Sindh extracts contain errors; source-native corrections are separate from public data; comparability review pending,Official PDFs and retrieval manifest; legacy_extract_comparison.csv; CENSUS_2023_SPLIT_DISTRICTS.md,Original source terms require source-specific review; no blanket redistribution assumption,raw_data/pbs/stage1_sources/2026-09-25-official | raw_data/pbs/Census 2023/census2023_all_tables/table_13 | raw_data/pbs/Census 2023/census2023_all_tables/xlsx | raw_data/pbs/Census 2023/final tables/table13_combined_2023.csv,datadarbar/etl/stage1/build_census.py | datadarbar/etl/rebuild_education_2023.py | datadarbar/etl/build_dataset.py | datadarbar/etl/build_web_warehouse.py,datadarbar/app/data/districts.json | datadarbar/app/data/census_data.js | datadarbar/app/data/warehouse/district_indicators.parquet,43,,2026-09-25 UTC; official PDF capture; exact times in retrieval manifest,census_build
census2023_other,2023,District/tehsil as published; current-map aggregation,Table-specific; school attendance age 5–16 and literacy age 10+,https://www.pbs.gov.pk/census/,inventoried_not_rebuilt,Legacy path portability and upstream extraction require audit,"Census 2023 local tables, parser source, correction note",Original source terms require source-specific review; no blanket redistribution assumption,raw_data/pbs/Census 2023,datadarbar/etl/build_dataset.py | datadarbar/etl/build_web_warehouse.py | datadarbar/etl/census2023_schooling_by_sex.py | datadarbar/etl/inline_districts.py,datadarbar/app/data/districts.json | datadarbar/app/data/census_data.js | datadarbar/app/data/warehouse/district_indicators.parquet,118,,not_established; inspect individual manifests,inventory_only
census2023_population,2023,Source districts; provinces and ICT,"All ages, including headcount-only population",https://www.pbs.gov.pk/census/,stage1_offline_pdf_build,Source geography is not yet a certified longitudinal geography,Official PDFs and retrieval manifest; Table 1 headcount footnote; historical extracts compared,Original source terms require source-specific review; no blanket redistribution assumption,raw_data/pbs/stage1_sources/2026-09-25-official | raw_data/pbs/Census 2023/census2023_all_tables/table_1 | raw_data/pbs/Census 2023/census2023_all_tables/xlsx | raw_data/pbs/Census 2023/final tables/table1_combined_2023.csv,datadarbar/etl/stage1/build_census.py | raw_data/pbs/Census 2023/parse and clean 2023 tables.py | datadarbar/etl/build_dataset.py | datadarbar/etl/build_web_warehouse.py,datadarbar/app/data/districts.json | datadarbar/app/data/census_data.js | datadarbar/app/data/warehouse/district_indicators.parquet,43,,2026-09-25 UTC; official PDF capture; exact times in retrieval manifest,census_build
climate_events,Source-event dates,Event/exposure geography; source-specific,Source-specific administrative/event coverage,See etl/climate_events/README.md,untracked_local_extension_outside_baseline,Not part of pinned public baseline or census prototype; retain separate provenance and tests,"Local pipeline README, source manifests and quality reports",Original source terms require source-specific review; no blanket redistribution assumption,raw_data/climate_events | datadarbar/etl/climate_events,datadarbar/etl/climate_events/*.py,data_darbar_warehouse/climate_events,45,,not_established; inspect individual manifests,inventory_only
economic_census,2023,District,Establishments and workers by activity/type,https://www.pbs.gov.pk/,inventoried_not_rebuilt,Legacy input path and geographic aggregation need audit,build_dataset.py:load_economic_census,Original source terms require source-specific review; no blanket redistribution assumption,raw_data/pbs/Economic Census,datadarbar/etl/build_dataset.py | datadarbar/etl/build_web_warehouse.py,datadarbar/app/data/districts.json | datadarbar/app/data/census_data.js | datadarbar/app/data/warehouse/district_indicators.parquet,15,,not_established; inspect individual manifests,inventory_only
file_catalog,File-specific,One downloaded/catalogued file,Metadata only; presence does not imply parsed data,https://www.pbs.gov.pk/,published_metadata_available,Older catalogue is not a complete project source inventory,WAREHOUSE.md and local manifests,Original source terms require source-specific review; no blanket redistribution assumption,raw_data/budget_documents/manifest.csv | raw_data/national_accounts/manifest.csv | raw_data/trade_data_8digit/manifest.csv | data_darbar_warehouse/file_catalog.parquet,data_darbar_warehouse/build/assemble.py | data_darbar_warehouse/build/finalize.py | datadarbar/etl/build_web_warehouse.py,datadarbar/app/data/warehouse/file_catalog.parquet,4,,not_established; inspect individual manifests,inventory_only
health_access,Motorised 2019; walking and population 2020; release 2026–09,Grid aggregated to district/tehsil,"Modelled access to mapped facilities, not service quality",https://malariaatlas.org/,external_project_dependency,Grid aggregation is upstream in Adaad; geometry rasterisation differs by level,etl/health_access/README.md,Original source terms require source-specific review; no blanket redistribution assumption,raw_data/geospatial/map_atlas | datadarbar/etl/health_access | ../Adaad/data/pk-health-access,../Adaad/data/pk-health-access/build.py | ../Adaad/data/pk-health-access/build_tehsils.py | datadarbar/etl/health_access/build_map_payload.py | datadarbar/etl/build_web_warehouse.py,datadarbar/app/data/poverty_data.js | datadarbar/app/data/warehouse/health_access_district.parquet | datadarbar/app/data/warehouse/health_access_tehsil.parquet,56,,not_established; inspect individual manifests,inventory_only
hies2024,2024–25,Rural district strata; urban pooled divisions,Published district outputs are rural-only; some inferred codes; consumption measures withheld,https://www.pbs.gov.pk/hies/,excluded_from_census_core,Do not infer whole-district coverage; review inferred mappings and recall periods,HIES_CROSSWALK_BUG.md; HIES_DISTRICT_COVERAGE.md,Original source terms require source-specific review; no blanket redistribution assumption,raw_data/pbs/Microdata/HEIS | raw_data/crosswalks/hies2425_pcode_district_crosswalk.csv | datadarbar/etl/hies2425_pcode_district_crosswalk.csv,datadarbar/etl/build_dataset.py | datadarbar/etl/build_web_warehouse.py,datadarbar/app/data/districts.json | datadarbar/app/data/census_data.js | datadarbar/app/data/warehouse/district_indicators.parquet,31,,not_established; inspect individual manifests,inventory_only
industry,Base/year dependent; see source tables,National industry × month/year × base,Source-specific national economic statistics,https://www.pbs.gov.pk/industry-2/,local_raw_and_generators_present_not_rebuilt,Legacy repo script points to obsolete raw root and output location,raw manifest; warehouse README; script source,Original source terms require source-specific review; no blanket redistribution assumption,raw_data/industry_statistics | data_darbar_warehouse/lsm_qim.parquet | data_darbar_warehouse/lsm_sector_indices.parquet,data_darbar_warehouse/build/build_ind.py | data_darbar_warehouse/build/build_industry.py | datadarbar/etl/build_web_warehouse.py,datadarbar/app/data/warehouse/lsm_qim.parquet | datadarbar/app/data/warehouse/lsm_sector_indices.parquet | datadarbar/app/data/econ_industry.json | datadarbar/app/assets/js/econ_data.js,40,,not_established; inspect individual manifests,inventory_only
legacy_pbs_payload,Not yet established,District-like keys,Not certified,,legacy_asset_lineage_unresolved,Producer and active consumer not identified; do not treat as authoritative census input,Tracked app/data asset; requires manual lineage review,Original source terms require source-specific review; no blanket redistribution assumption,datadarbar/app/data/pbs_district_indicators.json,,datadarbar/app/data/pbs_district_indicators.json,1,,not_established; inspect individual manifests,inventory_only
lfs2020,2020–21,Source survey units mapped to districts,Age/sex-specific labour force; district estimates indicative,https://www.pbs.gov.pk/,excluded_from_census_core,"District identification, survey design and weighting need audit",build_dataset.py LFS loaders; README methodology,Original source terms require source-specific review; no blanket redistribution assumption,raw_data/pbs/Microdata/LFS/LFS2020-21*,datadarbar/etl/build_dataset.py | datadarbar/etl/build_web_warehouse.py,datadarbar/app/data/districts.json | datadarbar/app/data/census_data.js | datadarbar/app/data/warehouse/district_indicators.parquet,2,,not_established; inspect individual manifests,inventory_only
lfs2024,2024–25,Source survey units mapped to districts,Age/sex-specific labour force; district estimates indicative,https://www.pbs.gov.pk/,excluded_from_census_core,"District identification, survey design and weighting need audit",build_dataset.py LFS loaders; README methodology,Original source terms require source-specific review; no blanket redistribution assumption,raw_data/pbs/Microdata/LFS/*2024-25*,datadarbar/etl/build_dataset.py | datadarbar/etl/build_web_warehouse.py,datadarbar/app/data/districts.json | datadarbar/app/data/census_data.js | datadarbar/app/data/warehouse/district_indicators.parquet,3,,not_established; inspect individual manifests,inventory_only
ljcp,Source-report years,Court/jurisdiction × period × category,Source-specific administrative/event coverage,https://ljcp.gov.pk/,untracked_local_extension_outside_baseline,Not part of pinned public baseline or census prototype; retain separate provenance and tests,"Local pipeline README, source manifests and quality reports",Original source terms require source-specific review; no blanket redistribution assumption,raw_data/ljcp | datadarbar/etl/ljcp,datadarbar/etl/ljcp/*.py,data_darbar_warehouse/ljcp,1608,,not_established; inspect individual manifests,inventory_only
mics,2016–17 through 2020–21; varies by region,Survey districts,Module-specific women/children/households; AJK published tables,https://mics.unicef.org/,external_project_dependency,Upstream Adaad pipelines and source permissions; mixed survey years,mics_district.py source notes,Original source terms require source-specific review; no blanket redistribution assumption,datadarbar/etl/mics_district_indicators.json | ../Adaad/data/pk-mics-districts,datadarbar/etl/mics_district.py | datadarbar/etl/build_dataset.py | datadarbar/etl/build_web_warehouse.py,datadarbar/app/data/districts.json | datadarbar/app/data/census_data.js | datadarbar/app/data/warehouse/district_indicators.parquet,47,,not_established; inspect individual manifests,inventory_only
mouza2020,2020,PBS tehsil counts of mouzas; mapping to ADM3,Revenue villages; counts are not persons or households,https://mc2020.pbos.gov.pk/,tehsil_extract_available,Upstream scraper outside repo; approximate mapping and denominator rules; mouza-level feasibility is separate,etl/mouza2020/README.md and manual_map.py,Original source terms require source-specific review; no blanket redistribution assumption,datadarbar/etl/mouza2020,datadarbar/etl/mouza2020/build_crosswalk.py | datadarbar/etl/mouza2020/build_payload.py | datadarbar/etl/build_web_warehouse.py,datadarbar/app/data/mouza_data.js | datadarbar/app/data/warehouse/mouza_crosswalk.parquet | datadarbar/app/data/warehouse/mouza_tehsil.parquet,6,,not_established; inspect individual manifests,inventory_only
mpi,2019–20,Survey district,Population-weighted deprivation measures; seven-indicator custom MPI,https://www.pbs.gov.pk/pslm-3/,published_payload_input,Complete raw-microdata-to-MPI bundler not identified in this repository,README poverty methodology and WAREHOUSE.md,Original source terms require source-specific review; no blanket redistribution assumption,raw_data/pbs/Microdata/PSLM 2019-20 | datadarbar/app/data/poverty_data.js,datadarbar/etl/build_web_warehouse.py,datadarbar/app/data/poverty_data.js | datadarbar/app/data/warehouse/mpi_districts.parquet,26,,not_established; inspect individual manifests,inventory_only
national_accounts,1951–52 through 2025–26 by series,National sector × year × basis,Source-specific national economic statistics,https://www.pbs.gov.pk/,local_raw_and_generators_present_not_rebuilt,"Base years, levels, growth and backcasts differ; input-output bundling path needs audit",raw manifest; warehouse README; script source,Original source terms require source-specific review; no blanket redistribution assumption,raw_data/national_accounts | data_darbar_warehouse/national_accounts.parquet,data_darbar_warehouse/build/build_na.py | data_darbar_warehouse/build/build_structure.py | data_darbar_warehouse/build/build_io.py | datadarbar/etl/build_web_warehouse.py,datadarbar/app/data/warehouse/national_accounts.parquet | datadarbar/app/data/econ_structure.json | datadarbar/app/assets/js/econ_data.js,73,,not_established; inspect individual manifests,inventory_only
nepra,2006–07 to 2025 by series,Plant/day/month; DISCO/year; report cells,Published power-system coverage; some networks excluded,https://nepra.org.pk/,local_warehouse_not_public_catalogue,Raw files are in Adaad; full source manifest and external inputs require separate capture,data_darbar_warehouse/NEPRA.md,Original source terms require source-specific review; no blanket redistribution assumption,data_darbar_warehouse/nepra*.parquet | ../Adaad/SOI Reports | ../Adaad/PER | ../Adaad/Detail of Generation | ../Adaad/SOI Data,data_darbar_warehouse/build/build_nepra_*.py,data_darbar_warehouse/nepra*.parquet,11,../Adaad/SOI Reports | ../Adaad/PER | ../Adaad/Detail of Generation | ../Adaad/SOI Data,not_established; inspect individual manifests,inventory_only
pdhs,2017–18,Survey districts; reporting domains differ,Women/children; denominator varies by measure; district cuts indicative,https://www.nips.org.pk/viewpublicdata,cached_derived_input,Raw DHS directory absent in this workspace; authorised-access source; cached output is not a raw-data rebuild,dhs_district.py and README,DHS microdata access/redistribution restrictions; derived releases require appropriate terms,raw_data/pbs/Microdata/DHS 2017-18 | datadarbar/etl/dhs_district_indicators.json,datadarbar/etl/dhs_district.py | datadarbar/etl/build_dataset.py | datadarbar/etl/build_web_warehouse.py,datadarbar/app/data/districts.json | datadarbar/app/data/census_data.js | datadarbar/app/data/warehouse/district_indicators.parquet,1,raw_data/pbs/Microdata/DHS 2017-18,not_established; inspect individual manifests,inventory_only
pslm2019,2019–20,Source survey districts,Household/person/age-specific denominators,https://www.pbs.gov.pk/pslm-3/,inventoried_not_rebuilt,"Conditional Stage 1 extension; definitions, weighting and geography require review",README methodology; build_dataset.py PSLM loaders,Original source terms require source-specific review; no blanket redistribution assumption,raw_data/pbs/Microdata/PSLM 2019-20 | datadarbar/etl/pslm2019_district_fies.csv,datadarbar/etl/build_dataset.py | datadarbar/etl/build_web_warehouse.py | datadarbar/etl/pslm_sex_education.py,datadarbar/app/data/districts.json | datadarbar/app/data/census_data.js | datadarbar/app/data/warehouse/district_indicators.parquet,26,,not_established; inspect individual manifests,inventory_only
regional_police,Source-report years,District/region × year × offence,Source-specific administrative/event coverage,See etl/regional_police/sources.json,untracked_local_extension_outside_baseline,Not part of pinned public baseline or census prototype; retain separate provenance and tests,"Local pipeline README, source manifests and quality reports",Original source terms require source-specific review; no blanket redistribution assumption,raw_data/regional_police | datadarbar/etl/regional_police,datadarbar/etl/regional_police/*.py,data_darbar_warehouse/regional_police,71,,not_established; inspect individual manifests,inventory_only
rwi,2021,Grid/points aggregated to tehsil polygons,Modelled relative wealth; nightlights are an input,https://dataforgood.facebook.com/,raw_asset_and_payload_available,Full source-to-poverty-payload generator not identified in repository,README and warehouse catalogue; VIIRS clip README,Original source terms require source-specific review; no blanket redistribution assumption,raw_data/geospatial/ind_pak_relative_wealth_index.csv,datadarbar/etl/build_web_warehouse.py,datadarbar/app/data/poverty_data.js | datadarbar/app/data/warehouse/tehsil_satellite.parquet,1,,not_established; inspect individual manifests,inventory_only
sbp,Series-specific; selected observations 1947–2026,National series × observation date,Series-specific units/frequencies,https://easydata.sbp.org.pk/,checkpointed_local_warehouse,Original API-response directory and credentials are not a public reproducibility package; no API calls made,data_darbar_warehouse/SBP_EASYDATA.md,Original source terms require source-specific review; no blanket redistribution assumption,data_darbar_warehouse/sbp_state | data_darbar_warehouse/sbp_observations.parquet | data_darbar_warehouse/sbp_series_catalog.parquet,data_darbar_warehouse/build/build_sbp.py | datadarbar/etl/build_money.py | datadarbar/etl/build_web_warehouse.py,datadarbar/app/data/warehouse/sbp_observations.parquet | datadarbar/app/data/warehouse/sbp_series_catalog.parquet | datadarbar/app/data/money_data.js,82,,not_established; inspect individual manifests,inventory_only
school_access,2020 grid; 2023 enrolment; release 2026–09,District/tehsil/region,Covered populations; coverage thresholds; census age 5–16; mouza counts for validation,https://adaad.org/datasets/,frozen_derived_tables_available,"Dependencies include school_registers, worldpop, boundaries, mouza2020 and separate Census 13(b) extraction",etl/schools/README.md; catalogue source metadata,Original source terms require source-specific review; no blanket redistribution assumption,datadarbar/etl/schools | ../Adaad/data/pk-school-access,datadarbar/etl/schools/build_tehsil_access.py | datadarbar/etl/schools/validate_released_layer.py | datadarbar/etl/schools/build_map_payload.py | datadarbar/etl/build_web_warehouse.py,datadarbar/app/data/poverty_data.js | datadarbar/app/data/warehouse/school_access_district.parquet | datadarbar/app/data/warehouse/school_access_tehsil.parquet | datadarbar/app/data/warehouse/school_distance_stats.parquet | datadarbar/app/data/warehouse/school_validation_district.parquet | datadarbar/app/data/warehouse/school_validation_tehsil.parquet | datadarbar/app/data/warehouse/school_validation_summary.parquet | datadarbar/app/data/warehouse/census_enrolment_5_16_by_sex.parquet,353,,not_established; inspect individual manifests,inventory_only
school_registers,Release 2026–09; source vintages vary,School points/register rows,Government-school networks with region and positional-quality exclusions,https://adaad.org/datasets/,external_project_dependency,Original regional harvests and geocoding live in Adaad; preparation steps not rerun,etl/schools/README.md,Original source terms require source-specific review; no blanket redistribution assumption,datadarbar/etl/schools | ../Adaad/data/pk-school-access,datadarbar/etl/schools/build_schools_pk.py | datadarbar/etl/schools/prepare_release.py | datadarbar/etl/build_web_warehouse.py,datadarbar/app/data/warehouse/schools_pk.parquet | datadarbar/app/data/warehouse/school_layer_coverage.parquet,353,,not_established; inspect individual manifests,inventory_only
sindh_fir,Report dates; year-to-date totals,District × reporting date × offence,Source-specific administrative/event coverage,https://sindhpolice.gov.pk/,untracked_local_extension_outside_baseline,Not part of pinned public baseline or census prototype; retain separate provenance and tests,"Local pipeline README, source manifests and quality reports",Original source terms require source-specific review; no blanket redistribution assumption,raw_data/sindh_fir | datadarbar/etl/sindh_fir,datadarbar/etl/sindh_fir/*.py,data_darbar_warehouse/sindh_fir,41,,not_established; inspect individual manifests,inventory_only
sindh_police,Source-report years,District × year × category,Source-specific administrative/event coverage,https://sindhpolice.gov.pk/,untracked_local_extension_outside_baseline,Not part of pinned public baseline or census prototype; retain separate provenance and tests,"Local pipeline README, source manifests and quality reports",Original source terms require source-specific review; no blanket redistribution assumption,raw_data/sindh_police | datadarbar/etl/sindh_police,datadarbar/etl/sindh_police/*.py,data_darbar_warehouse/sindh_police,54,,not_established; inspect individual manifests,inventory_only
trade,Published FY coverage varies; 2015–2025,HS8 × partner × direction × fiscal year,Source-specific national economic statistics,https://www.pbs.gov.pk/external-trade-statistics/,local_raw_and_generators_present_not_rebuilt,Commodity totals and partner rows overlap; historical parsers include temporary paths,raw manifest; warehouse README; script source,Original source terms require source-specific review; no blanket redistribution assumption,raw_data/trade_data_8digit | data_darbar_warehouse/trade_hs8.parquet,data_darbar_warehouse/build/build_trade.py | data_darbar_warehouse/build/build_trade_pdf.py | data_darbar_warehouse/build/build_trade_extra.py | data_darbar_warehouse/build/build_econ.py | data_darbar_warehouse/build/build_econ2.py | datadarbar/etl/build_web_warehouse.py,datadarbar/app/data/warehouse/trade_hs8.parquet | datadarbar/app/data/econ_trade_extra.json | datadarbar/app/assets/js/econ_data.js,109,,not_established; inspect individual manifests,inventory_only
viirs,June 2020–2026,Grid/points aggregated to tehsil polygons,"Monthly June radiance, not an annual mean",https://eogdata.mines.edu/products/vnl/,raw_asset_and_payload_available,Full source-to-poverty-payload generator not identified in repository,README and warehouse catalogue; VIIRS clip README,Original source terms require source-specific review; no blanket redistribution assumption,raw_data/geospatial/viirs_pak_clips,datadarbar/etl/build_web_warehouse.py,datadarbar/app/data/poverty_data.js | datadarbar/app/data/warehouse/tehsil_satellite.parquet | datadarbar/app/data/warehouse/tehsil_nightlights.parquet,8,,not_established; inspect individual manifests,inventory_only
worldpop,2020,Grid/points aggregated to tehsil polygons,UN-adjusted modelled gridded population,https://www.worldpop.org/,raw_asset_and_payload_available,Full source-to-poverty-payload generator not identified in repository,README and warehouse catalogue; VIIRS clip README,Original source terms require source-specific review; no blanket redistribution assumption,raw_data/geospatial/pak_ppp_2020_1km_Aggregated_UNadj.tif,datadarbar/etl/build_web_warehouse.py,datadarbar/app/data/poverty_data.js | datadarbar/app/data/warehouse/tehsil_satellite.parquet,1,,not_established; inspect individual manifests,inventory_only
