table,path,rows,catalog_bytes,actual_bytes,source,unit,notes,dataset_ids,status
budget_lines,datadarbar/app/data/warehouse/budget_lines.parquet,23271,118845,118845,"Finance Division, Budget in Brief (PDF)",Rs million,"Rs million. Each printed row carried 1–4 numeric columns; is_own_year_be = TRUE marks the document's own-year Budget Estimate, which is the only column safe to string into a time series. The low-numbered 'Budget at a Glance' tables extract noisily and item wording drifts between years — match with ILIKE and sanity-check.",budget,registered
census_enrolment_5_16_by_sex,datadarbar/app/data/warehouse/census_enrolment_5_16_by_sex.parquet,130,22611,22611,"PBS Population and Housing Census 2023, district Table 13(b), via github.com/fahad-mirza/pakistan_census_2023_tables",persons; per cent,"Successor districts are summed into their 2017 parents (constituents lists them), so rates are on the same frame as school_access_district; 130 rows. *_in_school_pct = enrolled ÷ population aged 5–16. *_never and *_out_of_school follow PBS's definitions (never attended; never attended plus dropped out). This is the age-matched outcome the piece uses; Table 12's all-ages complement runs about 0.7 points higher.",school_access,registered
district_indicators,datadarbar/app/data/warehouse/district_indicators.parquet,45748,167771,167771,"PBS Census 2017 & 2023, PSLM 2019-20, LFS 2020-21/2024-25, HIES 2024-25, PDHS 2017-18",see columns/notes,"Long format so heterogeneous sources share one table. Filter `kind = 'indicator'` for the measures themselves; kind='quality' rows carry the sample size and small-n flag for the same prefix, and kind='provenance' rows record borrowed estimates. Survey groups suppress cells with n<30 upstream, so an absent row can mean 'suppressed' as well as 'not collected'. DOUBLE-COUNTING TRAP: where a district was split after Census 2017 (see the *_boundary_change provenance rows) both halves carry the SAME 2017 figure for the combined pre-split area, so summing a 2017 count across all districts overstates the total. Filter those rows out, or sum the 2023 year instead.",census2017_education|census2017_other|census2017_population|census2023_education|census2023_other|census2023_population|economic_census|hies2024|lfs2020|lfs2024|mics|pdhs|pslm2019,registered
file_catalog,datadarbar/app/data/warehouse/file_catalog.parquet,322,11910,11910,"PBS, Finance Division",see columns/notes,parsed_into_db = FALSE means the file is catalogued but its contents are not in any table here (mostly scanned PDFs). Use this to check coverage before concluding data is missing.,file_catalog,registered
health_access_district,datadarbar/app/data/warehouse/health_access_district.parquet,147,11793,11793,"Malaria Atlas Project accessibility surfaces (Weiss et al. 2020, Nature Medicine 26: motorised 2019, walking-only 2020), clipped to Pakistan; WorldPop 2020 UN-adjusted 1 km population; Data Darbar boundaries. Built for Adaad's September 2026 issue.",minutes; per cent,"Travel time is MODELLED: the cost of crossing each 1 km cell on the friction surface, summed along the least-cost path to the nearest mapped health facility. The facility set behind the surfaces is OpenStreetMap and Google Maps hospitals and clinics, public and private together, with no information on staffing, opening hours or quality — so this measures geographic access to a mapped point, not to a working service. Motorised assumes a vehicle is available; walking-only assumes none. Population weights are WorldPop 2020, which puts Gilgit-Baltistan at about 1.1 million against 1.7 million in the 2023 census, so the north's headcounts are understated. Thresholds are strictly greater than 30, 60 or 120 minutes. *_popw_median is the population-weighted median (the piece's headline measure: 22 minutes motorised, 128 walking nationally); *_median the unweighted median of cells. Shares were fractions in the piece's file and are per cent here. Join mpi_districts on district_key for the poverty gradient (Spearman 0.76 between MPI and motorised time; the poorest MPI quintile is 47 minutes from care motorised against 5 for the least poor). The seven ex-FATA merged districts are Khyber Pakhtunkhwa and carry merged_district = 1.",health_access,registered
health_access_tehsil,datadarbar/app/data/warehouse/health_access_tehsil.parquet,553,26806,26806,"Malaria Atlas Project accessibility surfaces (Weiss et al. 2020, Nature Medicine 26: motorised 2019, walking-only 2020), clipped to Pakistan; WorldPop 2020 UN-adjusted 1 km population; Data Darbar boundaries. Built for Adaad's September 2026 issue.",minutes; per cent,"Travel time is MODELLED: the cost of crossing each 1 km cell on the friction surface, summed along the least-cost path to the nearest mapped health facility. The facility set behind the surfaces is OpenStreetMap and Google Maps hospitals and clinics, public and private together, with no information on staffing, opening hours or quality — so this measures geographic access to a mapped point, not to a working service. Motorised assumes a vehicle is available; walking-only assumes none. Population weights are WorldPop 2020, which puts Gilgit-Baltistan at about 1.1 million against 1.7 million in the 2023 census, so the north's headcounts are understated. Thresholds are strictly greater than 30, 60 or 120 minutes. mot_/wal_ = motorised / walking-only surface; *_mean is the unweighted mean of valid cells, *_popw_mean the population-weighted mean; *_pct_pop_gtN the share of people more than N minutes away. Manora Cantonment has no valid cells: its blanks are missing estimates, not zero. The tehsil grid holds 1,175,119 cells and 219.6 million people, 4,671 cells fewer than the district build because the two boundary files rasterise differently, so tehsil rows do not recombine exactly to health_access_district (22.10 v 22.13 minutes nationally). The seven ex-FATA merged districts are Khyber Pakhtunkhwa and carry merged_district = 1. This is the table the map's Health → Travel Time to Care (tehsil) layer draws.",health_access,registered
lsm_qim,datadarbar/app/data/warehouse/lsm_qim.parquet,119,3354,3354,PBS Quantum Index of Manufacturing,see columns/notes,Index; mom/yoy/cum_chg are percentages.,industry,registered
lsm_sector_indices,datadarbar/app/data/warehouse/lsm_sector_indices.parquet,6685,24087,24087,PBS LSM / Census of Manufacturing Industries,see columns/notes,weight is the sector's share in the index (per the stated base year).,industry,registered
mouza_crosswalk,datadarbar/app/data/warehouse/mouza_crosswalk.parquet,595,17991,17991,PBS Mouza Census 2020 frame × geoBoundaries PAK ADM3,see columns/notes,"MANY-TO-ONE by design: PBS enumerates 595 tehsils against the boundary file's 553, because it carries sub-tehsils created after the polygons were drawn. Since every Mouza Census figure is a count of mouzas, summing several PBS tehsils into one polygon is the correct operation — group by tehsil_id and sum before taking any share. match records how each row was resolved: exact_name, variant (same place spelled differently), contained, fuzzy, only_tehsil_in_district, parent (a sub-tehsil folded into the unit it was carved from), and approx (no polygon exists for the area, so it was placed in a neighbour — treat those tehsils' placement as a judgement call). All 48,738 mouzas are assigned. The 10 unresolved rows all have zero mouzas.",mouza2020,registered
mouza_tehsil,datadarbar/app/data/warehouse/mouza_tehsil.parquet,595,190122,190122,PBS Mouza Census 2020 (mc2020.pbos.gov.pk),see columns/notes,"Every column is a COUNT OF MOUZAS (revenue villages), never of people or households — a mouza of 12,000 and a mouza of 300 each count once. PBS publishes numerators without a denominator, and its own indicator blocks disagree about how many mouzas answered: only 33 of the 544 enumerated tehsils give a single consistent base, and blocks can differ by up to 181. Take each block's own row sum as its base rather than TotalMauzaCount. Existance/NotExistance pairs are exclusive; drinking water, health facility type, fuel, street surface and media are multiple response, so they can sum past the base. The frame is rural — cities are not revenue villages — but mouzas that urbanise stay in it (4.9% urban, 2.4% partly urban). 51 tehsils return all zeros: AJK and GB were not enumerated, nor were Mand and Tump in Kech or Kallag in Panjgur. Join to the ADM3 geography through mouza_crosswalk. Column names keep PBS's own casing and spelling; DuckDB matches them case-insensitively.",mouza2020,registered
mpi_districts,datadarbar/app/data/warehouse/mpi_districts.parquet,141,9876,9876,"PSLM/HIES 2019-20 microdata (PBS), Alkire-Foster method",see columns/notes,M0 = H × A. Censored headcounts c_* are the share of people who are both poor and deprived in that indicator (%). low_n=1 marks districts whose sample is too small to be reliable — filter them out for rankings.,mpi,registered
national_accounts,datadarbar/app/data/warehouse/national_accounts.parquet,10526,61883,61883,PBS National Accounts annual tables (2015-16 base),see columns/notes,"Units vary BY TABLE: levels are Rs million (tables 2–5, 8–11), growth rates and shares are percentages (tables 6, 7a/b). Always read table_name before aggregating. Item labels on the Macro/Main-Aggregate sheets are best-effort.",national_accounts,registered
sbp_observations,datadarbar/app/data/warehouse/sbp_observations.parquet,306875,994032,994032,"State Bank of Pakistan, EasyData API (easydata.sbp.org.pk)",see columns/notes,"One row per series × date. UNITS ARE PER-SERIES — join to sbp_series_catalog and read `unit` before summing anything, because this table mixes rupees, dollars, percentages and index levels in one `value` column. value IS NULL where SBP suppressed or has not published the figure and `status` says which ('Normal', 'Missing value', …) — a NULL is not a zero. Frequencies are mixed, so filter on the catalogue's `frequency` before resampling or averaging across series. DOUBLE-COUNTING TRAP (country-wise remittances, TS_GP_BOP_WR_M): the country series are hierarchical, so summing them all overstates the total by ~42% (FY2024-25: 54,384 vs the published 38,299 Mn USD). 'U.A.E.' already contains Dubai, Abu Dhabi, Sharjah and 'Other four U.A.E.'s States'; 'Other GCC Countries excluding Saudi Arabia & U.A.E.' already contains Bahrain, Kuwait, Oman and Qatar; 'ten European Countries' already contains Belgium, Denmark, France, Germany, Greece, Ireland, Italy, Netherland, Spain and Sweden — Norway and Switzerland are reported separately. The partition that reconciles exactly to the published total is: Saudi Arabia, U.A.E., U.K., U.S.A., Other GCC, ten European Countries, Norway, Switzerland, Australia, Canada, Japan, Malaysia, South Africa, South Korea, Other Countries. The same shape applies to province-wise banking (TS_GP_BAM_ADVDEP_HY), where 'all Pakistan' is the total of the regional series.",sbp,registered
sbp_series_catalog,datadarbar/app/data/warehouse/sbp_series_catalog.parquet,22974,285055,285055,"State Bank of Pakistan, EasyData API (easydata.sbp.org.pk)",see columns/notes,"One row per series — browse this first, then join to sbp_observations on series_key. DATE CONVENTION: observations are stamped on the LAST day of their period, and annual series on the last day of the FISCAL year, so FY2023-24 appears as 2024-06-30. Not every annual series is fiscal though — population and literacy are calendar years. `available_upto` is SBP's own claim and several datasets are stale (province-wise banking stops at Jun-2023), so check it before presenting a series as current.",sbp,registered
school_access_district,datadarbar/app/data/warehouse/school_access_district.parquet,132,30428,30428,Adaad school layer (schools_pk) × WorldPop 2020 × Malaria Atlas friction surface; PBS Census 2023 Table 13(b); PSLM 2019-20,"km, walking minutes, per cent","all_km, boys_km, girls_km are POPULATION-WEIGHTED MEDIAN straight-line distances (Lambert conformal conic, km) from every populated 1 km cell to the nearest school of that network; *_min are walking minutes on the Malaria Atlas friction surface. gap_km = girls_km − boys_km (positive = girls further). Networks are by name designation; for Sindh the same medians under the attendance and girls-or-mixed definitions are in girls_km_attend / girls_km_mixed (the designation gap of 0.8 km falls to zero under attendance). tt_caveat flags districts where the friction surface is unreliable (GB) or mountain/desert cells make minutes an upper bound. *_in_school_pct_5_16 are Census 2023 Table 13(b) enrolment rates (enrolled / population aged 5–16) with successor districts summed into parents, so 123 of the 132 rows carry them. living_standards_deprivation_pslm is the (censored) MPI component; material_deprivation_pslm is an uncensored index from PSLM 2019-20 (no toilet, no flush, no piped water, food insecurity). *_n_schools count schools whose POINT falls in the district polygon (the basis of the piece's Figure 1); schools_listed / _with_coords / _in_analysis count rows by the SOURCE's district. The two bases differ where geocoded points cross a boundary. Distances depend on the whole network, not the district's own schools, so a district with few schools can still be close to the next district's.",school_access,registered
school_access_tehsil,datadarbar/app/data/warehouse/school_access_tehsil.parquet,498,33340,33340,Adaad school layer (schools_pk) × WorldPop 2020 × Data Darbar ADM3 polygons,"km, per cent","The tehsil version of school_access_district, by the same method: population-weighted median straight-line km (Lambert conformal conic, 1 km WorldPop 2020 cells) to the nearest school of that sex and level in the cell's own REGION network — a tehsil's residents can use the next tehsil's schools, so its distance is not a function of its own school count. gap_*_km = girls − boys (positive = girls further). *_over5km_pct is the population share more than 5 km away. *_schools count schools whose point falls in the polygon. coverage_pct is the share of the polygon's population that lay inside the analysed region; rows under 50% (slivers of the merged districts and of AJK's other districts inside a neighbouring district polygon) are dropped, so 498 tehsils carry data and 55 do not. The 553 polygons are the Mouza Census ADM3 frame (mouza_crosswalk.dd_id) rather than PBS's 2023 tehsils. Read coord_tier before comparing across provinces: Punjab's positions are geocoded (half at settlement precision, the rest at markaz or tehsil centroids), so Punjab tehsil values are a district-scale picture, not a local one. Sindh networks are by name designation; the designated gap is an upper bound (see school_access_district's mixed and attendance columns). This is the table the map's Education → Distance to School layer draws.",school_access,registered
school_distance_stats,datadarbar/app/data/warehouse/school_distance_stats.parquet,832,22568,22568,Adaad school layer × WorldPop 2020,"km, population shares","One row per geography × sex × level. geography_type = 'region' rows are the seven analysis regions; 'district' rows carry district_key. mean_km and median_km are population-weighted over 1 km cells; share_over_2km/5km/10km are population shares beyond that straight-line distance. network_schools is the size of the REGION's network for that sex and level — the same number repeats on every district row of a region, because a district's residents can use the next district's schools. Per-district school counts are in school_access_district. tier and sector repeat the coverage ledger's grade and the 'government schools only' scope.",school_access,registered
school_layer_coverage,datadarbar/app/data/warehouse/school_layer_coverage.parquet,9,4730,4730,"Adaad, coverage ledger of the school layer, September 2026",see columns/notes,"schools_known_to_exist is the department's own count (roster or annual census); schools_in_analysis is what the piece used; rows_in_schools_pk / rows_with_coords / rows_in_analysis are the same counts read back from the released table, so any difference is visible here (Sindh: 39,745 functional positioned schools, 39,741 with a sex designation). Two rows carry no positions at all: the ex-FATA merged districts (6,394 schools per KP's annual census, no public locations) and eight of AJK's ten districts (no public list). Islamabad's ~420 is the size of the federal network, not a roster count. quality_tier grades positional quality, not completeness: Punjab is 95% geocoded but only half of it at settlement precision.",school_registers,registered
school_validation_district,datadarbar/app/data/warehouse/school_validation_district.parquet,147,46945,46945,PBS Mouza Census 2020 microdata (Form-11 Part IV) × schools_pk × school_distance_stats,see columns/notes,"The Mouza Census asked every rural mouza whether an institution for boys and one for girls exists at each level and, if not, how far the nearest is. It is sector-blind and counts villages, so it cannot audit the layer line by line; it puts a FLOOR under the count (a village with one has at least one) and gives an INDEPENDENT distance. ratio_* = schools in the layer ÷ mouzas reporting an institution of that sex and level: well under 1 means schools are missing or misclassified; above 1 is expected. The floor test is diagnostic only where private and co-educational provision is scarce — at primary level in Punjab a low ratio is private schools, and in Sindh 'girls undercounted relative to boys' fires by construction because designated boys' schools include the Mixed majority. status = 'absent from harvest' marks the 15 mouza districts the layer does not cover (7 merged districts, 8 AJK). village_* columns are means and medians of the villages' reported km; model_* are the layer's population-weighted medians and shares; *_gap_* are girls minus boys. Compare ranks and signs, not levels: village distances are unweighted, by road, any sector. Run on the released table (in_analysis rows), so these figures describe schools_pk, not the raw registers.",school_access,registered
school_validation_summary,datadarbar/app/data/warehouse/school_validation_summary.parquet,18,2130,2130,PBS Mouza Census 2020 microdata × school_distance_stats,see columns/notes,"Spearman rank correlations across matched districts between the layer's population-weighted median distance to the nearest girls' school and the villages' reported distance (rank_corr_level_girls), between the two shares beyond 5 km (rank_corr_share5_girls), and between the two girls-minus-boys gaps (rank_corr_gap); sign_agree_gap is the share of districts where both sources agree on the SIGN of the gap. Read it as a scorecard: the ordering of districts by how far girls are from school is confirmed (0.65–0.77 nationally at middle and high level); the ordering by the SIZE of the gap is confirmed at primary and middle and only weakly at high level (Balochistan 0.05); the sign of Punjab's gap is not supported (0.31–0.57), because both sources put it within a kilometre of zero. GB has seven districts — treat its rows as indicative.",school_access,registered
school_validation_tehsil,datadarbar/app/data/warehouse/school_validation_tehsil.parquet,403,27210,27210,PBS Mouza Census 2020 microdata × schools_pk,see columns/notes,"Locates holes inside districts. 'absent from harvest' here is mostly a NAME mismatch rather than a hole: PBS enumerates sub-tehsils the registers do not carry (88 of Balochistan's 139), and the Karachi sub-divisions do not exist in the SELD roster. Sindh matches 104 of its 110 rural talukas. Read flags with the same caveats as school_validation_district, and with min_m = 5 mouzas rather than 10.",school_access,registered
schools_pk,datadarbar/app/data/warehouse/schools_pk.parquet,125317,2990512,2990512,"Provincial school registers: SED Balochistan open-data portal; Sindh SELD Institution Checker and Distance Checker with RSU district GIS pins; KP Education Monitoring Authority school locator and the JSiMS mirror of KP EMIS; Punjab School Information System; GB EMIS; Mirpur and Kotli exam boards; OpenStreetMap for Islamabad. Compiled for Adaad, September 2026.",see columns/notes,"READ coord_method AND coord_precision BEFORE USING lat/lng. Only 82,000 of the 121,000 positioned rows are school-level fixes (GPS at source in Balochistan and KP, RSU pins or positions multilaterated from SELD checker distances in Sindh); 20,000 Punjab, GB and AJK rows sit at the named SETTLEMENT, 8,000 Punjab rows at the MARKAZ (school-cluster) centroid and 9,800 Punjab rows at the TEHSIL centroid — those last two are useless for anything finer than a district. coord_tier is the region's overall grade from the coverage ledger (A to C). in_analysis marks the 118,673 rows that entered Adaad's distance analysis; analysis_note says why the rest did not (no position, closed, sex not stated, not government). gender is the school's name DESIGNATION (GG/GB, Boys/Girls); in Sindh most designated boys' schools are officially Mixed and enrol girls — gender_official carries SEMIS's Boys/Girls/Mixed field and boys_/girls_enrolled the roster's enrolment, so the girls' network can be redefined by attendance. level is the source's own label and level_std collapses it to primary/middle/high; middle_plus and high_plus are the analysis's classes. Coverage: settled KP only (the seven ex-FATA merged districts have no public locations), two of AJK's ten districts, 78 federal schools in Islamabad; see school_layer_coverage. district_key is the source's district mapped to Data Darbar's 147-district frame (successor districts folded into their parent); district_key_boundary is the polygon the point falls in, which is what per-district counts in the piece use — they differ for 3,500 rows. Every position in this table is either published by a provincial education department (Balochistan, KP, and Sindh's pins), solved from distances the Sindh department's own public distance checker returns, or geocoded from a settlement name in a public roster. The table adds nothing a department has not put online: no staff names, no contact details. Released under CC BY 4.0 as a compilation; the underlying records remain the departments'.",school_registers,registered
tehsil_nightlights,datadarbar/app/data/warehouse/tehsil_nightlights.parquet,3864,16840,16840,NOAA VIIRS DNB monthly composites,see columns/notes,One row per tehsil × year. Population-weighted mean radiance. Tehsils flagged nl_lowc in tehsil_satellite sit near the sensor's noise floor — their year-on-year movements are mostly noise.,viirs,registered
tehsil_satellite,datadarbar/app/data/warehouse/tehsil_satellite.parquet,553,23023,23023,"Meta/Data for Good RWI, WorldPop 2020, NOAA VIIRS DNB monthly composites",see columns/notes,"RWI is Meta's Relative Wealth Index — note it USES night-time lights as one of its own inputs, so rwi and the light columns are NOT independent measurements; a correlation between them is partly mechanical. Lights are June VIIRS radiance, population-weighted. The full year-by-year series is in tehsil_nightlights.",rwi|viirs|worldpop,registered
trade_hs8,datadarbar/app/data/warehouse/trade_hs8.parquet,1134442,10206418,10206418,PBS External Trade Statistics (annual fixed-width TXT + D-10 workbooks),thousand Rs,"Values are THOUSAND rupees. fy_* are full fiscal-year (Jul–Jun) cumulative figures; month_* are June alone. country IS NULL marks the commodity total row — country rows sum to it, so filter one or the other or you will double-count. Years missing here exist only as PDFs upstream (see file_catalog).",trade,registered
